"categoria","file","riga","testo"
"callout-note","chapters/appendix/a00_glossary.qmd",12,"::: {.callout-note}"
"callout-tip","chapters/appendix/a00_glossary.qmd",308,"::: {.callout-tip}"
"callout-note","chapters/appendix/a40_troubleshooting.qmd",3,"::: {.callout-note}"
"callout-note","chapters/appendix/a40_troubleshooting.qmd",381,"::: {.callout-note}"
"callout-note","chapters/appendix/a40_troubleshooting.qmd",812,"::: {.callout-note}"
"callout-tip","chapters/appendix/a40_troubleshooting.qmd",26,"::: {.callout-tip}"
"callout-tip","chapters/appendix/a40_troubleshooting.qmd",181,"::: {.callout-tip}"
"callout-tip","chapters/appendix/a40_troubleshooting.qmd",284,"::: {.callout-tip}"
"callout-tip","chapters/appendix/a40_troubleshooting.qmd",419,"::: {.callout-tip}"
"callout-tip","chapters/appendix/a40_troubleshooting.qmd",505,"::: {.callout-tip}"
"callout-tip","chapters/appendix/a40_troubleshooting.qmd",648,"::: {.callout-tip}"
"callout-tip","chapters/appendix/a40_troubleshooting.qmd",827,"::: {.callout-tip}"
"callout-important","chapters/appendix/a40_troubleshooting.qmd",727,"::: {.callout-important}"
"callout-warning","chapters/appendix/a40_troubleshooting.qmd",91,"::: {.callout-warning}"
"callout-warning","chapters/appendix/a40_troubleshooting.qmd",245,"::: {.callout-warning}"
"callout-warning","chapters/appendix/a40_troubleshooting.qmd",342,"::: {.callout-warning}"
"callout-warning","chapters/appendix/a40_troubleshooting.qmd",477,"::: {.callout-warning}"
"callout-warning","chapters/appendix/a40_troubleshooting.qmd",539,"::: {.callout-warning}"
"callout-warning","chapters/appendix/a40_troubleshooting.qmd",692,"::: {.callout-warning}"
"titolo-numerato-a-mano","chapters/appendix/a40_troubleshooting.qmd",761,"### 1. Ambiente"
"titolo-numerato-a-mano","chapters/appendix/a40_troubleshooting.qmd",769,"### 2. File e dati"
"titolo-numerato-a-mano","chapters/appendix/a40_troubleshooting.qmd",777,"### 3. Modello Stan"
"titolo-numerato-a-mano","chapters/appendix/a40_troubleshooting.qmd",785,"### 4. Sampling"
"titolo-numerato-a-mano","chapters/appendix/a40_troubleshooting.qmd",793,"### 5. Modello e interpretazione"
"callout-note","chapters/appendix/a41_install_cmdstan.qmd",37,"::: {.callout-note}"
"callout-note","chapters/appendix/a41_install_cmdstan.qmd",151,"::: {.callout-note title=""Cosa significa `cores = 2`?""}"
"callout-tip","chapters/appendix/a41_install_cmdstan.qmd",3,"::: {.callout-tip title=""Non preoccuparti!""}"
"callout-tip","chapters/appendix/a41_install_cmdstan.qmd",241,"::: {.callout-tip tite=""Suggerimento""}"
"callout-warning","chapters/appendix/a41_install_cmdstan.qmd",124,"::: {.callout-warning title=""Se ricevi un errore""}"
"articolo-elidato","chapters/appendix/a42_cmdstanr_intro.qmd",28,"Prima di procedere, è necessario installare CmdStan seguendo le istruzioni riportate nell'@sec-apx-install-cmd"
"articolo-elidato","chapters/appendix/a43_stan_lang.qmd",29,"In questo libro utilizziamo `cmdstanr`, che offre il miglior equilibrio tra controllo e semplicità. Per l'inst"
"callout-note","chapters/appendix/a44_stan_diagnostics.qmd",13,"::: {.callout-note title=""Riepilogo delle soglie diagnostiche""}"
"callout-note","chapters/appendix/a44_stan_diagnostics.qmd",519,"::: {.callout-note title=""Checklist diagnostica""}"
"callout-note","chapters/appendix/a44_stan_diagnostics.qmd",545,"::: {.callout-note collapse=""true"" title=""Informazioni sull'ambiente di sviluppo""}"
"callout-tip","chapters/appendix/a44_stan_diagnostics.qmd",227,"::: {.callout-tip title=""Soglia pratica""}"
"callout-tip","chapters/appendix/a44_stan_diagnostics.qmd",363,"::: {.callout-tip title=""Criterio pratico""}"
"callout-warning","chapters/appendix/a44_stan_diagnostics.qmd",399,"::: {.callout-warning title=""Importante""}"
"callout-caution","chapters/appendix/a44_stan_diagnostics.qmd",23,"::: {.callout-caution collapse=""true"" title=""Preparazione del notebook""}"
"sessionInfo","chapters/appendix/a44_stan_diagnostics.qmd",548,"sessionInfo()"
"callout-note","chapters/appendix/a45_stan_prior-predictive.qmd",536,"::: {.callout-note title=""Workflow per i prior predictive checks""}"
"callout-note","chapters/appendix/a45_stan_prior-predictive.qmd",565,"::: {.callout-note collapse=""true"" title=""Informazioni sull'ambiente di sviluppo""}"
"callout-tip","chapters/appendix/a45_stan_prior-predictive.qmd",5,"::: {.callout-tip title=""Domanda chiave""}"
"callout-warning","chapters/appendix/a45_stan_prior-predictive.qmd",424,"::: {.callout-warning title=""Attenzione""}"
"callout-caution","chapters/appendix/a45_stan_prior-predictive.qmd",15,"::: {.callout-caution collapse=""true"" title=""Preparazione del notebook""}"
"titolo-numerato-a-mano","chapters/appendix/a45_stan_prior-predictive.qmd",500,"### 1. Lavorare sulla scala appropriata"
"titolo-numerato-a-mano","chapters/appendix/a45_stan_prior-predictive.qmd",505,"### 2. *Prior* per i coefficienti ($\beta$)"
"titolo-numerato-a-mano","chapters/appendix/a45_stan_prior-predictive.qmd",513,"### 3. *Prior* per l'intercetta ($\alpha$)"
"titolo-numerato-a-mano","chapters/appendix/a45_stan_prior-predictive.qmd",518,"### 4. *Prior* per la dispersione ($\sigma$)"
"titolo-numerato-a-mano","chapters/appendix/a45_stan_prior-predictive.qmd",523,"### 5. Scale non lineari (logit, log)"
"titolo-numerato-a-mano","chapters/appendix/a45_stan_prior-predictive.qmd",528,"### 6. Documentare il processo"
"sessionInfo","chapters/appendix/a45_stan_prior-predictive.qmd",568,"sessionInfo()"
"callout-note","chapters/appendix/a46_stan_posterior_predictive.qmd",94,"::: {.callout-note title=""Il parametro prior_only""}"
"callout-note","chapters/appendix/a46_stan_posterior_predictive.qmd",362,"::: {.callout-note title=""Workflow per i PPC""}"
"callout-note","chapters/appendix/a46_stan_posterior_predictive.qmd",381,"::: {.callout-note collapse=""true"" title=""Informazioni sull'ambiente di sviluppo""}"
"callout-tip","chapters/appendix/a46_stan_posterior_predictive.qmd",9,"::: {.callout-tip title=""Domanda chiave""}"
"callout-caution","chapters/appendix/a46_stan_posterior_predictive.qmd",13,"::: {.callout-caution collapse=""true"" title=""Preparazione del notebook""}"
"titolo-numerato-a-mano","chapters/appendix/a46_stan_posterior_predictive.qmd",264,"### 1. Distribuzioni a priori inadeguate"
"titolo-numerato-a-mano","chapters/appendix/a46_stan_posterior_predictive.qmd",270,"### 2. Specificazione impropria della verosimiglianza"
"titolo-numerato-a-mano","chapters/appendix/a46_stan_posterior_predictive.qmd",280,"### 3. Struttura del modello incompleta"
"titolo-numerato-a-mano","chapters/appendix/a46_stan_posterior_predictive.qmd",290,"### 4. Parametri di dispersione fissati in modo errato"
"sessionInfo","chapters/appendix/a46_stan_posterior_predictive.qmd",384,"sessionInfo()"
"callout-note","chapters/appendix/a51_matrix_algebra.qmd",3,"::: {.callout-note appearance=""minimal""}"
"callout-note","chapters/appendix/a52_reglin_frequentist.qmd",3,"::: {.callout-note appearance=""minimal""}"
"callout-note","chapters/appendix/a52_reglin_frequentist.qmd",164,"::: {.callout-note title=""Nota sui Dati"" collapse=""true""}"
"callout-note","chapters/appendix/a52_reglin_frequentist.qmd",329,"::: {.callout-note collapse=true title=""Esempio in R""}"
"callout-note","chapters/appendix/a52_reglin_frequentist.qmd",508,"::: {.callout-note collapse=true title=""Esempio in R""}"
"callout-note","chapters/appendix/a52_reglin_frequentist.qmd",570,"::: {.callout-note collapse=true title=""Esempio in R""}"
"callout-note","chapters/appendix/a52_reglin_frequentist.qmd",631,"::: {.callout-note collapse=true title=""Esempio in R""}"
"callout-note","chapters/appendix/a52_reglin_frequentist.qmd",760,"::: {.callout-note collapse=true title=""Esempio in R""}"
"callout-note","chapters/appendix/a52_reglin_frequentist.qmd",850,"::: {.callout-note collapse=true title=""Informazioni sull'ambiente di sviluppo""}"
"callout-tip","chapters/appendix/a52_reglin_frequentist.qmd",23,"::: {.callout-tip collapse=true}"
"callout-caution","chapters/appendix/a52_reglin_frequentist.qmd",32,"::: {.callout-caution collapse=true title=""Preparazione del notebook""}"
"articolo-elidato","chapters/appendix/a52_reglin_frequentist.qmd",48,"[^funlin]: Per un ripasso sulla *funzione* lineare, si veda l'@sec-apx-lin-func."
"sessionInfo","chapters/appendix/a52_reglin_frequentist.qmd",852,"sessionInfo()"
"articolo-elidato","chapters/appendix/a53_regression_likelihood.qmd",3,"Questa appendice illustra, passo dopo passo, come si ottiene l'@eq-log-likelihood-simple-regression a partire "
"callout-note","chapters/appendix/a54_errore_misurazione_varianza_metodo.qmd",138,"::: {.callout-note collapse=true title=""Programma Stan per il modello con errore di misurazione""}"
"callout-note","chapters/appendix/a54_errore_misurazione_varianza_metodo.qmd",393,"::: {.callout-note collapse=true title=""Programma Stan per il modello tratto–metodo""}"
"callout-note","chapters/appendix/a54_errore_misurazione_varianza_metodo.qmd",615,"::: {.callout-note collapse=true title=""Informazioni sull'ambiente di sviluppo""}"
"callout-tip","chapters/appendix/a54_errore_misurazione_varianza_metodo.qmd",7,"::: {.callout-tip collapse=true title=""Prerequisiti""}"
"callout-caution","chapters/appendix/a54_errore_misurazione_varianza_metodo.qmd",11,"::: {.callout-caution collapse=true title=""Preparazione del notebook""}"
"titolo-numerato-a-mano","chapters/appendix/a54_errore_misurazione_varianza_metodo.qmd",587,"### 1. Intensità dell'attenuazione"
"titolo-numerato-a-mano","chapters/appendix/a54_errore_misurazione_varianza_metodo.qmd",591,"### 2. Incertezza sull'errore assunto"
"titolo-numerato-a-mano","chapters/appendix/a54_errore_misurazione_varianza_metodo.qmd",595,"### 3. Errore nell'outcome"
"titolo-numerato-a-mano","chapters/appendix/a54_errore_misurazione_varianza_metodo.qmd",599,"### 4. Metodo condiviso"
"titolo-numerato-a-mano","chapters/appendix/a54_errore_misurazione_varianza_metodo.qmd",603,"### 5. Identificazione"
"sessionInfo","chapters/appendix/a54_errore_misurazione_varianza_metodo.qmd",618,"sessionInfo()"
"callout-note","chapters/appendix/a60_bayesian_workflow_checklist.qmd",3,"::: {.callout-note}"
"callout-note","chapters/appendix/a60_bayesian_workflow_checklist.qmd",235,"::: {.callout-note}"
"callout-tip","chapters/appendix/a60_bayesian_workflow_checklist.qmd",51,"::: {.callout-tip}"
"callout-tip","chapters/appendix/a60_bayesian_workflow_checklist.qmd",136,"::: {.callout-tip}"
"callout-important","chapters/appendix/a60_bayesian_workflow_checklist.qmd",305,"::: {.callout-important}"
"callout-warning","chapters/appendix/a60_bayesian_workflow_checklist.qmd",94,"::: {.callout-warning}"
"callout-warning","chapters/appendix/a60_bayesian_workflow_checklist.qmd",195,"::: {.callout-warning}"
"titolo-numerato-a-mano","chapters/appendix/a60_bayesian_workflow_checklist.qmd",38,"## 1. Chiarire la domanda scientifica"
"titolo-numerato-a-mano","chapters/appendix/a60_bayesian_workflow_checklist.qmd",57,"## 2. Capire dati, disegno e misure"
"titolo-numerato-a-mano","chapters/appendix/a60_bayesian_workflow_checklist.qmd",79,"## 3. Specificare il modello generativo"
"titolo-numerato-a-mano","chapters/appendix/a60_bayesian_workflow_checklist.qmd",100,"## 4. Scegliere prior motivate"
"titolo-numerato-a-mano","chapters/appendix/a60_bayesian_workflow_checklist.qmd",122,"## 5. Eseguire il prior predictive check"
"titolo-numerato-a-mano","chapters/appendix/a60_bayesian_workflow_checklist.qmd",142,"## 6. Stimare il modello"
"titolo-numerato-a-mano","chapters/appendix/a60_bayesian_workflow_checklist.qmd",161,"## 7. Riassumere la posterior"
"titolo-numerato-a-mano","chapters/appendix/a60_bayesian_workflow_checklist.qmd",181,"## 8. Eseguire il posterior predictive check"
"titolo-numerato-a-mano","chapters/appendix/a60_bayesian_workflow_checklist.qmd",201,"## 9. Valutare sensibilità e robustezza"
"titolo-numerato-a-mano","chapters/appendix/a60_bayesian_workflow_checklist.qmd",221,"## 10. Confrontare modelli, quando serve"
"titolo-numerato-a-mano","chapters/appendix/a60_bayesian_workflow_checklist.qmd",241,"## 11. Documentare le iterazioni"
"titolo-numerato-a-mano","chapters/appendix/a60_bayesian_workflow_checklist.qmd",263,"## 12. Comunicare i risultati"
"titolo-numerato-a-mano","chapters/appendix/a60_bayesian_workflow_checklist.qmd",290,"## 13. Riproducibilità e integrità"
"titolo-numerato-a-mano","chapters/appendix/a60_bayesian_workflow_checklist.qmd",311,"## 14. Checklist compatta per il report finale"
"callout-note","chapters/applicazione/_intro_sec_applications.qmd",3,"::: {.callout-note appearance=""minimal""}"
"callout-tip","chapters/applicazione/_intro_sec_applications.qmd",57,"::: {.callout-tip title=""Percorsi possibili""}"
"callout-note","chapters/applicazione/01_dalla_descrizione_alla_spiegazione.qmd",3,"::: {.callout-note appearance=""minimal""}"
"callout-note","chapters/applicazione/01_dalla_descrizione_alla_spiegazione.qmd",86,"::: {.callout-note title=""Anatomia minima di un modello del processo""}"
"callout-note","chapters/applicazione/01_dalla_descrizione_alla_spiegazione.qmd",255,"::: {.callout-note title=""La logica della Parte""}"
"callout-note","chapters/applicazione/01_dalla_descrizione_alla_spiegazione.qmd",304,"::: {.callout-note collapse=true title=""Soluzione commentata""}"
"callout-note","chapters/applicazione/01_dalla_descrizione_alla_spiegazione.qmd",329,"::: {.callout-note collapse=true title=""Soluzione commentata""}"
"callout-note","chapters/applicazione/01_dalla_descrizione_alla_spiegazione.qmd",349,"::: {.callout-note collapse=true title=""Soluzione commentata""}"
"callout-note","chapters/applicazione/01_dalla_descrizione_alla_spiegazione.qmd",367,"::: {.callout-note collapse=true title=""Soluzione commentata""}"
"callout-tip","chapters/applicazione/01_dalla_descrizione_alla_spiegazione.qmd",19,"::: {.callout-tip collapse=true title=""Prerequisiti""}"
"callout-tip","chapters/applicazione/01_dalla_descrizione_alla_spiegazione.qmd",300,"::: {.callout-tip collapse=true title=""Suggerimento""}"
"callout-tip","chapters/applicazione/01_dalla_descrizione_alla_spiegazione.qmd",325,"::: {.callout-tip collapse=true title=""Suggerimento""}"
"callout-tip","chapters/applicazione/01_dalla_descrizione_alla_spiegazione.qmd",345,"::: {.callout-tip collapse=true title=""Suggerimento""}"
"callout-tip","chapters/applicazione/01_dalla_descrizione_alla_spiegazione.qmd",363,"::: {.callout-tip collapse=true title=""Suggerimento""}"
"callout-important","chapters/applicazione/01_dalla_descrizione_alla_spiegazione.qmd",9,"::: {.callout-important appearance=""minimal"" .chapter-status}"
"callout-important","chapters/applicazione/01_dalla_descrizione_alla_spiegazione.qmd",37,"::: {.callout-important title=""Il messaggio della Parte""}"
"callout-important","chapters/applicazione/01_dalla_descrizione_alla_spiegazione.qmd",179,"::: {.callout-important title=""Una lezione sul disegno""}"
"callout-warning","chapters/applicazione/01_dalla_descrizione_alla_spiegazione.qmd",155,"::: {.callout-warning title=""Il nome del parametro non è evidenza""}"
"callout-caution","chapters/applicazione/01_dalla_descrizione_alla_spiegazione.qmd",220,"::: {.callout-caution title=""Precisione condizionata""}"
"callout-caution","chapters/applicazione/01_dalla_descrizione_alla_spiegazione.qmd",266,"::: {.callout-caution}"
"titolo-numerato-a-mano","chapters/applicazione/01_dalla_descrizione_alla_spiegazione.qmd",291,"### 1. Comprendere: quattro domande diverse {.unnumbered .unlisted}"
"titolo-numerato-a-mano","chapters/applicazione/01_dalla_descrizione_alla_spiegazione.qmd",313,"### 2. Prevedere: modelli osservazionalmente simili {.unnumbered .unlisted}"
"titolo-numerato-a-mano","chapters/applicazione/01_dalla_descrizione_alla_spiegazione.qmd",333,"### 3. Progettare: rendere eseguibile una spiegazione {.unnumbered .unlisted}"
"titolo-numerato-a-mano","chapters/applicazione/01_dalla_descrizione_alla_spiegazione.qmd",355,"### 4. Criticare e comunicare: che cosa dimostra un buon modello? {.unnumbered .unlisted}"
"callout-note","chapters/applicazione/02_costruire_modello_dinamico.qmd",3,"::: {.callout-note appearance=""minimal""}"
"callout-note","chapters/applicazione/02_costruire_modello_dinamico.qmd",117,"::: {.callout-note collapse=true title=""Approfondimento computazionale: il simulatore e i tre scenari""}"
"callout-note","chapters/applicazione/02_costruire_modello_dinamico.qmd",218,"::: {.callout-note title=""Simulare significa dedurre conseguenze""}"
"callout-note","chapters/applicazione/02_costruire_modello_dinamico.qmd",288,"::: {.callout-note collapse=true title=""Approfondimento computazionale: caricamento e controllo dei dati""}"
"callout-note","chapters/applicazione/02_costruire_modello_dinamico.qmd",370,"::: {.callout-note collapse=true title=""Approfondimento computazionale: campionamento dai prior""}"
"callout-note","chapters/applicazione/02_costruire_modello_dinamico.qmd",421,"::: {.callout-note collapse=true title=""Approfondimento computazionale: tradurre la ricorsione in Stan""}"
"callout-note","chapters/applicazione/02_costruire_modello_dinamico.qmd",541,"::: {.callout-note collapse=true title=""Approfondimento computazionale: estrarre le traiettorie posteriori""}"
"callout-note","chapters/applicazione/02_costruire_modello_dinamico.qmd",679,"::: {.callout-note collapse=true title=""Soluzione commentata""}"
"callout-note","chapters/applicazione/02_costruire_modello_dinamico.qmd",699,"::: {.callout-note collapse=true title=""Soluzione commentata""}"
"callout-note","chapters/applicazione/02_costruire_modello_dinamico.qmd",715,"::: {.callout-note collapse=true title=""Soluzione commentata""}"
"callout-note","chapters/applicazione/02_costruire_modello_dinamico.qmd",731,"::: {.callout-note collapse=true title=""Soluzione commentata""}"
"callout-note","chapters/applicazione/02_costruire_modello_dinamico.qmd",737,"::: {.callout-note collapse=true title=""Informazioni sull'ambiente di sviluppo""}"
"callout-tip","chapters/applicazione/02_costruire_modello_dinamico.qmd",19,"::: {.callout-tip collapse=true title=""Prerequisiti""}"
"callout-tip","chapters/applicazione/02_costruire_modello_dinamico.qmd",583,"::: {.callout-tip collapse=true title=""Approfondimento computazionale: recuperare parametri noti""}"
"callout-tip","chapters/applicazione/02_costruire_modello_dinamico.qmd",675,"::: {.callout-tip collapse=true title=""Suggerimento""}"
"callout-tip","chapters/applicazione/02_costruire_modello_dinamico.qmd",695,"::: {.callout-tip collapse=true title=""Suggerimento""}"
"callout-tip","chapters/applicazione/02_costruire_modello_dinamico.qmd",711,"::: {.callout-tip collapse=true title=""Suggerimento""}"
"callout-tip","chapters/applicazione/02_costruire_modello_dinamico.qmd",727,"::: {.callout-tip collapse=true title=""Suggerimento""}"
"callout-important","chapters/applicazione/02_costruire_modello_dinamico.qmd",9,"::: {.callout-important appearance=""minimal"" .chapter-status}"
"callout-important","chapters/applicazione/02_costruire_modello_dinamico.qmd",89,"::: {.callout-important title=""Un'equazione è una scelta teorica""}"
"callout-important","chapters/applicazione/02_costruire_modello_dinamico.qmd",255,"::: {.callout-important title=""Processo, stato e misura""}"
"callout-important","chapters/applicazione/02_costruire_modello_dinamico.qmd",649,"::: {.callout-important title=""Dal modello semplice al test della teoria""}"
"callout-warning","chapters/applicazione/02_costruire_modello_dinamico.qmd",577,"::: {.callout-warning title=""Un buon adattamento aggregato può nascondere un fallimento processuale""}"
"callout-caution","chapters/applicazione/02_costruire_modello_dinamico.qmd",26,"::: {.callout-caution collapse=true title=""Preparazione del notebook""}"
"titolo-numerato-a-mano","chapters/applicazione/02_costruire_modello_dinamico.qmd",665,"### 1. Comprendere: anatomia della teoria {.unnumbered .unlisted}"
"titolo-numerato-a-mano","chapters/applicazione/02_costruire_modello_dinamico.qmd",685,"### 2. Prevedere: leggere i parametri attraverso le conseguenze {.unnumbered .unlisted}"
"titolo-numerato-a-mano","chapters/applicazione/02_costruire_modello_dinamico.qmd",703,"### 3. Progettare: distinguere due processi {.unnumbered .unlisted}"
"titolo-numerato-a-mano","chapters/applicazione/02_costruire_modello_dinamico.qmd",719,"### 4. Criticare e comunicare {.unnumbered .unlisted}"
"sessionInfo","chapters/applicazione/02_costruire_modello_dinamico.qmd",739,"sessionInfo()"
"callout-note","chapters/applicazione/03_rescorla_wagner.qmd",3,"::: {.callout-note appearance=""minimal""}"
"callout-note","chapters/applicazione/03_rescorla_wagner.qmd",146,"::: {.callout-note title=""Una regola semplice contiene assunzioni forti""}"
"callout-note","chapters/applicazione/03_rescorla_wagner.qmd",231,"::: {.callout-note collapse=true title=""Implementazione guidata: simulatore del compito""}"
"callout-note","chapters/applicazione/03_rescorla_wagner.qmd",318,"::: {.callout-note collapse=true title=""Codice della simulazione per quattro scenari""}"
"callout-note","chapters/applicazione/03_rescorla_wagner.qmd",389,"::: {.callout-note collapse=true title=""Codice della traiettoria di riferimento""}"
"callout-note","chapters/applicazione/03_rescorla_wagner.qmd",479,"::: {.callout-note collapse=true title=""Approfondimento computazionale: controllo predittivo a priori""}"
"callout-note","chapters/applicazione/03_rescorla_wagner.qmd",611,"::: {.callout-note collapse=true title=""Approfondimento computazionale: programma Stan e campionamento""}"
"callout-note","chapters/applicazione/03_rescorla_wagner.qmd",766,"::: {.callout-note collapse=true title=""Approfondimento computazionale: diagnostica e posterior""}"
"callout-note","chapters/applicazione/03_rescorla_wagner.qmd",819,"::: {.callout-note collapse=true title=""Approfondimento computazionale: traiettorie posteriori""}"
"callout-note","chapters/applicazione/03_rescorla_wagner.qmd",913,"::: {.callout-note collapse=true title=""Approfondimento computazionale: controlli predittivi dinamici""}"
"callout-note","chapters/applicazione/03_rescorla_wagner.qmd",1058,"::: {.callout-note collapse=true title=""Approfondimento computazionale: simulazione e adattamento del modello "
"callout-note","chapters/applicazione/03_rescorla_wagner.qmd",1107,"::: {.callout-note collapse=true title=""Approfondimento computazionale: modello rivale con perseverazione""}"
"callout-note","chapters/applicazione/03_rescorla_wagner.qmd",1326,"::: {.callout-note collapse=true title=""Approfondimento computazionale: posterior del modello esteso""}"
"callout-note","chapters/applicazione/03_rescorla_wagner.qmd",1363,"::: {.callout-note collapse=true title=""Approfondimento facoltativo: Rescorla–Wagner è un modello bayesiano?""}"
"callout-note","chapters/applicazione/03_rescorla_wagner.qmd",1399,"::: {.callout-note collapse=true title=""Soluzione commentata""}"
"callout-note","chapters/applicazione/03_rescorla_wagner.qmd",1413,"::: {.callout-note collapse=true title=""Soluzione commentata""}"
"callout-note","chapters/applicazione/03_rescorla_wagner.qmd",1430,"::: {.callout-note collapse=true title=""Soluzione commentata""}"
"callout-note","chapters/applicazione/03_rescorla_wagner.qmd",1446,"::: {.callout-note collapse=true title=""Soluzione commentata""}"
"callout-note","chapters/applicazione/03_rescorla_wagner.qmd",1450,"::: {.callout-note collapse=true title=""Informazioni sull'ambiente di sviluppo""}"
"callout-tip","chapters/applicazione/03_rescorla_wagner.qmd",29,"::: {.callout-tip collapse=true title=""Prerequisiti""}"
"callout-tip","chapters/applicazione/03_rescorla_wagner.qmd",1395,"::: {.callout-tip collapse=true title=""Suggerimento""}"
"callout-tip","chapters/applicazione/03_rescorla_wagner.qmd",1409,"::: {.callout-tip collapse=true title=""Suggerimento""}"
"callout-tip","chapters/applicazione/03_rescorla_wagner.qmd",1426,"::: {.callout-tip collapse=true title=""Suggerimento""}"
"callout-tip","chapters/applicazione/03_rescorla_wagner.qmd",1442,"::: {.callout-tip collapse=true title=""Suggerimento""}"
"callout-important","chapters/applicazione/03_rescorla_wagner.qmd",19,"::: {.callout-important appearance=""minimal"" .chapter-status}"
"callout-important","chapters/applicazione/03_rescorla_wagner.qmd",211,"::: {.callout-important title=""Apprendimento e scelta sono processi distinti""}"
"callout-important","chapters/applicazione/03_rescorla_wagner.qmd",1345,"::: {.callout-important title=""Il valore di un modello rivale""}"
"callout-warning","chapters/applicazione/03_rescorla_wagner.qmd",455,"::: {.callout-warning title=""Fit e identificazione parametrica non coincidono""}"
"callout-warning","chapters/applicazione/03_rescorla_wagner.qmd",1353,"::: {.callout-warning title=""La validazione deve rispettare il tempo""}"
"callout-caution","chapters/applicazione/03_rescorla_wagner.qmd",35,"::: {.callout-caution collapse=true title=""Preparazione del notebook""}"
"titolo-numerato-a-mano","chapters/applicazione/03_rescorla_wagner.qmd",1389,"### 1. Comprendere: apprendimento o scelta? {.unnumbered .unlisted}"
"titolo-numerato-a-mano","chapters/applicazione/03_rescorla_wagner.qmd",1403,"### 2. Prevedere: che cosa assorbe un processo omesso? {.unnumbered .unlisted}"
"titolo-numerato-a-mano","chapters/applicazione/03_rescorla_wagner.qmd",1417,"### 3. Progettare: distinguere due modelli rivali {.unnumbered .unlisted}"
"titolo-numerato-a-mano","chapters/applicazione/03_rescorla_wagner.qmd",1434,"### 4. Criticare e comunicare: dal parametro al deficit {.unnumbered .unlisted}"
"sessionInfo","chapters/applicazione/03_rescorla_wagner.qmd",1453,"sessionInfo()"
"callout-note","chapters/applicazione/04_eterogeneita_modelli_dinamici.qmd",3,"::: {.callout-note appearance=""minimal""}"
"callout-note","chapters/applicazione/04_eterogeneita_modelli_dinamici.qmd",124,"::: {.callout-note title=""Shrinkage non significa normalizzare le persone""}"
"callout-note","chapters/applicazione/04_eterogeneita_modelli_dinamici.qmd",176,"::: {.callout-note collapse=true title=""Approfondimento applicativo: stime no pooling""}"
"callout-note","chapters/applicazione/04_eterogeneita_modelli_dinamici.qmd",278,"::: {.callout-note collapse=true title=""Approfondimento applicativo: controllo predittivo a priori""}"
"callout-note","chapters/applicazione/04_eterogeneita_modelli_dinamici.qmd",369,"::: {.callout-note collapse=true title=""Approfondimento computazionale: modello gerarchico in Stan""}"
"callout-note","chapters/applicazione/04_eterogeneita_modelli_dinamici.qmd",515,"::: {.callout-note collapse=true title=""Approfondimento applicativo: posterior individuali e shrinkage""}"
"callout-note","chapters/applicazione/04_eterogeneita_modelli_dinamici.qmd",646,"::: {.callout-note collapse=true title=""Approfondimento applicativo: simulare una persona nuova""}"
"callout-note","chapters/applicazione/04_eterogeneita_modelli_dinamici.qmd",824,"::: {.callout-note collapse=true title=""Soluzione commentata""}"
"callout-note","chapters/applicazione/04_eterogeneita_modelli_dinamici.qmd",844,"::: {.callout-note collapse=true title=""Soluzione commentata""}"
"callout-note","chapters/applicazione/04_eterogeneita_modelli_dinamici.qmd",864,"::: {.callout-note collapse=true title=""Soluzione commentata""}"
"callout-note","chapters/applicazione/04_eterogeneita_modelli_dinamici.qmd",882,"::: {.callout-note collapse=true title=""Soluzione commentata""}"
"callout-note","chapters/applicazione/04_eterogeneita_modelli_dinamici.qmd",890,"::: {.callout-note collapse=true title=""Informazioni sull'ambiente di sviluppo""}"
"callout-tip","chapters/applicazione/04_eterogeneita_modelli_dinamici.qmd",19,"::: {.callout-tip collapse=true title=""Prerequisiti""}"
"callout-tip","chapters/applicazione/04_eterogeneita_modelli_dinamici.qmd",820,"::: {.callout-tip collapse=true title=""Suggerimento""}"
"callout-tip","chapters/applicazione/04_eterogeneita_modelli_dinamici.qmd",840,"::: {.callout-tip collapse=true title=""Suggerimento""}"
"callout-tip","chapters/applicazione/04_eterogeneita_modelli_dinamici.qmd",860,"::: {.callout-tip collapse=true title=""Suggerimento""}"
"callout-tip","chapters/applicazione/04_eterogeneita_modelli_dinamici.qmd",878,"::: {.callout-tip collapse=true title=""Suggerimento""}"
"callout-important","chapters/applicazione/04_eterogeneita_modelli_dinamici.qmd",9,"::: {.callout-important appearance=""minimal"" .chapter-status}"
"callout-important","chapters/applicazione/04_eterogeneita_modelli_dinamici.qmd",58,"::: {.callout-important title=""Una media non è un individuo""}"
"callout-important","chapters/applicazione/04_eterogeneita_modelli_dinamici.qmd",99,"::: {.callout-important title=""Non leggere l'eterogeneità dai soli punti individuali""}"
"callout-important","chapters/applicazione/04_eterogeneita_modelli_dinamici.qmd",761,"::: {.callout-important title=""Un parametro individuale non è ancora un tratto""}"
"callout-warning","chapters/applicazione/04_eterogeneita_modelli_dinamici.qmd",741,"::: {.callout-warning title=""Differenza tra condizioni ed effetto causale""}"
"callout-caution","chapters/applicazione/04_eterogeneita_modelli_dinamici.qmd",25,"::: {.callout-caution collapse=true title=""Preparazione del notebook""}"
"titolo-numerato-a-mano","chapters/applicazione/04_eterogeneita_modelli_dinamici.qmd",811,"### 1. Comprendere: eterogeneità o incertezza? {.unnumbered .unlisted}"
"titolo-numerato-a-mano","chapters/applicazione/04_eterogeneita_modelli_dinamici.qmd",830,"### 2. Prevedere: chi subisce maggiore shrinkage? {.unnumbered .unlisted}"
"titolo-numerato-a-mano","chapters/applicazione/04_eterogeneita_modelli_dinamici.qmd",850,"### 3. Progettare: parametri differenti o strategie differenti? {.unnumbered .unlisted}"
"titolo-numerato-a-mano","chapters/applicazione/04_eterogeneita_modelli_dinamici.qmd",870,"### 4. Criticare e comunicare: dal parametro al tratto {.unnumbered .unlisted}"
"sessionInfo","chapters/applicazione/04_eterogeneita_modelli_dinamici.qmd",892,"sessionInfo()"
"callout-note","chapters/applicazione/05_decisione_ottimale.qmd",3,"::: {.callout-note appearance=""minimal""}"
"callout-note","chapters/applicazione/05_decisione_ottimale.qmd",145,"::: {.callout-note title=""Perché qui basta la media""}"
"callout-note","chapters/applicazione/05_decisione_ottimale.qmd",169,"::: {.callout-note title=""Il quadro è volutamente minimale""}"
"callout-note","chapters/applicazione/05_decisione_ottimale.qmd",197,"::: {.callout-note collapse=true title=""Soluzione commentata""}"
"callout-note","chapters/applicazione/05_decisione_ottimale.qmd",215,"::: {.callout-note collapse=true title=""Soluzione commentata""}"
"callout-tip","chapters/applicazione/05_decisione_ottimale.qmd",17,"::: {.callout-tip collapse=true title=""Prerequisiti""}"
"callout-tip","chapters/applicazione/05_decisione_ottimale.qmd",193,"::: {.callout-tip collapse=true title=""Suggerimento""}"
"callout-tip","chapters/applicazione/05_decisione_ottimale.qmd",211,"::: {.callout-tip collapse=true title=""Suggerimento""}"
"callout-important","chapters/applicazione/05_decisione_ottimale.qmd",9,"::: {.callout-important appearance=""minimal"" .chapter-status}"
"callout-important","chapters/applicazione/05_decisione_ottimale.qmd",47,"::: {.callout-important title=""Credenze e preferenze fanno cose diverse""}"
"callout-warning","chapters/applicazione/05_decisione_ottimale.qmd",139,"::: {.callout-warning title=""La stessa evidenza, tre raccomandazioni""}"
"titolo-numerato-a-mano","chapters/applicazione/05_decisione_ottimale.qmd",185,"### 1. Comprendere: dove sta il salto? {.unnumbered .unlisted}"
"titolo-numerato-a-mano","chapters/applicazione/05_decisione_ottimale.qmd",205,"### 2. Prevedere: quando si rovescia la scelta? {.unnumbered .unlisted}"
"callout-note","chapters/applicazione/conclusions_sec_applications.qmd",3,"::: {.callout-note appearance=""minimal""}"
"callout-tip","chapters/applicazione/conclusions_sec_applications.qmd",204,"::: {.callout-tip title=""Checklist per un modello processuale usato scientificamente""}"
"callout-important","chapters/applicazione/conclusions_sec_applications.qmd",17,"::: {.callout-important title=""La formalizzazione non certifica una spiegazione""}"
"callout-important","chapters/applicazione/conclusions_sec_applications.qmd",131,"::: {.callout-important title=""Il modello migliore può essere ancora sbagliato""}"
"callout-note","chapters/calcolo/_intro_sec_stan.qmd",1,"::: {.callout-note appearance=""minimal""}"
"callout-tip","chapters/calcolo/_intro_sec_stan.qmd",9,"::: {.callout-tip}"
"callout-important","chapters/calcolo/_intro_sec_stan.qmd",21,"::: {.callout-important}"
"callout-warning","chapters/calcolo/_intro_sec_stan.qmd",27,"::: {.callout-warning appearance=""simple""}"
"articolo-elidato","chapters/calcolo/_intro_sec_stan.qmd",28,"**Prerequisito tecnico**: il capitolo introduttivo sull'algoritmo di Metropolis può essere seguito con R. Prim"
"callout-note","chapters/calcolo/01_metropolis.qmd",3,"::: {.callout-note appearance=""minimal""}"
"callout-note","chapters/calcolo/01_metropolis.qmd",97,"::: {.callout-note title=""Un rifiuto produce comunque uno stato della catena""}"
"callout-note","chapters/calcolo/01_metropolis.qmd",171,"::: {.callout-note appearance=""minimal""}"
"callout-note","chapters/calcolo/01_metropolis.qmd",275,"::: {.callout-note title=""Una differenza epistemologica""}"
"callout-note","chapters/calcolo/01_metropolis.qmd",317,"::: {.callout-note collapse=""true"" title=""Approfondimento: autocorrelazione e dimensione campionaria effettiva"
"callout-note","chapters/calcolo/01_metropolis.qmd",390,"::: {.callout-note collapse=""true"" title=""Approfondimento: come leggere $\hat{R}$""}"
"callout-note","chapters/calcolo/01_metropolis.qmd",468,"::: {.callout-note collapse=true title=""Soluzione commentata""}"
"callout-note","chapters/calcolo/01_metropolis.qmd",504,"::: {.callout-note collapse=true title=""Soluzione commentata""}"
"callout-note","chapters/calcolo/01_metropolis.qmd",536,"::: {.callout-note collapse=true title=""Soluzione commentata""}"
"callout-note","chapters/calcolo/01_metropolis.qmd",562,"::: {.callout-note collapse=true title=""Soluzione commentata""}"
"callout-note","chapters/calcolo/01_metropolis.qmd",573,"::: {.callout-note collapse=true title=""Informazioni sull'ambiente di sviluppo""}"
"callout-tip","chapters/calcolo/01_metropolis.qmd",22,"::: {.callout-tip collapse=""true"" title=""Prerequisiti""}"
"callout-tip","chapters/calcolo/01_metropolis.qmd",463,"::: {.callout-tip collapse=true title=""Suggerimento""}"
"callout-tip","chapters/calcolo/01_metropolis.qmd",499,"::: {.callout-tip collapse=true title=""Suggerimento""}"
"callout-tip","chapters/calcolo/01_metropolis.qmd",531,"::: {.callout-tip collapse=true title=""Suggerimento""}"
"callout-tip","chapters/calcolo/01_metropolis.qmd",557,"::: {.callout-tip collapse=true title=""Suggerimento""}"
"callout-important","chapters/calcolo/01_metropolis.qmd",12,"::: {.callout-important appearance=""minimal"" .chapter-status}"
"callout-important","chapters/calcolo/01_metropolis.qmd",91,"::: {.callout-important title=""Perché accettare anche mosse peggiorative""}"
"callout-important","chapters/calcolo/01_metropolis.qmd",165,"::: {.callout-important title=""Metropolis non cerca soltanto il valore migliore""}"
"callout-warning","chapters/calcolo/01_metropolis.qmd",144,"::: {.callout-warning title=""Perché usare Metropolis dove non serve""}"
"callout-caution","chapters/calcolo/01_metropolis.qmd",29,"::: {.callout-caution collapse=true title=""Preparazione del notebook""}"
"sessionInfo","chapters/calcolo/01_metropolis.qmd",576,"sessionInfo()"
"blockquote-etichetta","chapters/calcolo/02_ppl.qmd",54,"> **Il modello definisce la distribuzione che vogliamo ottenere; l'algoritmo stabilisce come esplorarla numeri"
"callout-note","chapters/calcolo/02_ppl.qmd",3,"::: {.callout-note appearance=""minimal""}"
"callout-note","chapters/calcolo/02_ppl.qmd",92,"::: {.callout-note collapse=""true"" title=""Lettura facoltativa di un modello Stan minimo""}"
"callout-note","chapters/calcolo/02_ppl.qmd",139,"::: {.callout-note collapse=""true"" title=""Dalla famiglia BUGS a Stan""}"
"callout-note","chapters/calcolo/02_ppl.qmd",189,"::: {.callout-note collapse=""true"" title=""Soluzione commentata""}"
"callout-note","chapters/calcolo/02_ppl.qmd",223,"::: {.callout-note collapse=""true"" title=""Soluzione commentata""}"
"callout-note","chapters/calcolo/02_ppl.qmd",251,"::: {.callout-note collapse=""true"" title=""Soluzione commentata""}"
"callout-note","chapters/calcolo/02_ppl.qmd",281,"::: {.callout-note collapse=""true"" title=""Elementi per la risposta""}"
"callout-tip","chapters/calcolo/02_ppl.qmd",21,"::: {.callout-tip collapse=""true"" title=""Prerequisiti""}"
"callout-tip","chapters/calcolo/02_ppl.qmd",53,"::: {.callout-tip appearance=""minimal""}"
"callout-tip","chapters/calcolo/02_ppl.qmd",185,"::: {.callout-tip collapse=""true"" title=""Suggerimento""}"
"callout-tip","chapters/calcolo/02_ppl.qmd",219,"::: {.callout-tip collapse=""true"" title=""Suggerimento""}"
"callout-tip","chapters/calcolo/02_ppl.qmd",247,"::: {.callout-tip collapse=""true"" title=""Suggerimento""}"
"callout-tip","chapters/calcolo/02_ppl.qmd",277,"::: {.callout-tip collapse=""true"" title=""Suggerimento""}"
"callout-important","chapters/calcolo/02_ppl.qmd",11,"::: {.callout-important appearance=""minimal"" .chapter-status}"
"blockquote-etichetta","chapters/calcolo/03_stan_intro.qmd",8,"> **leggere un programma Stan come una traduzione eseguibile del modello statistico.**"
"callout-note","chapters/calcolo/03_stan_intro.qmd",3,"::: {.callout-note appearance=""minimal""}"
"callout-note","chapters/calcolo/03_stan_intro.qmd",405,"::: {.callout-note collapse=true title=""Soluzione commentata""}"
"callout-note","chapters/calcolo/03_stan_intro.qmd",446,"::: {.callout-note collapse=true title=""Soluzione commentata""}"
"callout-note","chapters/calcolo/03_stan_intro.qmd",477,"::: {.callout-note collapse=true title=""Soluzione commentata""}"
"callout-note","chapters/calcolo/03_stan_intro.qmd",501,"::: {.callout-note collapse=true title=""Soluzione commentata""}"
"callout-note","chapters/calcolo/03_stan_intro.qmd",515,"::: {.callout-note collapse=true title=""Informazioni sull'ambiente di sviluppo""}"
"callout-tip","chapters/calcolo/03_stan_intro.qmd",28,"::: {.callout-tip collapse=""true"" title=""Prerequisiti""}"
"callout-tip","chapters/calcolo/03_stan_intro.qmd",235,"::: {.callout-tip collapse=""true"" title=""Approfondimento facoltativo: eseguire il modello con `cmdstanr`""}"
"callout-tip","chapters/calcolo/03_stan_intro.qmd",401,"::: {.callout-tip collapse=true title=""Suggerimento""}"
"callout-tip","chapters/calcolo/03_stan_intro.qmd",442,"::: {.callout-tip collapse=true title=""Suggerimento""}"
"callout-tip","chapters/calcolo/03_stan_intro.qmd",473,"::: {.callout-tip collapse=true title=""Suggerimento""}"
"callout-tip","chapters/calcolo/03_stan_intro.qmd",497,"::: {.callout-tip collapse=true title=""Suggerimento""}"
"callout-important","chapters/calcolo/03_stan_intro.qmd",18,"::: {.callout-important appearance=""minimal"" .chapter-status}"
"callout-important","chapters/calcolo/03_stan_intro.qmd",155,"::: {.callout-important title=""Il simbolo `~` non genera dati nel blocco `model`""}"
"callout-warning","chapters/calcolo/03_stan_intro.qmd",126,"::: {.callout-warning title=""Un vincolo non è un prior""}"
"callout-caution","chapters/calcolo/03_stan_intro.qmd",43,"::: {.callout-caution collapse=true title=""Preparazione del notebook""}"
"articolo-elidato","chapters/calcolo/03_stan_intro.qmd",32,"- Per eseguire il codice sono utili l'@sec-apx-install-cmdstan, l'@sec-apx-cmdstanr-intro e l'@sec-apx-stan-la"
"sessionInfo","chapters/calcolo/03_stan_intro.qmd",518,"sessionInfo()"
"callout-note","chapters/calcolo/04_stan_odds_ratio_stan.qmd",3,"::: {.callout-note appearance=""minimal""}"
"callout-note","chapters/calcolo/04_stan_odds_ratio_stan.qmd",152,"::: {.callout-note collapse=""true"" title=""Approfondimento: la soluzione coniugata""}"
"callout-note","chapters/calcolo/04_stan_odds_ratio_stan.qmd",260,"::: {.callout-note collapse=true title=""Codice facoltativo: compilazione e campionamento con cmdstanr""}"
"callout-note","chapters/calcolo/04_stan_odds_ratio_stan.qmd",312,"::: {.callout-note collapse=true title=""Codice facoltativo: riassunti, grafico e probabilità posteriori""}"
"callout-note","chapters/calcolo/04_stan_odds_ratio_stan.qmd",369,"::: {.callout-note collapse=true title=""Controllo facoltativo: confronto con la soluzione coniugata""}"
"callout-note","chapters/calcolo/04_stan_odds_ratio_stan.qmd",412,"::: {.callout-note collapse=true title=""Approfondimento: dalla differenza tra log-odds al coefficiente logisti"
"callout-note","chapters/calcolo/04_stan_odds_ratio_stan.qmd",538,"::: {.callout-note collapse=true title=""Soluzione commentata""}"
"callout-note","chapters/calcolo/04_stan_odds_ratio_stan.qmd",577,"::: {.callout-note collapse=true title=""Soluzione commentata""}"
"callout-note","chapters/calcolo/04_stan_odds_ratio_stan.qmd",617,"::: {.callout-note collapse=true title=""Soluzione commentata""}"
"callout-note","chapters/calcolo/04_stan_odds_ratio_stan.qmd",651,"::: {.callout-note collapse=true title=""Soluzione commentata""}"
"callout-note","chapters/calcolo/04_stan_odds_ratio_stan.qmd",665,"::: {.callout-note collapse=true title=""Informazioni sull'ambiente di sviluppo""}"
"callout-tip","chapters/calcolo/04_stan_odds_ratio_stan.qmd",19,"::: {.callout-tip collapse=""true"" title=""Prerequisiti""}"
"callout-tip","chapters/calcolo/04_stan_odds_ratio_stan.qmd",534,"::: {.callout-tip collapse=true title=""Suggerimento""}"
"callout-tip","chapters/calcolo/04_stan_odds_ratio_stan.qmd",573,"::: {.callout-tip collapse=true title=""Suggerimento""}"
"callout-tip","chapters/calcolo/04_stan_odds_ratio_stan.qmd",613,"::: {.callout-tip collapse=true title=""Suggerimento""}"
"callout-tip","chapters/calcolo/04_stan_odds_ratio_stan.qmd",647,"::: {.callout-tip collapse=true title=""Suggerimento""}"
"callout-important","chapters/calcolo/04_stan_odds_ratio_stan.qmd",9,"::: {.callout-important appearance=""minimal"" .chapter-status}"
"callout-important","chapters/calcolo/04_stan_odds_ratio_stan.qmd",479,"::: {.callout-important title=""Stessa likelihood non significa necessariamente stesso modello bayesiano""}"
"callout-warning","chapters/calcolo/04_stan_odds_ratio_stan.qmd",131,"::: {.callout-warning title=""L'odds ratio non è un aumento percentuale della probabilità""}"
"callout-caution","chapters/calcolo/04_stan_odds_ratio_stan.qmd",31,"::: {.callout-caution collapse=true title=""Preparazione del notebook""}"
"articolo-elidato","chapters/calcolo/04_stan_odds_ratio_stan.qmd",23,"- L'@sec-apx-cmdstanr-intro e l'@sec-apx-stan-lang sono necessarie solo per eseguire il codice; l'@sec-apx-mcm"
"sessionInfo","chapters/calcolo/04_stan_odds_ratio_stan.qmd",668,"sessionInfo()"
"callout-note","chapters/calcolo/05_stan_two_means.qmd",3,"::: {.callout-note appearance=""minimal""}"
"callout-note","chapters/calcolo/05_stan_two_means.qmd",192,"::: {.callout-note collapse=true title=""Percorso facoltativo: simulare i dati e stimare il modello comune""}"
"callout-note","chapters/calcolo/05_stan_two_means.qmd",333,"::: {.callout-note collapse=true title=""Codice facoltativo: probabilità posteriori""}"
"callout-note","chapters/calcolo/05_stan_two_means.qmd",445,"::: {.callout-note collapse=true title=""Percorso facoltativo: stimare il modello a dispersioni distinte""}"
"callout-note","chapters/calcolo/05_stan_two_means.qmd",528,"::: {.callout-note collapse=true title=""Approfondimento: controllo predittivo per gruppo""}"
"callout-note","chapters/calcolo/05_stan_two_means.qmd",555,"::: {.callout-note collapse=true title=""Approfondimento: confronto mediante PSIS-LOO""}"
"callout-note","chapters/calcolo/05_stan_two_means.qmd",616,"::: {.callout-note collapse=true title=""Soluzione commentata""}"
"callout-note","chapters/calcolo/05_stan_two_means.qmd",654,"::: {.callout-note collapse=true title=""Soluzione commentata""}"
"callout-note","chapters/calcolo/05_stan_two_means.qmd",696,"::: {.callout-note collapse=true title=""Soluzione commentata""}"
"callout-note","chapters/calcolo/05_stan_two_means.qmd",714,"::: {.callout-note collapse=true title=""Elementi per la risposta""}"
"callout-note","chapters/calcolo/05_stan_two_means.qmd",727,"::: {.callout-note collapse=true title=""Informazioni sull'ambiente di sviluppo""}"
"callout-tip","chapters/calcolo/05_stan_two_means.qmd",20,"::: {.callout-tip collapse=""true"" title=""Prerequisiti""}"
"callout-tip","chapters/calcolo/05_stan_two_means.qmd",612,"::: {.callout-tip collapse=true title=""Suggerimento""}"
"callout-tip","chapters/calcolo/05_stan_two_means.qmd",642,"::: {.callout-tip collapse=true title=""Suggerimento""}"
"callout-tip","chapters/calcolo/05_stan_two_means.qmd",692,"::: {.callout-tip collapse=true title=""Suggerimento""}"
"callout-tip","chapters/calcolo/05_stan_two_means.qmd",710,"::: {.callout-tip collapse=true title=""Suggerimento""}"
"callout-important","chapters/calcolo/05_stan_two_means.qmd",9,"::: {.callout-important appearance=""minimal"" .chapter-status}"
"callout-important","chapters/calcolo/05_stan_two_means.qmd",86,"::: {.callout-important title=""Il segno dipende dall'ordine del confronto""}"
"callout-warning","chapters/calcolo/05_stan_two_means.qmd",329,"::: {.callout-warning title=""La ROPE non crea una soglia universale""}"
"callout-caution","chapters/calcolo/05_stan_two_means.qmd",32,"::: {.callout-caution collapse=true title=""Preparazione del notebook""}"
"articolo-elidato","chapters/calcolo/05_stan_two_means.qmd",24,"- L'@sec-apx-install-cmdstan, l'@sec-apx-stan-lang, l'@sec-apx-mcmc-diagnostics e l'@sec-apx-posterior-predict"
"sessionInfo","chapters/calcolo/05_stan_two_means.qmd",730,"sessionInfo()"
"metadato-esercizio","chapters/calcolo/05_stan_two_means.qmd",597,"*Codice: no · 5–10 minuti*"
"metadato-esercizio","chapters/calcolo/05_stan_two_means.qmd",622,"*Codice: no · 5 minuti*"
"metadato-esercizio","chapters/calcolo/05_stan_two_means.qmd",678,"*Codice: no · 5–10 minuti*"
"metadato-esercizio","chapters/calcolo/05_stan_two_means.qmd",702,"*Codice: no · 10 minuti*"
"callout-note","chapters/calcolo/06_bayesian_workflow.qmd",3,"::: {.callout-note appearance=""minimal""}"
"callout-note","chapters/calcolo/06_bayesian_workflow.qmd",214,"::: {.callout-note collapse=true title=""Soluzione commentata""}"
"callout-note","chapters/calcolo/06_bayesian_workflow.qmd",242,"::: {.callout-note collapse=true title=""Soluzione commentata""}"
"callout-note","chapters/calcolo/06_bayesian_workflow.qmd",276,"::: {.callout-note collapse=true title=""Soluzione commentata""}"
"callout-note","chapters/calcolo/06_bayesian_workflow.qmd",298,"::: {.callout-note collapse=true title=""Soluzione commentata""}"
"callout-tip","chapters/calcolo/06_bayesian_workflow.qmd",19,"::: {.callout-tip collapse=""true"" title=""Prerequisiti""}"
"callout-tip","chapters/calcolo/06_bayesian_workflow.qmd",209,"::: {.callout-tip collapse=true title=""Suggerimento""}"
"callout-tip","chapters/calcolo/06_bayesian_workflow.qmd",237,"::: {.callout-tip collapse=true title=""Suggerimento""}"
"callout-tip","chapters/calcolo/06_bayesian_workflow.qmd",271,"::: {.callout-tip collapse=true title=""Suggerimento""}"
"callout-tip","chapters/calcolo/06_bayesian_workflow.qmd",293,"::: {.callout-tip collapse=true title=""Suggerimento""}"
"callout-important","chapters/calcolo/06_bayesian_workflow.qmd",9,"::: {.callout-important appearance=""minimal"" .chapter-status}"
"callout-important","chapters/calcolo/06_bayesian_workflow.qmd",102,"::: {.callout-important}"
"articolo-elidato","chapters/calcolo/06_bayesian_workflow.qmd",23,"- L'@sec-workflow-checklist riassume il workflow; l'@sec-apx-mcmc-diagnostics, l'@sec-apx-prior-predictive-che"
"articolo-elidato","chapters/calcolo/conclusions_sec.qmd",9,"Alcune idee attraversano tutti i capitoli. L'oggetto dell'inferenza è l'intera distribuzione a posteriori dall"
"callout-note","chapters/causalita/_intro_sec_causality.qmd",1,"::: {.callout-note appearance=""minimal""}"
"callout-tip","chapters/causalita/_intro_sec_causality.qmd",9,"::: {.callout-tip}"
"callout-important","chapters/causalita/_intro_sec_causality.qmd",25,"::: {.callout-important}"
"callout-important","chapters/causalita/_intro_sec_causality.qmd",55,"::: {.callout-important}"
"callout-warning","chapters/causalita/_intro_sec_causality.qmd",33,"::: {.callout-warning}"
"callout-caution","chapters/causalita/_intro_sec_causality.qmd",66,"::: {.callout-caution appearance=""simple""}"
"callout-note","chapters/causalita/01_specification_error.qmd",3,"::: {.callout-note appearance=""minimal""}"
"callout-note","chapters/causalita/01_specification_error.qmd",96,"::: {.callout-note title=""L'intuizione: $X_1$ finisce per rappresentare anche una parte di $X_2$""}"
"callout-note","chapters/causalita/01_specification_error.qmd",150,"::: {.callout-note collapse=true title=""Approfondimento: derivazione della formula standardizzata""}"
"callout-note","chapters/causalita/01_specification_error.qmd",255,"::: {.callout-note collapse=true title=""Approfondimento: tre processi, la stessa operazione di aggiustamento""}"
"callout-note","chapters/causalita/01_specification_error.qmd",416,"::: {.callout-note collapse=true title=""Soluzione commentata""}"
"callout-note","chapters/causalita/01_specification_error.qmd",436,"::: {.callout-note collapse=true title=""Soluzione commentata""}"
"callout-note","chapters/causalita/01_specification_error.qmd",450,"::: {.callout-note collapse=true title=""Elementi per la risposta""}"
"callout-note","chapters/causalita/01_specification_error.qmd",470,"::: {.callout-note collapse=true title=""Soluzione commentata""}"
"callout-note","chapters/causalita/01_specification_error.qmd",474,"::: {.callout-note collapse=true title=""Informazioni sull'ambiente di sviluppo""}"
"callout-tip","chapters/causalita/01_specification_error.qmd",23,"::: {.callout-tip collapse=""true"" title=""Prerequisiti""}"
"callout-tip","chapters/causalita/01_specification_error.qmd",181,"::: {.callout-tip collapse=true title=""Approfondimento computazionale: vedere il bias su una mappa""}"
"callout-tip","chapters/causalita/01_specification_error.qmd",432,"::: {.callout-tip collapse=true title=""Suggerimento""}"
"callout-important","chapters/causalita/01_specification_error.qmd",13,"::: {.callout-important appearance=""minimal"" .chapter-status}"
"callout-important","chapters/causalita/01_specification_error.qmd",251,"::: {.callout-important title=""Il problema non è scegliere il modello con il coefficiente più convincente""}"
"callout-important","chapters/causalita/01_specification_error.qmd",316,"::: {.callout-important title=""Il punto di svolta""}"
"callout-caution","chapters/causalita/01_specification_error.qmd",30,"::: {.callout-caution collapse=true title=""Preparazione del notebook""}"
"callout-caution","chapters/causalita/01_specification_error.qmd",359,"::: {.callout-caution}"
"sessionInfo","chapters/causalita/01_specification_error.qmd",476,"sessionInfo()"
"metadato-esercizio","chapters/causalita/01_specification_error.qmd",396,"*Codice: no · 10 minuti*"
"metadato-esercizio","chapters/causalita/01_specification_error.qmd",422,"*Codice: no · 10–15 minuti*"
"metadato-esercizio","chapters/causalita/01_specification_error.qmd",442,"*Codice: no · 10 minuti*"
"metadato-esercizio","chapters/causalita/01_specification_error.qmd",456,"*Codice: no · 15 minuti*"
"callout-note","chapters/causalita/02_propedeutic_causality.qmd",3,"::: {.callout-note appearance=""minimal""}"
"callout-note","chapters/causalita/02_propedeutic_causality.qmd",126,"::: {.callout-note title=""Controfattuale non significa immaginario""}"
"callout-note","chapters/causalita/02_propedeutic_causality.qmd",151,"::: {.callout-note collapse=true title=""Approfondimento: l'effetto dipende anche dalla popolazione""}"
"callout-note","chapters/causalita/02_propedeutic_causality.qmd",187,"::: {.callout-note collapse=true title=""Approfondimento: una decomposizione utile""}"
"callout-note","chapters/causalita/02_propedeutic_causality.qmd",251,"::: {.callout-note title=""Definire bene l'effetto viene prima dell'identificazione""}"
"callout-note","chapters/causalita/02_propedeutic_causality.qmd",290,"::: {.callout-note collapse=true title=""Approfondimento: differenza, rapporto e odds ratio""}"
"callout-note","chapters/causalita/02_propedeutic_causality.qmd",370,"::: {.callout-note collapse=""true"" title=""Soluzione commentata""}"
"callout-note","chapters/causalita/02_propedeutic_causality.qmd",387,"::: {.callout-note collapse=""true"" title=""Soluzione commentata""}"
"callout-note","chapters/causalita/02_propedeutic_causality.qmd",407,"::: {.callout-note collapse=""true"" title=""Soluzione commentata""}"
"callout-note","chapters/causalita/02_propedeutic_causality.qmd",429,"::: {.callout-note collapse=""true"" title=""Soluzione commentata""}"
"callout-tip","chapters/causalita/02_propedeutic_causality.qmd",35,"::: {.callout-tip collapse=""true"" title=""Prerequisiti""}"
"callout-tip","chapters/causalita/02_propedeutic_causality.qmd",366,"::: {.callout-tip collapse=""true"" title=""Suggerimento""}"
"callout-tip","chapters/causalita/02_propedeutic_causality.qmd",425,"::: {.callout-tip collapse=""true"" title=""Suggerimento""}"
"callout-important","chapters/causalita/02_propedeutic_causality.qmd",25,"::: {.callout-important appearance=""minimal"" .chapter-status}"
"callout-important","chapters/causalita/02_propedeutic_causality.qmd",74,"::: {.callout-important title=""Prima l'oggetto, poi il metodo""}"
"callout-important","chapters/causalita/02_propedeutic_causality.qmd",227,"::: {.callout-important title=""La randomizzazione riguarda l'identificazione, non la precisione""}"
"callout-warning","chapters/causalita/02_propedeutic_causality.qmd",280,"::: {.callout-warning title=""Nessun algoritmo crea il confronto mancante""}"
"metadato-esercizio","chapters/causalita/02_propedeutic_causality.qmd",353,"*Codice: no · 10 minuti*"
"metadato-esercizio","chapters/causalita/02_propedeutic_causality.qmd",378,"*Codice: no · 10 minuti*"
"metadato-esercizio","chapters/causalita/02_propedeutic_causality.qmd",395,"*Codice: no · 10 minuti*"
"metadato-esercizio","chapters/causalita/02_propedeutic_causality.qmd",413,"*Codice: no · 10–15 minuti*"
"blockquote-etichetta","chapters/causalita/03_causality.qmd",136,"> **Un mediatore appartiene al processo attraverso cui l'effetto causale viene prodotto. Condizionare sul medi"
"blockquote-etichetta","chapters/causalita/03_causality.qmd",188,"> **Una causa comune può far apparire $X$ e $Y$ associati anche in parte per ragioni diverse dall'effetto di $"
"blockquote-etichetta","chapters/causalita/03_causality.qmd",555,"> **quando cambia la domanda causale, può cambiare anche ciò che dobbiamo preservare o bloccare nel DAG.**"
"callout-note","chapters/causalita/03_causality.qmd",3,"::: {.callout-note appearance=""minimal""}"
"callout-note","chapters/causalita/03_causality.qmd",44,"::: {.callout-note title=""Un DAG non è una fotografia delle correlazioni""}"
"callout-note","chapters/causalita/03_causality.qmd",394,"::: {.callout-note title=""Effetto totale e percorsi causali""}"
"callout-note","chapters/causalita/03_causality.qmd",495,"::: {.callout-note title=""Aperto e chiuso non significano vero e falso""}"
"callout-note","chapters/causalita/03_causality.qmd",722,"::: {.callout-note title=""Prima di aggiungere una covariata""}"
"callout-note","chapters/causalita/03_causality.qmd",749,"::: {.callout-note collapse=""true"" title=""Soluzione commentata""}"
"callout-note","chapters/causalita/03_causality.qmd",782,"::: {.callout-note collapse=""true"" title=""Soluzione commentata""}"
"callout-note","chapters/causalita/03_causality.qmd",802,"::: {.callout-note collapse=""true"" title=""Soluzione commentata""}"
"callout-note","chapters/causalita/03_causality.qmd",820,"::: {.callout-note collapse=""true"" title=""Soluzione commentata""}"
"callout-tip","chapters/causalita/03_causality.qmd",25,"::: {.callout-tip collapse=""true"" title=""Prerequisiti""}"
"callout-tip","chapters/causalita/03_causality.qmd",559,"::: {.callout-tip collapse=""true"" title=""Approfondimento: moderazione ed eterogeneità dell'effetto""}"
"callout-tip","chapters/causalita/03_causality.qmd",745,"::: {.callout-tip collapse=""true"" title=""Suggerimento""}"
"callout-tip","chapters/causalita/03_causality.qmd",798,"::: {.callout-tip collapse=""true"" title=""Suggerimento""}"
"callout-tip","chapters/causalita/03_causality.qmd",816,"::: {.callout-tip collapse=""true"" title=""Suggerimento""}"
"callout-important","chapters/causalita/03_causality.qmd",15,"::: {.callout-important appearance=""minimal"" .chapter-status}"
"callout-important","chapters/causalita/03_causality.qmd",279,"::: {.callout-important title=""La stessa operazione statistica, tre significati causali""}"
"callout-important","chapters/causalita/03_causality.qmd",340,"::: {.callout-important title=""Due domande diverse""}"
"titolo-numerato-a-mano","chapters/causalita/03_causality.qmd",96,"### 1. Una catena causale: il mediatore"
"titolo-numerato-a-mano","chapters/causalita/03_causality.qmd",140,"### 2. Una causa comune: il confondimento"
"titolo-numerato-a-mano","chapters/causalita/03_causality.qmd",193,"### 3. Un effetto comune: il collider"
"metadato-esercizio","chapters/causalita/03_causality.qmd",737,"*Codice: no · 10 minuti*"
"metadato-esercizio","chapters/causalita/03_causality.qmd",755,"*Codice: no · 10–15 minuti*"
"metadato-esercizio","chapters/causalita/03_causality.qmd",788,"*Codice: no · 10–15 minuti*"
"metadato-esercizio","chapters/causalita/03_causality.qmd",808,"*Codice: no · 15 minuti*"
"callout-note","chapters/causalita/03_causalityOLD.qmd",3,"::: {.callout-note appearance=""minimal""}"
"callout-note","chapters/causalita/03_causalityOLD.qmd",245,"::: {.callout-note title=""Il messaggio per chi usa la regressione""}"
"callout-note","chapters/causalita/03_causalityOLD.qmd",274,"::: {.callout-note collapse=""true"" title=""Soluzione commentata""}"
"callout-note","chapters/causalita/03_causalityOLD.qmd",298,"::: {.callout-note collapse=""true"" title=""Soluzione commentata""}"
"callout-note","chapters/causalita/03_causalityOLD.qmd",324,"::: {.callout-note collapse=""true"" title=""Soluzione commentata""}"
"callout-note","chapters/causalita/03_causalityOLD.qmd",342,"::: {.callout-note collapse=""true"" title=""Soluzione commentata""}"
"callout-tip","chapters/causalita/03_causalityOLD.qmd",23,"::: {.callout-tip collapse=""true"" title=""Prerequisiti""}"
"callout-tip","chapters/causalita/03_causalityOLD.qmd",270,"::: {.callout-tip collapse=""true"" title=""Suggerimento""}"
"callout-tip","chapters/causalita/03_causalityOLD.qmd",294,"::: {.callout-tip collapse=""true"" title=""Suggerimento""}"
"callout-tip","chapters/causalita/03_causalityOLD.qmd",320,"::: {.callout-tip collapse=""true"" title=""Suggerimento""}"
"callout-tip","chapters/causalita/03_causalityOLD.qmd",338,"::: {.callout-tip collapse=""true"" title=""Suggerimento""}"
"callout-important","chapters/causalita/03_causalityOLD.qmd",13,"::: {.callout-important appearance=""minimal"" .chapter-status}"
"metadato-esercizio","chapters/causalita/03_causalityOLD.qmd",261,"*Codice: no · 10 minuti*"
"metadato-esercizio","chapters/causalita/03_causalityOLD.qmd",280,"*Codice: no · 10 minuti*"
"metadato-esercizio","chapters/causalita/03_causalityOLD.qmd",304,"*Codice: no · 15 minuti*"
"metadato-esercizio","chapters/causalita/03_causalityOLD.qmd",330,"*Codice: no · 15 minuti*"
"callout-note","chapters/crisi/_intro_sec_crisis.qmd",1,"::: {.callout-note appearance=""minimal""}"
"callout-tip","chapters/crisi/_intro_sec_crisis.qmd",11,"::: {.callout-tip}"
"callout-important","chapters/crisi/_intro_sec_crisis.qmd",24,"::: {.callout-important}"
"callout-caution","chapters/crisi/_intro_sec_crisis.qmd",34,"::: {.callout-caution appearance=""simple""}"
"callout-note","chapters/crisi/01_crisis.qmd",3,"::: {.callout-note appearance=""minimal"" title=""Come usare questo capitolo""}"
"callout-note","chapters/crisi/01_crisis.qmd",25,"::: {.callout-note}"
"callout-note","chapters/crisi/01_crisis.qmd",261,"::: {.callout-note collapse=""true""}"
"callout-note","chapters/crisi/01_crisis.qmd",286,"::: {.callout-note collapse=""true""}"
"callout-note","chapters/crisi/01_crisis.qmd",310,"::: {.callout-note collapse=""true""}"
"callout-note","chapters/crisi/01_crisis.qmd",328,"::: {.callout-note collapse=""true""}"
"callout-note","chapters/crisi/01_crisis.qmd",342,"::: {.callout-note appearance=""simple""}"
"callout-note","chapters/crisi/01_crisis.qmd",352,"::: {.callout-note collapse=""true"" title=""Informazioni sull'ambiente di sviluppo""}"
"callout-tip","chapters/crisi/01_crisis.qmd",18,"::: {.callout-tip collapse=""true"" title=""Prerequisiti""}"
"callout-tip","chapters/crisi/01_crisis.qmd",267,"::: {.callout-tip collapse=""true""}"
"callout-tip","chapters/crisi/01_crisis.qmd",292,"::: {.callout-tip collapse=""true""}"
"callout-tip","chapters/crisi/01_crisis.qmd",316,"::: {.callout-tip collapse=""true""}"
"callout-tip","chapters/crisi/01_crisis.qmd",334,"::: {.callout-tip collapse=""true""}"
"callout-important","chapters/crisi/01_crisis.qmd",10,"::: {.callout-important appearance=""minimal"" .chapter-status}"
"callout-important","chapters/crisi/01_crisis.qmd",208,"::: {.callout-important}"
"sessionInfo","chapters/crisi/01_crisis.qmd",354,"sessionInfo()"
"callout-note","chapters/diagnosi/_intro_sec_limits.qmd",1,"::: {.callout-note appearance=""minimal""}"
"callout-tip","chapters/diagnosi/_intro_sec_limits.qmd",9,"::: {.callout-tip}"
"callout-important","chapters/diagnosi/_intro_sec_limits.qmd",25,"::: {.callout-important}"
"callout-caution","chapters/diagnosi/_intro_sec_limits.qmd",38,"::: {.callout-caution appearance=""simple""}"
"callout-note","chapters/diagnosi/01_limits_stat_freq.qmd",3,"::: {.callout-note appearance=""minimal""}"
"callout-note","chapters/diagnosi/01_limits_stat_freq.qmd",136,"::: {.callout-note title=""Riflessione""}"
"callout-note","chapters/diagnosi/01_limits_stat_freq.qmd",281,"::: {.callout-note title=""Implicazioni pratiche""}"
"callout-note","chapters/diagnosi/01_limits_stat_freq.qmd",592,"::: {.callout-note collapse=""true"" title=""Soluzione commentata""}"
"callout-note","chapters/diagnosi/01_limits_stat_freq.qmd",621,"::: {.callout-note collapse=""true"" title=""Soluzione commentata""}"
"callout-note","chapters/diagnosi/01_limits_stat_freq.qmd",671,"::: {.callout-note collapse=""true"" title=""Soluzione commentata""}"
"callout-note","chapters/diagnosi/01_limits_stat_freq.qmd",720,"::: {.callout-note collapse=""true"" title=""Elementi per la risposta""}"
"callout-note","chapters/diagnosi/01_limits_stat_freq.qmd",734,"::: {.callout-note collapse=""true"" title=""Informazioni sull'ambiente di sviluppo""}"
"callout-tip","chapters/diagnosi/01_limits_stat_freq.qmd",21,"::: {.callout-tip collapse=""true"" title=""Prerequisiti""}"
"callout-tip","chapters/diagnosi/01_limits_stat_freq.qmd",588,"::: {.callout-tip collapse=""true"" title=""Suggerimento""}"
"callout-tip","chapters/diagnosi/01_limits_stat_freq.qmd",617,"::: {.callout-tip collapse=""true"" title=""Suggerimento""}"
"callout-tip","chapters/diagnosi/01_limits_stat_freq.qmd",667,"::: {.callout-tip collapse=""true"" title=""Suggerimento""}"
"callout-tip","chapters/diagnosi/01_limits_stat_freq.qmd",716,"::: {.callout-tip collapse=""true"" title=""Suggerimento""}"
"callout-important","chapters/diagnosi/01_limits_stat_freq.qmd",11,"::: {.callout-important appearance=""minimal"" .chapter-status}"
"callout-important","chapters/diagnosi/01_limits_stat_freq.qmd",438,"::: {.callout-important title=""Distinzione essenziale""}"
"callout-caution","chapters/diagnosi/01_limits_stat_freq.qmd",28,"::: {.callout-caution collapse=""true"" title=""Preparazione del notebook""}"
"sessionInfo","chapters/diagnosi/01_limits_stat_freq.qmd",736,"sessionInfo()"
"callout-note","chapters/diagnosi/02_effect_size.qmd",3,"::: {.callout-note appearance=""minimal""}"
"callout-note","chapters/diagnosi/02_effect_size.qmd",58,"::: {.callout-note appearance=""minimal""}"
"callout-note","chapters/diagnosi/02_effect_size.qmd",577,"::: {.callout-note collapse=""true"" title=""Soluzione commentata""}"
"callout-note","chapters/diagnosi/02_effect_size.qmd",596,"::: {.callout-note collapse=""true"" title=""Soluzione commentata""}"
"callout-note","chapters/diagnosi/02_effect_size.qmd",615,"::: {.callout-note collapse=""true"" title=""Soluzione commentata""}"
"callout-note","chapters/diagnosi/02_effect_size.qmd",641,"::: {.callout-note collapse=""true"" title=""Elementi per la risposta""}"
"callout-note","chapters/diagnosi/02_effect_size.qmd",647,"::: {.callout-note collapse=true title=""Informazioni sull'ambiente di sviluppo""}"
"callout-tip","chapters/diagnosi/02_effect_size.qmd",21,"::: {.callout-tip collapse=""true"" title=""Prerequisiti""}"
"callout-tip","chapters/diagnosi/02_effect_size.qmd",573,"::: {.callout-tip collapse=""true"" title=""Suggerimento""}"
"callout-tip","chapters/diagnosi/02_effect_size.qmd",592,"::: {.callout-tip collapse=""true"" title=""Suggerimento""}"
"callout-tip","chapters/diagnosi/02_effect_size.qmd",611,"::: {.callout-tip collapse=""true"" title=""Suggerimento""}"
"callout-tip","chapters/diagnosi/02_effect_size.qmd",637,"::: {.callout-tip collapse=""true"" title=""Suggerimento""}"
"callout-important","chapters/diagnosi/02_effect_size.qmd",11,"::: {.callout-important appearance=""minimal"" .chapter-status}"
"callout-caution","chapters/diagnosi/02_effect_size.qmd",29,"::: {.callout-caution collapse=true title=""Preparazione del notebook""}"
"sessionInfo","chapters/diagnosi/02_effect_size.qmd",649,"sessionInfo()"
"metadato-esercizio","chapters/diagnosi/02_effect_size.qmd",564,"*Codice: no · 5–10 minuti*"
"metadato-esercizio","chapters/diagnosi/02_effect_size.qmd",583,"*Codice: no · 5–10 minuti*"
"metadato-esercizio","chapters/diagnosi/02_effect_size.qmd",602,"*Codice: sì · 10–15 minuti*"
"metadato-esercizio","chapters/diagnosi/02_effect_size.qmd",629,"*Codice: no · 10 minuti*"
"callout-note","chapters/diagnosi/03_s_m_errors.qmd",3,"::: {.callout-note appearance=""minimal""}"
"callout-note","chapters/diagnosi/03_s_m_errors.qmd",61,"::: {.callout-note title=""La sequenza da ricordare""}"
"callout-note","chapters/diagnosi/03_s_m_errors.qmd",558,"::: {.callout-note collapse=""true"" title=""Soluzione commentata""}"
"callout-note","chapters/diagnosi/03_s_m_errors.qmd",578,"::: {.callout-note collapse=""true"" title=""Soluzione commentata""}"
"callout-note","chapters/diagnosi/03_s_m_errors.qmd",605,"::: {.callout-note collapse=""true"" title=""Soluzione commentata""}"
"callout-note","chapters/diagnosi/03_s_m_errors.qmd",630,"::: {.callout-note collapse=""true"" title=""Elementi per la risposta""}"
"callout-note","chapters/diagnosi/03_s_m_errors.qmd",634,"::: {.callout-note collapse=""true"" title=""Informazioni sull'ambiente di sviluppo""}"
"callout-tip","chapters/diagnosi/03_s_m_errors.qmd",17,"::: {.callout-tip collapse=""true"" title=""Prerequisiti""}"
"callout-tip","chapters/diagnosi/03_s_m_errors.qmd",529,"::: {.callout-tip title=""Risposte alle domande iniziali"" collapse=""true""}"
"callout-tip","chapters/diagnosi/03_s_m_errors.qmd",554,"::: {.callout-tip collapse=""true"" title=""Suggerimento""}"
"callout-tip","chapters/diagnosi/03_s_m_errors.qmd",574,"::: {.callout-tip collapse=""true"" title=""Suggerimento""}"
"callout-tip","chapters/diagnosi/03_s_m_errors.qmd",601,"::: {.callout-tip collapse=""true"" title=""Suggerimento""}"
"callout-tip","chapters/diagnosi/03_s_m_errors.qmd",626,"::: {.callout-tip collapse=""true"" title=""Suggerimento""}"
"callout-important","chapters/diagnosi/03_s_m_errors.qmd",7,"::: {.callout-important appearance=""minimal"" .chapter-status}"
"callout-caution","chapters/diagnosi/03_s_m_errors.qmd",24,"::: {.callout-caution collapse=""true"" title=""Preparazione del notebook""}"
"sessionInfo","chapters/diagnosi/03_s_m_errors.qmd",636,"sessionInfo()"
"metadato-esercizio","chapters/diagnosi/03_s_m_errors.qmd",540,"*Codice: no · Tempo indicativo: 10 minuti*"
"metadato-esercizio","chapters/diagnosi/03_s_m_errors.qmd",566,"*Codice: no · Tempo indicativo: 10 minuti*"
"metadato-esercizio","chapters/diagnosi/03_s_m_errors.qmd",586,"*Codice: sì · Tempo indicativo: 15 minuti*"
"metadato-esercizio","chapters/diagnosi/03_s_m_errors.qmd",613,"*Codice: no · Tempo indicativo: 10 minuti*"
"callout-note","chapters/diagnosi/04_p_values.qmd",3,"::: {.callout-note appearance=""minimal""}"
"callout-note","chapters/diagnosi/04_p_values.qmd",171,"::: {.callout-note title=""Il punto da ricordare""}"
"callout-note","chapters/diagnosi/04_p_values.qmd",537,"::: {.callout-note collapse=""true"" title=""Soluzione commentata""}"
"callout-note","chapters/diagnosi/04_p_values.qmd",558,"::: {.callout-note collapse=""true"" title=""Soluzione commentata""}"
"callout-note","chapters/diagnosi/04_p_values.qmd",589,"::: {.callout-note collapse=""true"" title=""Soluzione commentata""}"
"callout-note","chapters/diagnosi/04_p_values.qmd",609,"::: {.callout-note collapse=""true"" title=""Elementi per la risposta""}"
"callout-note","chapters/diagnosi/04_p_values.qmd",615,"::: {.callout-note collapse=""true"" title=""Informazioni sull'ambiente di sviluppo""}"
"callout-tip","chapters/diagnosi/04_p_values.qmd",21,"::: {.callout-tip collapse=""true"" title=""Prerequisiti""}"
"callout-tip","chapters/diagnosi/04_p_values.qmd",511,"::: {.callout-tip title=""Risposte alle domande iniziali"" collapse=""true""}"
"callout-tip","chapters/diagnosi/04_p_values.qmd",533,"::: {.callout-tip collapse=""true"" title=""Suggerimento""}"
"callout-tip","chapters/diagnosi/04_p_values.qmd",554,"::: {.callout-tip collapse=""true"" title=""Suggerimento""}"
"callout-tip","chapters/diagnosi/04_p_values.qmd",585,"::: {.callout-tip collapse=""true"" title=""Suggerimento""}"
"callout-tip","chapters/diagnosi/04_p_values.qmd",605,"::: {.callout-tip collapse=""true"" title=""Suggerimento""}"
"callout-important","chapters/diagnosi/04_p_values.qmd",11,"::: {.callout-important appearance=""minimal"" .chapter-status}"
"callout-warning","chapters/diagnosi/04_p_values.qmd",395,"::: {.callout-warning title=""Una formulazione da evitare""}"
"callout-caution","chapters/diagnosi/04_p_values.qmd",28,"::: {.callout-caution collapse=""true"" title=""Preparazione del notebook""}"
"sessionInfo","chapters/diagnosi/04_p_values.qmd",617,"sessionInfo()"
"metadato-esercizio","chapters/diagnosi/04_p_values.qmd",522,"*Codice: no · Tempo indicativo: 10 minuti*"
"metadato-esercizio","chapters/diagnosi/04_p_values.qmd",545,"*Codice: no · Tempo indicativo: 10 minuti*"
"metadato-esercizio","chapters/diagnosi/04_p_values.qmd",567,"*Codice: sì · Tempo indicativo: 15 minuti*"
"metadato-esercizio","chapters/diagnosi/04_p_values.qmd",597,"*Codice: no · Tempo indicativo: 10 minuti*"
"callout-note","chapters/diagnosi/05_degrees_of_freedom.qmd",3,"::: {.callout-note appearance=""minimal""}"
"callout-note","chapters/diagnosi/05_degrees_of_freedom.qmd",631,"::: {.callout-note collapse=""true"" title=""Soluzione commentata""}"
"callout-note","chapters/diagnosi/05_degrees_of_freedom.qmd",654,"::: {.callout-note collapse=""true"" title=""Soluzione commentata""}"
"callout-note","chapters/diagnosi/05_degrees_of_freedom.qmd",682,"::: {.callout-note collapse=""true"" title=""Soluzione commentata""}"
"callout-note","chapters/diagnosi/05_degrees_of_freedom.qmd",702,"::: {.callout-note collapse=""true"" title=""Soluzione commentata""}"
"callout-note","chapters/diagnosi/05_degrees_of_freedom.qmd",710,"::: {.callout-note collapse=true title=""Informazioni sull'ambiente di sviluppo""}"
"callout-tip","chapters/diagnosi/05_degrees_of_freedom.qmd",627,"::: {.callout-tip collapse=""true"" title=""Suggerimento""}"
"callout-tip","chapters/diagnosi/05_degrees_of_freedom.qmd",650,"::: {.callout-tip collapse=""true"" title=""Suggerimento""}"
"callout-tip","chapters/diagnosi/05_degrees_of_freedom.qmd",678,"::: {.callout-tip collapse=""true"" title=""Suggerimento""}"
"callout-tip","chapters/diagnosi/05_degrees_of_freedom.qmd",698,"::: {.callout-tip collapse=""true"" title=""Suggerimento""}"
"callout-important","chapters/diagnosi/05_degrees_of_freedom.qmd",13,"::: {.callout-important appearance=""minimal"" .chapter-status}"
"callout-warning","chapters/diagnosi/05_degrees_of_freedom.qmd",67,"::: {.callout-warning title=""Due problemi distinti""}"
"callout-warning","chapters/diagnosi/05_degrees_of_freedom.qmd",615,"::: {.callout-warning title=""Implicazione per la lettura critica""}"
"callout-caution","chapters/diagnosi/05_degrees_of_freedom.qmd",31,"::: {.callout-caution collapse=true title=""Preparazione del notebook""}"
"sessionInfo","chapters/diagnosi/05_degrees_of_freedom.qmd",712,"sessionInfo()"
"metadato-esercizio","chapters/diagnosi/05_degrees_of_freedom.qmd",623,"*Codice: no · 5–10 minuti*"
"metadato-esercizio","chapters/diagnosi/05_degrees_of_freedom.qmd",639,"*Codice: no · 5–10 minuti*"
"metadato-esercizio","chapters/diagnosi/05_degrees_of_freedom.qmd",662,"*Codice: sì · 10–15 minuti*"
"metadato-esercizio","chapters/diagnosi/05_degrees_of_freedom.qmd",690,"*Codice: no · 10 minuti*"
"callout-note","chapters/estensioni/_intro_sec_glm.qmd",3,"::: {.callout-note appearance=""minimal""}"
"callout-note","chapters/estensioni/01_glm_modello_osservazionale.qmd",3,"::: {.callout-note appearance=""minimal""}"
"callout-note","chapters/estensioni/01_glm_modello_osservazionale.qmd",267,"::: {.callout-note collapse=""true"" title=""Approfondimento: la pendenza della curva logistica""}"
"callout-note","chapters/estensioni/01_glm_modello_osservazionale.qmd",367,"::: {.callout-note title=""Che cosa stiamo davvero generalizzando?""}"
"callout-note","chapters/estensioni/01_glm_modello_osservazionale.qmd",377,"::: {.callout-note collapse=""true"" title=""Approfondimento: prior, stima e diagnostica con `brms`""}"
"callout-note","chapters/estensioni/01_glm_modello_osservazionale.qmd",567,"::: {.callout-note collapse=""true"" title=""Probabilità attesa e nuova osservazione""}"
"callout-note","chapters/estensioni/01_glm_modello_osservazionale.qmd",634,"::: {.callout-note collapse=""true"" title=""Soluzione commentata""}"
"callout-note","chapters/estensioni/01_glm_modello_osservazionale.qmd",650,"::: {.callout-note collapse=""true"" title=""Soluzione commentata""}"
"callout-note","chapters/estensioni/01_glm_modello_osservazionale.qmd",660,"::: {.callout-note collapse=""true"" title=""Soluzione commentata""}"
"callout-note","chapters/estensioni/01_glm_modello_osservazionale.qmd",674,"::: {.callout-note collapse=""true"" title=""Soluzione commentata""}"
"callout-note","chapters/estensioni/01_glm_modello_osservazionale.qmd",678,"::: {.callout-note collapse=""true"" title=""Informazioni sull'ambiente di sviluppo""}"
"callout-tip","chapters/estensioni/01_glm_modello_osservazionale.qmd",21,"::: {.callout-tip collapse=""true"" title=""Prerequisiti""}"
"callout-tip","chapters/estensioni/01_glm_modello_osservazionale.qmd",630,"::: {.callout-tip collapse=""true"" title=""Suggerimento""}"
"callout-important","chapters/estensioni/01_glm_modello_osservazionale.qmd",11,"::: {.callout-important appearance=""minimal"" .chapter-status}"
"callout-important","chapters/estensioni/01_glm_modello_osservazionale.qmd",141,"::: {.callout-important title=""Il punto epistemologico del GLM""}"
"callout-important","chapters/estensioni/01_glm_modello_osservazionale.qmd",311,"::: {.callout-important title=""Il parametro non è necessariamente la quantità scientifica finale""}"
"callout-caution","chapters/estensioni/01_glm_modello_osservazionale.qmd",25,"::: {.callout-caution collapse=""true"" title=""Preparazione del notebook""}"
"sessionInfo","chapters/estensioni/01_glm_modello_osservazionale.qmd",680,"sessionInfo()"
"metadato-esercizio","chapters/estensioni/01_glm_modello_osservazionale.qmd",618,"*Codice: no · 10 minuti*"
"metadato-esercizio","chapters/estensioni/01_glm_modello_osservazionale.qmd",640,"*Codice: no · 10–15 minuti*"
"metadato-esercizio","chapters/estensioni/01_glm_modello_osservazionale.qmd",656,"*Codice: no · 10 minuti*"
"metadato-esercizio","chapters/estensioni/01_glm_modello_osservazionale.qmd",666,"*Codice: no · 15 minuti*"
"callout-note","chapters/estensioni/02_conteggi_distribuzione_ipotesi.qmd",3,"::: {.callout-note appearance=""minimal""}"
"callout-note","chapters/estensioni/02_conteggi_distribuzione_ipotesi.qmd",124,"::: {.callout-note collapse=""true"" title=""Approfondimento: quando i conteggi non sono confrontabili (offset)""}"
"callout-note","chapters/estensioni/02_conteggi_distribuzione_ipotesi.qmd",306,"::: {.callout-note collapse=""true"" title=""Approfondimento: adattare la binomiale negativa""}"
"callout-note","chapters/estensioni/02_conteggi_distribuzione_ipotesi.qmd",374,"::: {.callout-note title=""Dal modello osservazionale al processo""}"
"callout-note","chapters/estensioni/02_conteggi_distribuzione_ipotesi.qmd",407,"::: {.callout-note collapse=""true"" title=""Soluzione commentata""}"
"callout-note","chapters/estensioni/02_conteggi_distribuzione_ipotesi.qmd",427,"::: {.callout-note collapse=""true"" title=""Soluzione commentata""}"
"callout-note","chapters/estensioni/02_conteggi_distribuzione_ipotesi.qmd",463,"::: {.callout-note collapse=""true"" title=""Soluzione commentata""}"
"callout-note","chapters/estensioni/02_conteggi_distribuzione_ipotesi.qmd",473,"::: {.callout-note collapse=""true"" title=""Soluzione commentata""}"
"callout-note","chapters/estensioni/02_conteggi_distribuzione_ipotesi.qmd",477,"::: {.callout-note collapse=""true"" title=""Informazioni sull'ambiente di sviluppo""}"
"callout-tip","chapters/estensioni/02_conteggi_distribuzione_ipotesi.qmd",35,"::: {.callout-tip collapse=""true"" title=""Prerequisiti""}"
"callout-tip","chapters/estensioni/02_conteggi_distribuzione_ipotesi.qmd",280,"::: {.callout-tip collapse=""true"" title=""Perché la varianza marginale non è un test sufficiente""}"
"callout-tip","chapters/estensioni/02_conteggi_distribuzione_ipotesi.qmd",343,"::: {.callout-tip collapse=""true"" title=""E se la discrepanza fosse stata un'altra?""}"
"callout-tip","chapters/estensioni/02_conteggi_distribuzione_ipotesi.qmd",403,"::: {.callout-tip collapse=""true"" title=""Suggerimento""}"
"callout-tip","chapters/estensioni/02_conteggi_distribuzione_ipotesi.qmd",459,"::: {.callout-tip collapse=""true"" title=""Suggerimento""}"
"callout-important","chapters/estensioni/02_conteggi_distribuzione_ipotesi.qmd",25,"::: {.callout-important appearance=""minimal"" .chapter-status}"
"callout-important","chapters/estensioni/02_conteggi_distribuzione_ipotesi.qmd",164,"::: {.callout-important title=""Una distribuzione è una parte della teoria del dato""}"
"callout-important","chapters/estensioni/02_conteggi_distribuzione_ipotesi.qmd",353,"::: {.callout-important title=""Descrivere meglio non significa spiegare di più""}"
"callout-caution","chapters/estensioni/02_conteggi_distribuzione_ipotesi.qmd",39,"::: {.callout-caution collapse=""true"" title=""Preparazione del notebook""}"
"articolo-elidato","chapters/estensioni/02_conteggi_distribuzione_ipotesi.qmd",158,"Per comprendere il significato dell'@eq-poisson-property è necessario distinguere due modi di intendere la var"
"sessionInfo","chapters/estensioni/02_conteggi_distribuzione_ipotesi.qmd",479,"sessionInfo()"
"metadato-esercizio","chapters/estensioni/02_conteggi_distribuzione_ipotesi.qmd",391,"*Codice: no · 10 minuti*"
"metadato-esercizio","chapters/estensioni/02_conteggi_distribuzione_ipotesi.qmd",415,"*Codice: no · 10 minuti*"
"metadato-esercizio","chapters/estensioni/02_conteggi_distribuzione_ipotesi.qmd",451,"*Codice: no · 15 minuti*"
"metadato-esercizio","chapters/estensioni/02_conteggi_distribuzione_ipotesi.qmd",469,"*Codice: no · 10–15 minuti · richiede l'approfondimento sull'offset*"
"callout-note","chapters/estensioni/02_conteggi_distribuzione_ipotesiOLD.qmd",3,"::: {.callout-note appearance=""minimal""}"
"callout-note","chapters/estensioni/02_conteggi_distribuzione_ipotesiOLD.qmd",375,"::: {.callout-note collapse=""true"" title=""Approfondimento: prior e stima del modello di Poisson""}"
"callout-note","chapters/estensioni/02_conteggi_distribuzione_ipotesiOLD.qmd",446,"::: {.callout-note collapse=""true"" title=""Approfondimento: controllo predittivo della dispersione""}"
"callout-note","chapters/estensioni/02_conteggi_distribuzione_ipotesiOLD.qmd",520,"::: {.callout-note collapse=""true"" title=""Approfondimento: adattare la binomiale negativa""}"
"callout-note","chapters/estensioni/02_conteggi_distribuzione_ipotesiOLD.qmd",601,"::: {.callout-note title=""Dal modello osservazionale al processo""}"
"callout-note","chapters/estensioni/02_conteggi_distribuzione_ipotesiOLD.qmd",637,"::: {.callout-note collapse=""true"" title=""Soluzione commentata""}"
"callout-note","chapters/estensioni/02_conteggi_distribuzione_ipotesiOLD.qmd",657,"::: {.callout-note collapse=""true"" title=""Soluzione commentata""}"
"callout-note","chapters/estensioni/02_conteggi_distribuzione_ipotesiOLD.qmd",685,"::: {.callout-note collapse=""true"" title=""Soluzione commentata""}"
"callout-note","chapters/estensioni/02_conteggi_distribuzione_ipotesiOLD.qmd",703,"::: {.callout-note collapse=""true"" title=""Soluzione commentata""}"
"callout-note","chapters/estensioni/02_conteggi_distribuzione_ipotesiOLD.qmd",707,"::: {.callout-note collapse=""true"" title=""Informazioni sull'ambiente di sviluppo""}"
"callout-tip","chapters/estensioni/02_conteggi_distribuzione_ipotesiOLD.qmd",38,"::: {.callout-tip collapse=""true"" title=""Prerequisiti""}"
"callout-tip","chapters/estensioni/02_conteggi_distribuzione_ipotesiOLD.qmd",633,"::: {.callout-tip collapse=""true"" title=""Suggerimento""}"
"callout-tip","chapters/estensioni/02_conteggi_distribuzione_ipotesiOLD.qmd",699,"::: {.callout-tip collapse=""true"" title=""Suggerimento""}"
"callout-important","chapters/estensioni/02_conteggi_distribuzione_ipotesiOLD.qmd",28,"::: {.callout-important appearance=""minimal"" .chapter-status}"
"callout-important","chapters/estensioni/02_conteggi_distribuzione_ipotesiOLD.qmd",93,"::: {.callout-important title=""Una distribuzione è una parte della teoria del dato""}"
"callout-important","chapters/estensioni/02_conteggi_distribuzione_ipotesiOLD.qmd",553,"::: {.callout-important title=""Descrivere meglio non significa spiegare di più""}"
"callout-caution","chapters/estensioni/02_conteggi_distribuzione_ipotesiOLD.qmd",42,"::: {.callout-caution collapse=""true"" title=""Preparazione del notebook""}"
"articolo-elidato","chapters/estensioni/02_conteggi_distribuzione_ipotesiOLD.qmd",71,"Nell'@eq-poisson-model, porre $\lambda_i = 4$ non significa che una data persona produrrà esattamente quattro "
"articolo-elidato","chapters/estensioni/02_conteggi_distribuzione_ipotesiOLD.qmd",87,"Per comprendere il significato dell'@eq-poisson-property è necessario distinguere due modi di intendere la var"
"sessionInfo","chapters/estensioni/02_conteggi_distribuzione_ipotesiOLD.qmd",709,"sessionInfo()"
"metadato-esercizio","chapters/estensioni/02_conteggi_distribuzione_ipotesiOLD.qmd",621,"*Codice: no · 10 minuti*"
"metadato-esercizio","chapters/estensioni/02_conteggi_distribuzione_ipotesiOLD.qmd",645,"*Codice: no · 10 minuti*"
"metadato-esercizio","chapters/estensioni/02_conteggi_distribuzione_ipotesiOLD.qmd",681,"*Codice: no · 10–15 minuti*"
"metadato-esercizio","chapters/estensioni/02_conteggi_distribuzione_ipotesiOLD.qmd",691,"*Codice: no · 15 minuti*"
"callout-note","chapters/estensioni/03_quando_ordine_contiene_informazione.qmd",3,"::: {.callout-note appearance=""minimal""}"
"callout-note","chapters/estensioni/03_quando_ordine_contiene_informazione.qmd",194,"::: {.callout-note collapse=""true"" title=""Approfondimento: inizializzazione stazionaria dell'AR(1)""}"
"callout-note","chapters/estensioni/03_quando_ordine_contiene_informazione.qmd",316,"::: {.callout-note collapse=""true"" title=""Approfondimento computazionale: prior e stima del modello dinamico i"
"callout-note","chapters/estensioni/03_quando_ordine_contiene_informazione.qmd",585,"::: {.callout-note collapse=true title=""Soluzione commentata""}"
"callout-note","chapters/estensioni/03_quando_ordine_contiene_informazione.qmd",608,"::: {.callout-note collapse=true title=""Soluzione commentata""}"
"callout-note","chapters/estensioni/03_quando_ordine_contiene_informazione.qmd",631,"::: {.callout-note collapse=true title=""Elementi per la risposta""}"
"callout-note","chapters/estensioni/03_quando_ordine_contiene_informazione.qmd",651,"::: {.callout-note collapse=true title=""Elementi per la risposta""}"
"callout-note","chapters/estensioni/03_quando_ordine_contiene_informazione.qmd",657,"::: {.callout-note collapse=""true"" title=""Informazioni sull'ambiente di sviluppo""}"
"callout-tip","chapters/estensioni/03_quando_ordine_contiene_informazione.qmd",35,"::: {.callout-tip collapse=""true"" title=""Prerequisiti""}"
"callout-tip","chapters/estensioni/03_quando_ordine_contiene_informazione.qmd",581,"::: {.callout-tip collapse=true title=""Suggerimento""}"
"callout-tip","chapters/estensioni/03_quando_ordine_contiene_informazione.qmd",604,"::: {.callout-tip collapse=true title=""Suggerimento""}"
"callout-tip","chapters/estensioni/03_quando_ordine_contiene_informazione.qmd",627,"::: {.callout-tip collapse=true title=""Suggerimento""}"
"callout-tip","chapters/estensioni/03_quando_ordine_contiene_informazione.qmd",647,"::: {.callout-tip collapse=true title=""Suggerimento""}"
"callout-important","chapters/estensioni/03_quando_ordine_contiene_informazione.qmd",25,"::: {.callout-important appearance=""minimal"" .chapter-status}"
"callout-important","chapters/estensioni/03_quando_ordine_contiene_informazione.qmd",126,"::: {.callout-important title=""Il cambiamento essenziale""}"
"callout-important","chapters/estensioni/03_quando_ordine_contiene_informazione.qmd",533,"::: {.callout-important title=""Che cosa abbiamo guadagnato, e che cosa no""}"
"callout-warning","chapters/estensioni/03_quando_ordine_contiene_informazione.qmd",190,"::: {.callout-warning title=""Uno stato latente non è ancora un costrutto psicologico""}"
"callout-caution","chapters/estensioni/03_quando_ordine_contiene_informazione.qmd",39,"::: {.callout-caution collapse=""true"" title=""Preparazione del notebook""}"
"sessionInfo","chapters/estensioni/03_quando_ordine_contiene_informazione.qmd",659,"sessionInfo()"
"callout-note","chapters/estensioni/03_quando_ordine_contiene_informazioneOLD.qmd",3,"::: {.callout-note appearance=""minimal""}"
"callout-note","chapters/estensioni/03_quando_ordine_contiene_informazioneOLD.qmd",133,"::: {.callout-note collapse=""true"" title=""Approfondimento: inizializzazione stazionaria dell'AR(1)""}"
"callout-note","chapters/estensioni/03_quando_ordine_contiene_informazioneOLD.qmd",262,"::: {.callout-note collapse=""true"" title=""Approfondimento computazionale: dal modello al programma Stan""}"
"callout-note","chapters/estensioni/03_quando_ordine_contiene_informazioneOLD.qmd",611,"::: {.callout-note collapse=true title=""Soluzione commentata""}"
"callout-note","chapters/estensioni/03_quando_ordine_contiene_informazioneOLD.qmd",636,"::: {.callout-note collapse=true title=""Soluzione commentata""}"
"callout-note","chapters/estensioni/03_quando_ordine_contiene_informazioneOLD.qmd",661,"::: {.callout-note collapse=true title=""Elementi per la risposta""}"
"callout-note","chapters/estensioni/03_quando_ordine_contiene_informazioneOLD.qmd",683,"::: {.callout-note collapse=true title=""Elementi per la risposta""}"
"callout-note","chapters/estensioni/03_quando_ordine_contiene_informazioneOLD.qmd",690,"::: {.callout-note collapse=""true"" title=""Informazioni sull'ambiente di sviluppo""}"
"callout-tip","chapters/estensioni/03_quando_ordine_contiene_informazioneOLD.qmd",31,"::: {.callout-tip collapse=""true"" title=""Prerequisiti""}"
"callout-tip","chapters/estensioni/03_quando_ordine_contiene_informazioneOLD.qmd",606,"::: {.callout-tip collapse=true title=""Suggerimento""}"
"callout-tip","chapters/estensioni/03_quando_ordine_contiene_informazioneOLD.qmd",631,"::: {.callout-tip collapse=true title=""Suggerimento""}"
"callout-tip","chapters/estensioni/03_quando_ordine_contiene_informazioneOLD.qmd",656,"::: {.callout-tip collapse=true title=""Suggerimento""}"
"callout-tip","chapters/estensioni/03_quando_ordine_contiene_informazioneOLD.qmd",678,"::: {.callout-tip collapse=true title=""Suggerimento""}"
"callout-important","chapters/estensioni/03_quando_ordine_contiene_informazioneOLD.qmd",21,"::: {.callout-important appearance=""minimal"" .chapter-status}"
"callout-important","chapters/estensioni/03_quando_ordine_contiene_informazioneOLD.qmd",95,"::: {.callout-important title=""Il cambiamento essenziale""}"
"callout-important","chapters/estensioni/03_quando_ordine_contiene_informazioneOLD.qmd",556,"::: {.callout-important title=""Che cosa abbiamo guadagnato, e che cosa no""}"
"callout-warning","chapters/estensioni/03_quando_ordine_contiene_informazioneOLD.qmd",160,"::: {.callout-warning title=""Uno stato latente non è ancora un costrutto psicologico""}"
"callout-caution","chapters/estensioni/03_quando_ordine_contiene_informazioneOLD.qmd",35,"::: {.callout-caution collapse=""true"" title=""Preparazione del notebook""}"
"sessionInfo","chapters/estensioni/03_quando_ordine_contiene_informazioneOLD.qmd",692,"sessionInfo()"
"callout-note","chapters/modelli/_intro_sec_regression.qmd",1,"::: {.callout-note appearance=""minimal""}"
"callout-tip","chapters/modelli/_intro_sec_regression.qmd",9,"::: {.callout-tip}"
"callout-important","chapters/modelli/_intro_sec_regression.qmd",24,"::: {.callout-important}"
"callout-important","chapters/modelli/_intro_sec_regression.qmd",35,"::: {.callout-important}"
"callout-caution","chapters/modelli/_intro_sec_regression.qmd",43,"::: {.callout-caution appearance=""simple""}"
"callout-note","chapters/modelli/01_modello_lineare_generativo.qmd",3,"::: {.callout-note appearance=""minimal""}"
"callout-note","chapters/modelli/01_modello_lineare_generativo.qmd",121,"::: {.callout-note title=""Componente generativa e modello bayesiano completo""}"
"callout-note","chapters/modelli/01_modello_lineare_generativo.qmd",279,"::: {.callout-note title=""La centratura non risolve tutti i problemi""}"
"callout-note","chapters/modelli/01_modello_lineare_generativo.qmd",321,"::: {.callout-note title=""Un esempio di comunicazione descrittiva""}"
"callout-note","chapters/modelli/01_modello_lineare_generativo.qmd",465,"::: {.callout-note collapse=""true"" title=""Soluzione commentata""}"
"callout-note","chapters/modelli/01_modello_lineare_generativo.qmd",488,"::: {.callout-note collapse=""true"" title=""Soluzione commentata""}"
"callout-note","chapters/modelli/01_modello_lineare_generativo.qmd",517,"::: {.callout-note collapse=""true"" title=""Soluzione commentata""}"
"callout-note","chapters/modelli/01_modello_lineare_generativo.qmd",555,"::: {.callout-note collapse=""true"" title=""Soluzione commentata""}"
"callout-note","chapters/modelli/01_modello_lineare_generativo.qmd",561,"::: {.callout-note collapse=true title=""Informazioni sull'ambiente di sviluppo""}"
"callout-tip","chapters/modelli/01_modello_lineare_generativo.qmd",25,"::: {.callout-tip collapse=""true"" title=""Prerequisiti""}"
"callout-tip","chapters/modelli/01_modello_lineare_generativo.qmd",327,"::: {.callout-tip title=""Dal punto alla distribuzione""}"
"callout-tip","chapters/modelli/01_modello_lineare_generativo.qmd",421,"::: {.callout-tip title=""Il vantaggio della prospettiva generativa""}"
"callout-tip","chapters/modelli/01_modello_lineare_generativo.qmd",461,"::: {.callout-tip collapse=""true"" title=""Suggerimento""}"
"callout-tip","chapters/modelli/01_modello_lineare_generativo.qmd",484,"::: {.callout-tip collapse=""true"" title=""Suggerimento""}"
"callout-tip","chapters/modelli/01_modello_lineare_generativo.qmd",513,"::: {.callout-tip collapse=""true"" title=""Suggerimento""}"
"callout-tip","chapters/modelli/01_modello_lineare_generativo.qmd",551,"::: {.callout-tip collapse=""true"" title=""Suggerimento""}"
"callout-important","chapters/modelli/01_modello_lineare_generativo.qmd",15,"::: {.callout-important appearance=""minimal"" .chapter-status}"
"callout-important","chapters/modelli/01_modello_lineare_generativo.qmd",72,"::: {.callout-important title=""La variabile a destra non è automaticamente una causa""}"
"callout-warning","chapters/modelli/01_modello_lineare_generativo.qmd",172,"::: {.callout-warning title=""Il residuo non è una spiegazione psicologica""}"
"callout-warning","chapters/modelli/01_modello_lineare_generativo.qmd",400,"::: {.callout-warning title=""Assunzioni diverse, conseguenze diverse""}"
"callout-caution","chapters/modelli/01_modello_lineare_generativo.qmd",33,"::: {.callout-caution collapse=true title=""Preparazione del notebook""}"
"callout-caution","chapters/modelli/01_modello_lineare_generativo.qmd",427,"::: {.callout-caution}"
"articolo-elidato","chapters/modelli/01_modello_lineare_generativo.qmd",28,"- È utile conoscere media, deviazione standard, correlazione e funzione lineare; per un ripasso si possono usa"
"sessionInfo","chapters/modelli/01_modello_lineare_generativo.qmd",563,"sessionInfo()"
"callout-note","chapters/modelli/02_regressione_verso_media.qmd",3,"::: {.callout-note appearance=""minimal"" title=""Perché questo capitolo è qui""}"
"callout-note","chapters/modelli/02_regressione_verso_media.qmd",73,"::: {.callout-note title=""Un'origine storica, non una spiegazione causale""}"
"callout-note","chapters/modelli/02_regressione_verso_media.qmd",184,"::: {.callout-note title=""La scala è importante""}"
"callout-note","chapters/modelli/02_regressione_verso_media.qmd",340,"::: {.callout-note collapse=""true"" title=""Approfondimento: affidabilità e regressione verso la media""}"
"callout-note","chapters/modelli/02_regressione_verso_media.qmd",354,"::: {.callout-note collapse=""true"" title=""Approfondimento: perché le due regressioni non coincidono""}"
"callout-note","chapters/modelli/02_regressione_verso_media.qmd",411,"::: {.callout-note collapse=""true"" title=""Soluzione commentata""}"
"callout-note","chapters/modelli/02_regressione_verso_media.qmd",427,"::: {.callout-note collapse=""true"" title=""Soluzione commentata""}"
"callout-note","chapters/modelli/02_regressione_verso_media.qmd",459,"::: {.callout-note collapse=""true"" title=""Soluzione commentata""}"
"callout-note","chapters/modelli/02_regressione_verso_media.qmd",480,"::: {.callout-note collapse=""true"" title=""Soluzione commentata""}"
"callout-note","chapters/modelli/02_regressione_verso_media.qmd",484,"::: {.callout-note collapse=true title=""Informazioni sull'ambiente di sviluppo""}"
"callout-tip","chapters/modelli/02_regressione_verso_media.qmd",21,"::: {.callout-tip collapse=""true"" title=""Prerequisiti""}"
"callout-tip","chapters/modelli/02_regressione_verso_media.qmd",423,"::: {.callout-tip collapse=""true"" title=""Suggerimento""}"
"callout-tip","chapters/modelli/02_regressione_verso_media.qmd",455,"::: {.callout-tip collapse=""true"" title=""Suggerimento""}"
"callout-important","chapters/modelli/02_regressione_verso_media.qmd",11,"::: {.callout-important appearance=""minimal"" .chapter-status}"
"callout-caution","chapters/modelli/02_regressione_verso_media.qmd",29,"::: {.callout-caution collapse=true title=""Preparazione del notebook""}"
"callout-caution","chapters/modelli/02_regressione_verso_media.qmd",377,"::: {.callout-caution title=""Regressione verso la media e shrinkage non sono sinonimi""}"
"callout-caution","chapters/modelli/02_regressione_verso_media.qmd",383,"::: {.callout-caution}"
"articolo-elidato","chapters/modelli/02_regressione_verso_media.qmd",25,"- L'@sec-linear-models-biv-model-frequentist offre un richiamo alla regressione bivariata; l'@sec-measurement-"
"sessionInfo","chapters/modelli/02_regressione_verso_media.qmd",486,"sessionInfo()"
"blockquote-etichetta","chapters/modelli/03_regressione_bayesiana_brms.qmd",227,"> **Nota concettuale:** la verosimiglianza non è una distribuzione di probabilità sui parametri. È una funzion"
"blockquote-etichetta","chapters/modelli/03_regressione_bayesiana_brms.qmd",387,"> **Avvertenza concettuale:** le estrazioni MCMC non sono nuovi partecipanti né dataset replicati. Si tratta d"
"blockquote-etichetta","chapters/modelli/03_regressione_bayesiana_brms.qmd",409,"> **Avvertenza metodologica:** le soglie diagnostiche sono criteri operativi, non certificazioni automatiche. "
"blockquote-etichetta","chapters/modelli/03_regressione_bayesiana_brms.qmd",500,"> **Nota di metodo:** un intervallo di credibilità al $95\%$ delimita una regione alla quale la distribuzione "
"blockquote-etichetta","chapters/modelli/03_regressione_bayesiana_brms.qmd",759,"> **Criterio di interpretazione:** se la quantità di interesse cambia in modo sostanziale tra prior ragionevol"
"blockquote-etichetta","chapters/modelli/03_regressione_bayesiana_brms.qmd",769,"> **Nota di metodo:** il linguaggio del resoconto deve riflettere il disegno della ricerca. Con dati osservazi"
"callout-note","chapters/modelli/03_regressione_bayesiana_brms.qmd",3,"::: {.callout-note appearance=""minimal""}"
"callout-note","chapters/modelli/03_regressione_bayesiana_brms.qmd",211,"::: {.callout-note collapse=""true"" title=""Approfondimento: dalla verosimiglianza alla log-verosimiglianza""}"
"callout-note","chapters/modelli/03_regressione_bayesiana_brms.qmd",826,"::: {.callout-note collapse=""true"" title=""Soluzione commentata""}"
"callout-note","chapters/modelli/03_regressione_bayesiana_brms.qmd",856,"::: {.callout-note collapse=""true"" title=""Soluzione commentata""}"
"callout-note","chapters/modelli/03_regressione_bayesiana_brms.qmd",892,"::: {.callout-note collapse=""true"" title=""Soluzione commentata""}"
"callout-note","chapters/modelli/03_regressione_bayesiana_brms.qmd",912,"::: {.callout-note collapse=""true"" title=""Soluzione commentata""}"
"callout-note","chapters/modelli/03_regressione_bayesiana_brms.qmd",920,"::: {.callout-note collapse=true title=""Informazioni sull'ambiente di sviluppo""}"
"callout-tip","chapters/modelli/03_regressione_bayesiana_brms.qmd",19,"::: {.callout-tip collapse=""true"" title=""Prerequisiti""}"
"callout-tip","chapters/modelli/03_regressione_bayesiana_brms.qmd",822,"::: {.callout-tip collapse=""true"" title=""Suggerimento""}"
"callout-tip","chapters/modelli/03_regressione_bayesiana_brms.qmd",852,"::: {.callout-tip collapse=""true"" title=""Suggerimento""}"
"callout-tip","chapters/modelli/03_regressione_bayesiana_brms.qmd",888,"::: {.callout-tip collapse=""true"" title=""Suggerimento""}"
"callout-tip","chapters/modelli/03_regressione_bayesiana_brms.qmd",908,"::: {.callout-tip collapse=""true"" title=""Suggerimento""}"
"callout-important","chapters/modelli/03_regressione_bayesiana_brms.qmd",9,"::: {.callout-important appearance=""minimal"" .chapter-status}"
"callout-important","chapters/modelli/03_regressione_bayesiana_brms.qmd",74,"::: {.callout-important title=""Definire prima ciò che si vuole apprendere""}"
"callout-important","chapters/modelli/03_regressione_bayesiana_brms.qmd",199,"::: {.callout-important title=""Una formula non è ancora un'analisi completa""}"
"callout-important","chapters/modelli/03_regressione_bayesiana_brms.qmd",349,"::: {.callout-important title=""Il controllo a priori riguarda le implicazioni congiunte""}"
"callout-important","chapters/modelli/03_regressione_bayesiana_brms.qmd",692,"::: {.callout-important title=""Un controllo favorevole non dimostra che il modello sia vero""}"
"callout-warning","chapters/modelli/03_regressione_bayesiana_brms.qmd",264,"::: {.callout-warning title=""L'informatività dipende dalla scala""}"
"callout-warning","chapters/modelli/03_regressione_bayesiana_brms.qmd",461,"::: {.callout-warning title=""Tre livelli da non confondere""}"
"callout-caution","chapters/modelli/03_regressione_bayesiana_brms.qmd",27,"::: {.callout-caution collapse=true title=""Preparazione del notebook""}"
"callout-caution","chapters/modelli/03_regressione_bayesiana_brms.qmd",619,"::: {.callout-caution title=""Due bande, due domande""}"
"callout-caution","chapters/modelli/03_regressione_bayesiana_brms.qmd",773,"::: {.callout-caution title=""Sei confusioni ricorrenti""}"
"articolo-elidato","chapters/modelli/03_regressione_bayesiana_brms.qmd",20,"- Il modello generativo lineare è introdotto nell'@sec-linear-generative."
"articolo-elidato","chapters/modelli/03_regressione_bayesiana_brms.qmd",21,"- La regressione verso la media è discussa nell'@sec-linear-models-regression-toward_mean."
"articolo-elidato","chapters/modelli/03_regressione_bayesiana_brms.qmd",22,"- Per installare *CmdStan*, necessario per il backend utilizzato nel capitolo, si veda l'@sec-apx-install-cmds"
"articolo-elidato","chapters/modelli/03_regressione_bayesiana_brms.qmd",23,"- La derivazione completa della log-verosimiglianza è riportata nell'@sec-apx-like-regression."
"titolo-numerato-a-mano","chapters/modelli/03_regressione_bayesiana_brms.qmd",533,"### 1. Incertezza sulla media condizionata ($\mathbb{E}[Y \mid X]$)"
"titolo-numerato-a-mano","chapters/modelli/03_regressione_bayesiana_brms.qmd",543,"### 2. Distribuzione predittiva a posteriori ($Y_{\text{new}}$)"
"titolo-numerato-a-mano","chapters/modelli/03_regressione_bayesiana_brms.qmd",635,"### 1. Ispezione della forma marginale della distribuzione"
"titolo-numerato-a-mano","chapters/modelli/03_regressione_bayesiana_brms.qmd",654,"### 2. Statistiche di sintesi: media e dispersione"
"titolo-numerato-a-mano","chapters/modelli/03_regressione_bayesiana_brms.qmd",670,"### 3. Relazione tra esito e predittore"
"sessionInfo","chapters/modelli/03_regressione_bayesiana_brms.qmd",922,"sessionInfo()"
"refuso: «in base a a»","chapters/modelli/03_regressione_bayesiana_brms.qmd",698,"Quando le conclusioni sostanziali potrebbero dipendere dalla specificazione dei prior, è utile svolgere un'**a"
"metadato-esercizio","chapters/modelli/03_regressione_bayesiana_brms.qmd",804,"*Codice: no · 10 minuti*"
"metadato-esercizio","chapters/modelli/03_regressione_bayesiana_brms.qmd",840,"*Codice: no · 10–15 minuti*"
"metadato-esercizio","chapters/modelli/03_regressione_bayesiana_brms.qmd",864,"*Codice: lettura guidata · 15 minuti*"
"metadato-esercizio","chapters/modelli/03_regressione_bayesiana_brms.qmd",900,"*Codice: no · 15 minuti*"
"callout-note","chapters/modelli/04_dalla_formula_al_programma.qmd",3,"::: {.callout-note appearance=""minimal""}"
"callout-note","chapters/modelli/04_dalla_formula_al_programma.qmd",113,"::: {.callout-note title=""La formula non è il modello completo""}"
"callout-note","chapters/modelli/04_dalla_formula_al_programma.qmd",500,"::: {.callout-note title=""Regressione multipla non significa sommare evidenze indipendenti""}"
"callout-note","chapters/modelli/04_dalla_formula_al_programma.qmd",554,"::: {.callout-note title=""Due convenzioni matriciali equivalenti""}"
"callout-note","chapters/modelli/04_dalla_formula_al_programma.qmd",684,"::: {.callout-note collapse=true title=""Soluzione commentata""}"
"callout-note","chapters/modelli/04_dalla_formula_al_programma.qmd",730,"::: {.callout-note collapse=true title=""Soluzione commentata""}"
"callout-note","chapters/modelli/04_dalla_formula_al_programma.qmd",764,"::: {.callout-note collapse=true title=""Soluzione commentata""}"
"callout-note","chapters/modelli/04_dalla_formula_al_programma.qmd",784,"::: {.callout-note collapse=true title=""Soluzione commentata""}"
"callout-note","chapters/modelli/04_dalla_formula_al_programma.qmd",792,"::: {.callout-note collapse=true title=""Informazioni sull'ambiente di sviluppo""}"
"callout-tip","chapters/modelli/04_dalla_formula_al_programma.qmd",29,"::: {.callout-tip collapse=""true"" title=""Prerequisiti""}"
"callout-tip","chapters/modelli/04_dalla_formula_al_programma.qmd",571,"::: {.callout-tip collapse=""true"" title=""Approfondimento: lo stesso nucleo scritto direttamente in Stan""}"
"callout-tip","chapters/modelli/04_dalla_formula_al_programma.qmd",680,"::: {.callout-tip collapse=true title=""Suggerimento""}"
"callout-tip","chapters/modelli/04_dalla_formula_al_programma.qmd",760,"::: {.callout-tip collapse=true title=""Suggerimento""}"
"callout-tip","chapters/modelli/04_dalla_formula_al_programma.qmd",780,"::: {.callout-tip collapse=true title=""Suggerimento""}"
"callout-important","chapters/modelli/04_dalla_formula_al_programma.qmd",19,"::: {.callout-important appearance=""minimal"" .chapter-status}"
"callout-important","chapters/modelli/04_dalla_formula_al_programma.qmd",73,"::: {.callout-important title=""Che cosa cambia davvero""}"
"callout-important","chapters/modelli/04_dalla_formula_al_programma.qmd",368,"::: {.callout-important title=""Perché la matrice del modello è centrale""}"
"callout-warning","chapters/modelli/04_dalla_formula_al_programma.qmd",237,"::: {.callout-warning title=""Condizionare non equivale a intervenire""}"
"callout-warning","chapters/modelli/04_dalla_formula_al_programma.qmd",630,"::: {.callout-warning title=""Errori di interpretazione e implementazione""}"
"callout-caution","chapters/modelli/04_dalla_formula_al_programma.qmd",36,"::: {.callout-caution collapse=true title=""Preparazione del notebook""}"
"articolo-elidato","chapters/modelli/04_dalla_formula_al_programma.qmd",30,"- Il modello lineare generativo è introdotto nell'@sec-linear-generative."
"articolo-elidato","chapters/modelli/04_dalla_formula_al_programma.qmd",31,"- Il workflow completo con `brms` è sviluppato nell'@sec-linmod-bayesian-reg."
"articolo-elidato","chapters/modelli/04_dalla_formula_al_programma.qmd",32,"- È sufficiente una conoscenza elementare di vettori e matrici; per un richiamo più sistematico si veda l'@sec"
"articolo-elidato","chapters/modelli/04_dalla_formula_al_programma.qmd",33,"- La lettura del codice Stan è introdotta nell'@sec-apx-stan-lang."
"articolo-elidato","chapters/modelli/04_dalla_formula_al_programma.qmd",615,"Non ripetiamo qui l'intero apparato diagnostico già sviluppato nell'@sec-linmod-bayesian-reg. Vale però la pen"
"sessionInfo","chapters/modelli/04_dalla_formula_al_programma.qmd",795,"sessionInfo()"
"metadato-esercizio","chapters/modelli/04_dalla_formula_al_programma.qmd",666,"*Codice: no · 10 minuti*"
"metadato-esercizio","chapters/modelli/04_dalla_formula_al_programma.qmd",705,"*Codice: no · 10 minuti*"
"metadato-esercizio","chapters/modelli/04_dalla_formula_al_programma.qmd",742,"*Codice: guidato · 15 minuti*"
"metadato-esercizio","chapters/modelli/04_dalla_formula_al_programma.qmd",772,"*Codice: no · 15 minuti*"
"callout-note","chapters/modelli/05_inferenza_su_una_media.qmd",3,"::: {.callout-note appearance=""minimal""}"
"callout-note","chapters/modelli/05_inferenza_su_una_media.qmd",184,"::: {.callout-note title=""Perché l'intercetta coincide con la media""}"
"callout-note","chapters/modelli/05_inferenza_su_una_media.qmd",286,"::: {.callout-note title=""Diagnostica del calcolo, non del fenomeno""}"
"callout-note","chapters/modelli/05_inferenza_su_una_media.qmd",446,"::: {.callout-note title=""Il workflow è lo stesso, ma la domanda del controllo cambia""}"
"callout-note","chapters/modelli/05_inferenza_su_una_media.qmd",563,"::: {.callout-note collapse=true title=""Soluzione commentata""}"
"callout-note","chapters/modelli/05_inferenza_su_una_media.qmd",587,"::: {.callout-note collapse=true title=""Soluzione commentata""}"
"callout-note","chapters/modelli/05_inferenza_su_una_media.qmd",613,"::: {.callout-note collapse=true title=""Soluzione commentata""}"
"callout-note","chapters/modelli/05_inferenza_su_una_media.qmd",633,"::: {.callout-note collapse=true title=""Soluzione commentata""}"
"callout-note","chapters/modelli/05_inferenza_su_una_media.qmd",637,"::: {.callout-note collapse=true title=""Informazioni sull'ambiente di sviluppo""}"
"callout-tip","chapters/modelli/05_inferenza_su_una_media.qmd",37,"::: {.callout-tip collapse=true title=""Prerequisiti""}"
"callout-tip","chapters/modelli/05_inferenza_su_una_media.qmd",451,"::: {.callout-tip appearance=""minimal"" .optional-section}"
"callout-tip","chapters/modelli/05_inferenza_su_una_media.qmd",559,"::: {.callout-tip collapse=true title=""Suggerimento""}"
"callout-tip","chapters/modelli/05_inferenza_su_una_media.qmd",609,"::: {.callout-tip collapse=true title=""Suggerimento""}"
"callout-important","chapters/modelli/05_inferenza_su_una_media.qmd",27,"::: {.callout-important appearance=""minimal"" .chapter-status}"
"callout-important","chapters/modelli/05_inferenza_su_una_media.qmd",74,"::: {.callout-important title=""Parametro, dispersione e previsione sono domande diverse""}"
"callout-important","chapters/modelli/05_inferenza_su_una_media.qmd",78,"::: {.callout-important title=""La popolazione non è definita dal modello""}"
"callout-important","chapters/modelli/05_inferenza_su_una_media.qmd",422,"::: {.callout-important title=""Precisione del parametro e variabilità individuale""}"
"callout-caution","chapters/modelli/05_inferenza_su_una_media.qmd",45,"::: {.callout-caution collapse=true title=""Preparazione del notebook""}"
"callout-caution","chapters/modelli/05_inferenza_su_una_media.qmd",522,"::: {.callout-caution}"
"articolo-elidato","chapters/modelli/05_inferenza_su_una_media.qmd",38,"- Il modello lineare come modello generativo è introdotto nell'@sec-linear-generative."
"articolo-elidato","chapters/modelli/05_inferenza_su_una_media.qmd",39,"- Il workflow bayesiano completo con `brms` è sviluppato nell'@sec-linmod-bayesian-reg e qui viene dato per ac"
"articolo-elidato","chapters/modelli/05_inferenza_su_una_media.qmd",40,"- La relazione tra formule R e matrice del modello è discussa nell'@sec-multiple-regression."
"sessionInfo","chapters/modelli/05_inferenza_su_una_media.qmd",639,"sessionInfo()"
"metadato-esercizio","chapters/modelli/05_inferenza_su_una_media.qmd",543,"*Codice: no · 10 minuti*"
"metadato-esercizio","chapters/modelli/05_inferenza_su_una_media.qmd",575,"*Codice: no · 10 minuti*"
"metadato-esercizio","chapters/modelli/05_inferenza_su_una_media.qmd",593,"*Codice: no · 10–15 minuti*"
"metadato-esercizio","chapters/modelli/05_inferenza_su_una_media.qmd",619,"*Codice: no · 15 minuti*"
"callout-note","chapters/modelli/06_due_gruppi_rilevanza_pratica.qmd",3,"::: {.callout-note appearance=""minimal""}"
"callout-note","chapters/modelli/06_due_gruppi_rilevanza_pratica.qmd",193,"::: {.callout-note title=""Il test $t$ come caso particolare del modello lineare""}"
"callout-note","chapters/modelli/06_due_gruppi_rilevanza_pratica.qmd",307,"::: {.callout-note title=""La scala della codifica determina la scala del coefficiente""}"
"callout-note","chapters/modelli/06_due_gruppi_rilevanza_pratica.qmd",703,"::: {.callout-note title=""SESOI e ROPE non sono sinonimi""}"
"callout-note","chapters/modelli/06_due_gruppi_rilevanza_pratica.qmd",855,"::: {.callout-note collapse=true title=""Soluzione commentata""}"
"callout-note","chapters/modelli/06_due_gruppi_rilevanza_pratica.qmd",877,"::: {.callout-note collapse=true title=""Soluzione commentata""}"
"callout-note","chapters/modelli/06_due_gruppi_rilevanza_pratica.qmd",908,"::: {.callout-note collapse=true title=""Soluzione commentata""}"
"callout-note","chapters/modelli/06_due_gruppi_rilevanza_pratica.qmd",928,"::: {.callout-note collapse=true title=""Soluzione commentata""}"
"callout-note","chapters/modelli/06_due_gruppi_rilevanza_pratica.qmd",932,"::: {.callout-note collapse=true title=""Informazioni sull'ambiente di sviluppo""}"
"callout-tip","chapters/modelli/06_due_gruppi_rilevanza_pratica.qmd",27,"::: {.callout-tip collapse=true title=""Prerequisiti""}"
"callout-tip","chapters/modelli/06_due_gruppi_rilevanza_pratica.qmd",387,"::: {.callout-tip title=""Il ponte verso più gruppi e ANOVA""}"
"callout-tip","chapters/modelli/06_due_gruppi_rilevanza_pratica.qmd",756,"::: {.callout-tip collapse=true title=""Approfondimento: se le dispersioni differiscono""}"
"callout-tip","chapters/modelli/06_due_gruppi_rilevanza_pratica.qmd",851,"::: {.callout-tip collapse=true title=""Suggerimento""}"
"callout-tip","chapters/modelli/06_due_gruppi_rilevanza_pratica.qmd",904,"::: {.callout-tip collapse=true title=""Suggerimento""}"
"callout-important","chapters/modelli/06_due_gruppi_rilevanza_pratica.qmd",17,"::: {.callout-important appearance=""minimal"" .chapter-status}"
"callout-important","chapters/modelli/06_due_gruppi_rilevanza_pratica.qmd",72,"::: {.callout-important title=""Prima la quantità scientifica, poi la codifica""}"
"callout-important","chapters/modelli/06_due_gruppi_rilevanza_pratica.qmd",371,"::: {.callout-important title=""Che cosa cambia e che cosa rimane invariato""}"
"callout-warning","chapters/modelli/06_due_gruppi_rilevanza_pratica.qmd",76,"::: {.callout-warning title=""Una differenza tra gruppi non è automaticamente causale""}"
"callout-caution","chapters/modelli/06_due_gruppi_rilevanza_pratica.qmd",35,"::: {.callout-caution collapse=true title=""Preparazione del notebook""}"
"callout-caution","chapters/modelli/06_due_gruppi_rilevanza_pratica.qmd",732,"::: {.callout-caution title=""Evitare categorie automatiche""}"
"callout-caution","chapters/modelli/06_due_gruppi_rilevanza_pratica.qmd",769,"::: {.callout-caution title=""Gruppi indipendenti e misure appaiate sono disegni diversi""}"
"callout-caution","chapters/modelli/06_due_gruppi_rilevanza_pratica.qmd",812,"::: {.callout-caution}"
"articolo-elidato","chapters/modelli/06_due_gruppi_rilevanza_pratica.qmd",28,"- Il modello a sola intercetta è discusso nell'@sec-mcmc-one-mean."
"articolo-elidato","chapters/modelli/06_due_gruppi_rilevanza_pratica.qmd",29,"- La relazione tra formula R e matrice del modello è introdotta nell'@sec-multiple-regression."
"articolo-elidato","chapters/modelli/06_due_gruppi_rilevanza_pratica.qmd",30,"- Il workflow bayesiano completo con `brms` è presentato nell'@sec-linmod-bayesian-reg."
"articolo-elidato","chapters/modelli/06_due_gruppi_rilevanza_pratica.qmd",493,"Prima di interpretare questi risultati dobbiamo però assicurarci che il procedimento di stima abbia funzionato"
"sessionInfo","chapters/modelli/06_due_gruppi_rilevanza_pratica.qmd",934,"sessionInfo()"
"blockquote-etichetta","chapters/modelli/07_piu_gruppi_contrasti_anova.qmd",49,"> **Quesito 1:** nel complesso, i due gruppi di terapia presentano punteggi medi di depressione inferiori risp"
"blockquote-etichetta","chapters/modelli/07_piu_gruppi_contrasti_anova.qmd",51,"> **Quesito 2:** i due protocolli terapeutici differiscono tra loro in misura sostantivamente rilevante?"
"blockquote-etichetta","chapters/modelli/07_piu_gruppi_contrasti_anova.qmd",146,"> **Valutazione metodologica:** il grafico suggerisce una riduzione dei punteggi medi dal controllo alla secon"
"blockquote-etichetta","chapters/modelli/07_piu_gruppi_contrasti_anova.qmd",424,"> **Valutazione diagnostica:** questo controllo non richiede che le repliche assomiglino già ai dati osservati"
"callout-note","chapters/modelli/07_piu_gruppi_contrasti_anova.qmd",3,"::: {.callout-note appearance=""minimal""}"
"callout-note","chapters/modelli/07_piu_gruppi_contrasti_anova.qmd",80,"::: {.callout-note title=""Che ruolo ha allora il test omnibus?""}"
"callout-note","chapters/modelli/07_piu_gruppi_contrasti_anova.qmd",160,"::: {.callout-note title=""Due usi della parola contrasto""}"
"callout-note","chapters/modelli/07_piu_gruppi_contrasti_anova.qmd",354,"::: {.callout-note title=""Perché questa è già la logica dell'ANOVA""}"
"callout-note","chapters/modelli/07_piu_gruppi_contrasti_anova.qmd",771,"::: {.callout-note collapse=true title=""Soluzione commentata""}"
"callout-note","chapters/modelli/07_piu_gruppi_contrasti_anova.qmd",801,"::: {.callout-note collapse=true title=""Soluzione commentata""}"
"callout-note","chapters/modelli/07_piu_gruppi_contrasti_anova.qmd",832,"::: {.callout-note collapse=true title=""Soluzione commentata""}"
"callout-note","chapters/modelli/07_piu_gruppi_contrasti_anova.qmd",862,"::: {.callout-note collapse=true title=""Soluzione commentata""}"
"callout-note","chapters/modelli/07_piu_gruppi_contrasti_anova.qmd",868,"::: {.callout-note collapse=true title=""Informazioni sull'ambiente di sviluppo""}"
"callout-tip","chapters/modelli/07_piu_gruppi_contrasti_anova.qmd",26,"::: {.callout-tip collapse=true title=""Prerequisiti""}"
"callout-tip","chapters/modelli/07_piu_gruppi_contrasti_anova.qmd",553,"::: {.callout-tip collapse=true title=""Approfondimento: dichiarare i contrasti con emmeans""}"
"callout-tip","chapters/modelli/07_piu_gruppi_contrasti_anova.qmd",767,"::: {.callout-tip collapse=true title=""Suggerimento""}"
"callout-tip","chapters/modelli/07_piu_gruppi_contrasti_anova.qmd",797,"::: {.callout-tip collapse=true title=""Suggerimento""}"
"callout-tip","chapters/modelli/07_piu_gruppi_contrasti_anova.qmd",828,"::: {.callout-tip collapse=true title=""Suggerimento""}"
"callout-tip","chapters/modelli/07_piu_gruppi_contrasti_anova.qmd",858,"::: {.callout-tip collapse=true title=""Suggerimento""}"
"callout-important","chapters/modelli/07_piu_gruppi_contrasti_anova.qmd",16,"::: {.callout-important appearance=""minimal"" .chapter-status}"
"callout-important","chapters/modelli/07_piu_gruppi_contrasti_anova.qmd",68,"::: {.callout-important title=""Da due gruppi a più gruppi: cambia il numero delle medie, non la logica""}"
"callout-important","chapters/modelli/07_piu_gruppi_contrasti_anova.qmd",282,"::: {.callout-important title=""La scala della codifica determina la scala dei coefficienti""}"
"callout-important","chapters/modelli/07_piu_gruppi_contrasti_anova.qmd",537,"::: {.callout-important title=""Un contrasto è una domanda scritta come pesi sulle medie""}"
"callout-important","chapters/modelli/07_piu_gruppi_contrasti_anova.qmd",673,"::: {.callout-important title=""Omnibus e contrasti rispondono a domande diverse""}"
"callout-warning","chapters/modelli/07_piu_gruppi_contrasti_anova.qmd",381,"::: {.callout-warning title=""I prior dipendono dalla parametrizzazione""}"
"callout-warning","chapters/modelli/07_piu_gruppi_contrasti_anova.qmd",720,"::: {.callout-warning collapse=true title=""Trattare l'ANOVA come una tecnica separata""}"
"callout-warning","chapters/modelli/07_piu_gruppi_contrasti_anova.qmd",724,"::: {.callout-warning collapse=true title=""Interpretare i coefficienti senza controllare la codifica""}"
"callout-warning","chapters/modelli/07_piu_gruppi_contrasti_anova.qmd",728,"::: {.callout-warning collapse=true title=""Eseguire automaticamente tutti i confronti a coppie""}"
"callout-warning","chapters/modelli/07_piu_gruppi_contrasti_anova.qmd",732,"::: {.callout-warning collapse=true title=""Confondere probabilità direzionale e rilevanza pratica""}"
"callout-warning","chapters/modelli/07_piu_gruppi_contrasti_anova.qmd",736,"::: {.callout-warning collapse=true title=""Affermare che il Bayesiano elimina la molteplicità""}"
"callout-warning","chapters/modelli/07_piu_gruppi_contrasti_anova.qmd",740,"::: {.callout-warning collapse=true title=""Pensare che un buon campionamento convalidi il modello""}"
"callout-caution","chapters/modelli/07_piu_gruppi_contrasti_anova.qmd",30,"::: {.callout-caution collapse=true title=""Preparazione del notebook""}"
"callout-caution","chapters/modelli/07_piu_gruppi_contrasti_anova.qmd",88,"::: {.callout-caution title=""Una via non significa un gruppo""}"
"titolo-numerato-a-mano","chapters/modelli/07_piu_gruppi_contrasti_anova.qmd",164,"### 1. Codifica a riferimento (*treatment coding*)"
"titolo-numerato-a-mano","chapters/modelli/07_piu_gruppi_contrasti_anova.qmd",222,"### 2. Codifica a somma zero (*effect coding*)"
"titolo-numerato-a-mano","chapters/modelli/07_piu_gruppi_contrasti_anova.qmd",286,"### 3. Parametrizzazione a medie di cella"
"sessionInfo","chapters/modelli/07_piu_gruppi_contrasti_anova.qmd",873,"sessionInfo()"
"metadato-esercizio","chapters/modelli/07_piu_gruppi_contrasti_anova.qmd",758,"*Codice: no · 10 minuti*"
"metadato-esercizio","chapters/modelli/07_piu_gruppi_contrasti_anova.qmd",783,"*Codice: no · 10–15 minuti*"
"metadato-esercizio","chapters/modelli/07_piu_gruppi_contrasti_anova.qmd",850,"*Codice: no · 10 minuti*"
"callout-note","chapters/modelli/08_modelli_multilivello_partial_pooling.qmd",3,"::: {.callout-note appearance=""minimal""}"
"callout-note","chapters/modelli/08_modelli_multilivello_partial_pooling.qmd",964,"::: {.callout-note collapse=true title=""Soluzione commentata""}"
"callout-note","chapters/modelli/08_modelli_multilivello_partial_pooling.qmd",991,"::: {.callout-note collapse=true title=""Soluzione commentata""}"
"callout-note","chapters/modelli/08_modelli_multilivello_partial_pooling.qmd",1032,"::: {.callout-note collapse=true title=""Soluzione commentata""}"
"callout-note","chapters/modelli/08_modelli_multilivello_partial_pooling.qmd",1052,"::: {.callout-note collapse=true title=""Soluzione commentata""}"
"callout-note","chapters/modelli/08_modelli_multilivello_partial_pooling.qmd",1058,"::: {.callout-note collapse=true title=""Informazioni sull'ambiente di sviluppo""}"
"callout-tip","chapters/modelli/08_modelli_multilivello_partial_pooling.qmd",21,"::: {.callout-tip collapse=true title=""Prerequisiti""}"
"callout-tip","chapters/modelli/08_modelli_multilivello_partial_pooling.qmd",960,"::: {.callout-tip collapse=true title=""Suggerimento""}"
"callout-tip","chapters/modelli/08_modelli_multilivello_partial_pooling.qmd",987,"::: {.callout-tip collapse=true title=""Suggerimento""}"
"callout-tip","chapters/modelli/08_modelli_multilivello_partial_pooling.qmd",1028,"::: {.callout-tip collapse=true title=""Suggerimento""}"
"callout-tip","chapters/modelli/08_modelli_multilivello_partial_pooling.qmd",1048,"::: {.callout-tip collapse=true title=""Suggerimento""}"
"callout-important","chapters/modelli/08_modelli_multilivello_partial_pooling.qmd",11,"::: {.callout-important appearance=""minimal"" .chapter-status}"
"callout-important","chapters/modelli/08_modelli_multilivello_partial_pooling.qmd",91,"::: {.callout-important appearance=""minimal"" title=""Messaggio epistemologico""}"
"callout-caution","chapters/modelli/08_modelli_multilivello_partial_pooling.qmd",30,"::: {.callout-caution collapse=true title=""Preparazione del notebook""}"
"callout-caution","chapters/modelli/08_modelli_multilivello_partial_pooling.qmd",915,"::: {.callout-caution}"
"sessionInfo","chapters/modelli/08_modelli_multilivello_partial_pooling.qmd",1060,"sessionInfo()"
"metadato-esercizio","chapters/modelli/08_modelli_multilivello_partial_pooling.qmd",943,"*Codice: no · 10–15 minuti*"
"metadato-esercizio","chapters/modelli/08_modelli_multilivello_partial_pooling.qmd",970,"*Codice: no · 10 minuti*"
"metadato-esercizio","chapters/modelli/08_modelli_multilivello_partial_pooling.qmd",1040,"*Codice: no · 10–15 minuti*"
"callout-note","chapters/modelli/09_quando_il_modello_sbaglia.qmd",3,"::: {.callout-note appearance=""minimal""}"
"callout-note","chapters/modelli/09_quando_il_modello_sbaglia.qmd",321,"::: {.callout-note collapse=true title=""Soluzione commentata""}"
"callout-note","chapters/modelli/09_quando_il_modello_sbaglia.qmd",337,"::: {.callout-note collapse=true title=""Soluzione commentata""}"
"callout-note","chapters/modelli/09_quando_il_modello_sbaglia.qmd",357,"::: {.callout-note collapse=true title=""Soluzione commentata""}"
"callout-note","chapters/modelli/09_quando_il_modello_sbaglia.qmd",378,"::: {.callout-note collapse=true title=""Soluzione commentata""}"
"callout-note","chapters/modelli/09_quando_il_modello_sbaglia.qmd",382,"::: {.callout-note collapse=true title=""Informazioni sull'ambiente di sviluppo""}"
"callout-tip","chapters/modelli/09_quando_il_modello_sbaglia.qmd",21,"::: {.callout-tip collapse=true title=""Prerequisiti""}"
"callout-tip","chapters/modelli/09_quando_il_modello_sbaglia.qmd",317,"::: {.callout-tip collapse=true title=""Suggerimento""}"
"callout-tip","chapters/modelli/09_quando_il_modello_sbaglia.qmd",374,"::: {.callout-tip collapse=true title=""Suggerimento""}"
"callout-important","chapters/modelli/09_quando_il_modello_sbaglia.qmd",11,"::: {.callout-important appearance=""minimal"" .chapter-status}"
"callout-important","chapters/modelli/09_quando_il_modello_sbaglia.qmd",48,"::: {.callout-important title=""Una gerarchia di domande""}"
"callout-important","chapters/modelli/09_quando_il_modello_sbaglia.qmd",251,"::: {.callout-important title=""Il controllo deve seguire la struttura della domanda""}"
"callout-caution","chapters/modelli/09_quando_il_modello_sbaglia.qmd",25,"::: {.callout-caution collapse=true title=""Preparazione del notebook""}"
"callout-caution","chapters/modelli/09_quando_il_modello_sbaglia.qmd",68,"::: {.callout-caution title=""Revisione non significa inseguire i dati""}"
"sessionInfo","chapters/modelli/09_quando_il_modello_sbaglia.qmd",385,"sessionInfo()"
"metadato-esercizio","chapters/modelli/09_quando_il_modello_sbaglia.qmd",307,"*Codice: no · 10 minuti*"
"metadato-esercizio","chapters/modelli/09_quando_il_modello_sbaglia.qmd",327,"*Codice: no · 10–15 minuti*"
"metadato-esercizio","chapters/modelli/09_quando_il_modello_sbaglia.qmd",343,"*Codice: no · 15 minuti*"
"metadato-esercizio","chapters/modelli/09_quando_il_modello_sbaglia.qmd",363,"*Codice: no · 15 minuti*"
"callout-note","chapters/modelli/10_associazione_previsione_effetto_causale.qmd",3,"::: {.callout-note appearance=""minimal""}"
"callout-note","chapters/modelli/10_associazione_previsione_effetto_causale.qmd",244,"::: {.callout-note title=""Quattro obiettivi, non una scala gerarchica""}"
"callout-note","chapters/modelli/10_associazione_previsione_effetto_causale.qmd",318,"::: {.callout-note collapse=true title=""Soluzione commentata""}"
"callout-note","chapters/modelli/10_associazione_previsione_effetto_causale.qmd",344,"::: {.callout-note collapse=true title=""Soluzione commentata""}"
"callout-note","chapters/modelli/10_associazione_previsione_effetto_causale.qmd",364,"::: {.callout-note collapse=true title=""Soluzione commentata""}"
"callout-note","chapters/modelli/10_associazione_previsione_effetto_causale.qmd",385,"::: {.callout-note collapse=true title=""Soluzione commentata""}"
"callout-note","chapters/modelli/10_associazione_previsione_effetto_causale.qmd",393,"::: {.callout-note collapse=true title=""Informazioni sull'ambiente di sviluppo""}"
"callout-tip","chapters/modelli/10_associazione_previsione_effetto_causale.qmd",27,"::: {.callout-tip collapse=""true"" title=""Prerequisiti""}"
"callout-tip","chapters/modelli/10_associazione_previsione_effetto_causale.qmd",163,"::: {.callout-tip collapse=true title=""Approfondimento computazionale: una simulazione minima""}"
"callout-tip","chapters/modelli/10_associazione_previsione_effetto_causale.qmd",206,"::: {.callout-tip title=""Non controllare automaticamente tutto ciò che è disponibile""}"
"callout-tip","chapters/modelli/10_associazione_previsione_effetto_causale.qmd",296,"::: {.callout-tip appearance=""simple""}"
"callout-tip","chapters/modelli/10_associazione_previsione_effetto_causale.qmd",314,"::: {.callout-tip collapse=true title=""Suggerimento""}"
"callout-tip","chapters/modelli/10_associazione_previsione_effetto_causale.qmd",340,"::: {.callout-tip collapse=true title=""Suggerimento""}"
"callout-tip","chapters/modelli/10_associazione_previsione_effetto_causale.qmd",360,"::: {.callout-tip collapse=true title=""Suggerimento""}"
"callout-tip","chapters/modelli/10_associazione_previsione_effetto_causale.qmd",381,"::: {.callout-tip collapse=true title=""Suggerimento""}"
"callout-important","chapters/modelli/10_associazione_previsione_effetto_causale.qmd",17,"::: {.callout-important appearance=""minimal"" .chapter-status}"
"callout-important","chapters/modelli/10_associazione_previsione_effetto_causale.qmd",44,"::: {.callout-important title=""La quantità di interesse viene prima della formula""}"
"callout-important","chapters/modelli/10_associazione_previsione_effetto_causale.qmd",139,"::: {.callout-important title=""L'identificazione precede la stima""}"
"callout-warning","chapters/modelli/10_associazione_previsione_effetto_causale.qmd",222,"::: {.callout-warning title=""Bayes quantifica l'incertezza; non crea identificazione""}"
"callout-caution","chapters/modelli/10_associazione_previsione_effetto_causale.qmd",276,"::: {.callout-caution}"
"sessionInfo","chapters/modelli/10_associazione_previsione_effetto_causale.qmd",395,"sessionInfo()"
"metadato-esercizio","chapters/modelli/10_associazione_previsione_effetto_causale.qmd",304,"*Codice: no · 10–15 minuti*"
"metadato-esercizio","chapters/modelli/10_associazione_previsione_effetto_causale.qmd",324,"*Codice: no · 10–15 minuti*"
"metadato-esercizio","chapters/modelli/10_associazione_previsione_effetto_causale.qmd",350,"*Codice: no · 15 minuti*"
"metadato-esercizio","chapters/modelli/10_associazione_previsione_effetto_causale.qmd",370,"*Codice: no · 15 minuti*"
"callout-note","chapters/svolta/_intro_sec_bayesian.qmd",1,"::: {.callout-note appearance=""minimal""}"
"callout-tip","chapters/svolta/_intro_sec_bayesian.qmd",11,"::: {.callout-tip}"
"callout-important","chapters/svolta/_intro_sec_bayesian.qmd",34,"::: {.callout-important}"
"callout-caution","chapters/svolta/_intro_sec_bayesian.qmd",47,"::: {.callout-caution appearance=""simple""}"
"titolo-numerato-a-mano","chapters/svolta/_intro_sec_bayesian.qmd",16,"### 1. Fondamenti e aggiornamento"
"titolo-numerato-a-mano","chapters/svolta/_intro_sec_bayesian.qmd",22,"### 2. Comprendere la posterior e il ruolo del prior"
"titolo-numerato-a-mano","chapters/svolta/_intro_sec_bayesian.qmd",27,"### 3. Dalle quantità latenti ai dati osservabili"
"callout-note","chapters/svolta/00_epistemological_foundations.qmd",53,"::: {.callout-note title=""Idea centrale del Dutch Book""}"
"callout-note","chapters/svolta/00_epistemological_foundations.qmd",181,"::: {.callout-note collapse=""true"" title=""Soluzione commentata""}"
"callout-note","chapters/svolta/00_epistemological_foundations.qmd",205,"::: {.callout-note collapse=""true"" title=""Soluzione commentata""}"
"callout-note","chapters/svolta/00_epistemological_foundations.qmd",231,"::: {.callout-note collapse=""true"" title=""Soluzione commentata""}"
"callout-note","chapters/svolta/00_epistemological_foundations.qmd",257,"::: {.callout-note collapse=""true"" title=""Soluzione commentata""}"
"callout-tip","chapters/svolta/00_epistemological_foundations.qmd",177,"::: {.callout-tip collapse=""true"" title=""Suggerimento""}"
"callout-tip","chapters/svolta/00_epistemological_foundations.qmd",201,"::: {.callout-tip collapse=""true"" title=""Suggerimento""}"
"callout-tip","chapters/svolta/00_epistemological_foundations.qmd",227,"::: {.callout-tip collapse=""true"" title=""Suggerimento""}"
"callout-tip","chapters/svolta/00_epistemological_foundations.qmd",253,"::: {.callout-tip collapse=""true"" title=""Suggerimento""}"
"callout-important","chapters/svolta/00_epistemological_foundations.qmd",3,"::: {.callout-important appearance=""minimal"" .chapter-status}"
"articolo-elidato","chapters/svolta/00_epistemological_foundations.qmd",6,"**Rapporto con il manuale.** Questo capitolo approfondisce i capitoli del manuale dedicati alla probabilità co"
"metadato-esercizio","chapters/svolta/00_epistemological_foundations.qmd",169,"*Codice: no · 5–10 minuti*"
"metadato-esercizio","chapters/svolta/00_epistemological_foundations.qmd",191,"*Codice: no · 5–10 minuti*"
"metadato-esercizio","chapters/svolta/00_epistemological_foundations.qmd",215,"*Codice: no · 10 minuti*"
"metadato-esercizio","chapters/svolta/00_epistemological_foundations.qmd",245,"*Codice: no · 10 minuti*"
"callout-note","chapters/svolta/01_grid_approx.qmd",3,"::: {.callout-note appearance=""minimal""}"
"callout-note","chapters/svolta/01_grid_approx.qmd",119,"::: {.callout-note title=""Densità continua e probabilità discreta""}"
"callout-note","chapters/svolta/01_grid_approx.qmd",390,"::: {.callout-note collapse=""true"" title=""Approfondimento: la soluzione Beta-Binomiale e la risoluzione della "
"callout-note","chapters/svolta/01_grid_approx.qmd",661,"::: {.callout-note collapse=""true"" title=""Soluzione commentata""}"
"callout-note","chapters/svolta/01_grid_approx.qmd",690,"::: {.callout-note collapse=""true"" title=""Soluzione commentata""}"
"callout-note","chapters/svolta/01_grid_approx.qmd",732,"::: {.callout-note collapse=""true"" title=""Soluzione commentata""}"
"callout-note","chapters/svolta/01_grid_approx.qmd",752,"::: {.callout-note collapse=""true"" title=""Elementi per la risposta""}"
"callout-note","chapters/svolta/01_grid_approx.qmd",758,"::: {.callout-note collapse=""true"" title=""Informazioni sull'ambiente di sviluppo""}"
"callout-tip","chapters/svolta/01_grid_approx.qmd",43,"::: {.callout-tip collapse=""true"" title=""Prerequisiti""}"
"callout-tip","chapters/svolta/01_grid_approx.qmd",657,"::: {.callout-tip collapse=""true"" title=""Suggerimento""}"
"callout-tip","chapters/svolta/01_grid_approx.qmd",686,"::: {.callout-tip collapse=""true"" title=""Suggerimento""}"
"callout-tip","chapters/svolta/01_grid_approx.qmd",716,"::: {.callout-tip collapse=""true"" title=""Suggerimento""}"
"callout-tip","chapters/svolta/01_grid_approx.qmd",748,"::: {.callout-tip collapse=""true"" title=""Suggerimento""}"
"callout-important","chapters/svolta/01_grid_approx.qmd",33,"::: {.callout-important appearance=""minimal"" .chapter-status}"
"callout-important","chapters/svolta/01_grid_approx.qmd",237,"::: {.callout-important title=""La regola intuitiva dell'aggiornamento""}"
"callout-caution","chapters/svolta/01_grid_approx.qmd",51,"::: {.callout-caution collapse=""true"" title=""Preparazione del notebook""}"
"articolo-elidato","chapters/svolta/01_grid_approx.qmd",47,"- Per richiami su intervalli e sommatorie si possono consultare l'@sec-apx-numbers e l'@sec-apx-sums; la lettu"
"sessionInfo","chapters/svolta/01_grid_approx.qmd",760,"sessionInfo()"
"metadato-esercizio","chapters/svolta/01_grid_approx.qmd",642,"*Codice: no · Tempo indicativo: 15 minuti*"
"metadato-esercizio","chapters/svolta/01_grid_approx.qmd",677,"*Codice: no · Tempo indicativo: 10 minuti*"
"metadato-esercizio","chapters/svolta/01_grid_approx.qmd",699,"*Codice: sì · Tempo indicativo: 20 minuti*"
"metadato-esercizio","chapters/svolta/01_grid_approx.qmd",740,"*Codice: no · Tempo indicativo: 10 minuti*"
"callout-note","chapters/svolta/02_conjugate_families.qmd",3,"::: {.callout-note appearance=""minimal""}"
"callout-note","chapters/svolta/02_conjugate_families.qmd",122,"::: {.callout-note collapse=""true"" title=""Strumenti R per seguire i calcoli""}"
"callout-note","chapters/svolta/02_conjugate_families.qmd",619,"::: {.callout-note title=""Quando i dati possono essere accumulati""}"
"callout-note","chapters/svolta/02_conjugate_families.qmd",639,"::: {.callout-note collapse=""true"" title=""Approfondimento: combinare informazioni mediante le precisioni""}"
"callout-note","chapters/svolta/02_conjugate_families.qmd",715,"::: {.callout-note collapse=""true"" title=""Approfondimento: una panoramica operativa""}"
"callout-note","chapters/svolta/02_conjugate_families.qmd",732,"::: {.callout-note collapse=""true"" title=""Una distinzione da conservare""}"
"callout-note","chapters/svolta/02_conjugate_families.qmd",777,"::: {.callout-note collapse=""true"" title=""Soluzione commentata""}"
"callout-note","chapters/svolta/02_conjugate_families.qmd",827,"::: {.callout-note collapse=""true"" title=""Soluzione commentata""}"
"callout-note","chapters/svolta/02_conjugate_families.qmd",866,"::: {.callout-note collapse=""true"" title=""Soluzione commentata""}"
"callout-note","chapters/svolta/02_conjugate_families.qmd",899,"::: {.callout-note collapse=""true"" title=""Elementi per la risposta""}"
"callout-note","chapters/svolta/02_conjugate_families.qmd",907,"::: {.callout-note collapse=""true"" title=""Informazioni sull'ambiente di sviluppo""}"
"callout-tip","chapters/svolta/02_conjugate_families.qmd",23,"::: {.callout-tip collapse=""true"" title=""Prerequisiti""}"
"callout-tip","chapters/svolta/02_conjugate_families.qmd",111,"::: {.callout-tip title=""Quattro quantità, un’unica lettura""}"
"callout-tip","chapters/svolta/02_conjugate_families.qmd",773,"::: {.callout-tip collapse=""true"" title=""Suggerimento""}"
"callout-tip","chapters/svolta/02_conjugate_families.qmd",823,"::: {.callout-tip collapse=""true"" title=""Suggerimento""}"
"callout-tip","chapters/svolta/02_conjugate_families.qmd",862,"::: {.callout-tip collapse=""true"" title=""Suggerimento""}"
"callout-tip","chapters/svolta/02_conjugate_families.qmd",895,"::: {.callout-tip collapse=""true"" title=""Suggerimento""}"
"callout-important","chapters/svolta/02_conjugate_families.qmd",13,"::: {.callout-important appearance=""minimal"" .chapter-status}"
"callout-important","chapters/svolta/02_conjugate_families.qmd",81,"::: {.callout-important title=""La coniugazione come chiusura dell’aggiornamento""}"
"callout-important","chapters/svolta/02_conjugate_families.qmd",537,"::: {.callout-important title=""Due domande diverse""}"
"callout-caution","chapters/svolta/02_conjugate_families.qmd",31,"::: {.callout-caution collapse=""true"" title=""Preparazione del notebook""}"
"sessionInfo","chapters/svolta/02_conjugate_families.qmd",909,"sessionInfo()"
"metadato-esercizio","chapters/svolta/02_conjugate_families.qmd",755,"*Codice: no · Tempo indicativo: 15 minuti*"
"metadato-esercizio","chapters/svolta/02_conjugate_families.qmd",808,"*Codice: no · Tempo indicativo: 10 minuti*"
"metadato-esercizio","chapters/svolta/02_conjugate_families.qmd",840,"*Codice: sì · Tempo indicativo: 20 minuti*"
"metadato-esercizio","chapters/svolta/02_conjugate_families.qmd",887,"*Codice: no · Tempo indicativo: 10 minuti*"
"callout-note","chapters/svolta/03_summary_posterior.qmd",3,"::: {.callout-note appearance=""minimal""}"
"callout-note","chapters/svolta/03_summary_posterior.qmd",475,"::: {.callout-note collapse=""true"" title=""Approfondimento: perché il MAP richiede cautela""}"
"callout-note","chapters/svolta/03_summary_posterior.qmd",526,"::: {.callout-note collapse=""true"" title=""Soluzione commentata""}"
"callout-note","chapters/svolta/03_summary_posterior.qmd",566,"::: {.callout-note collapse=""true"" title=""Soluzione commentata""}"
"callout-note","chapters/svolta/03_summary_posterior.qmd",592,"::: {.callout-note collapse=""true"" title=""Soluzione commentata""}"
"callout-note","chapters/svolta/03_summary_posterior.qmd",640,"::: {.callout-note collapse=""true"" title=""Elementi per la risposta""}"
"callout-note","chapters/svolta/03_summary_posterior.qmd",648,"::: {.callout-note collapse=""true"" title=""Informazioni sull'ambiente di sviluppo""}"
"callout-tip","chapters/svolta/03_summary_posterior.qmd",22,"::: {.callout-tip collapse=""true"" title=""Prerequisiti""}"
"callout-tip","chapters/svolta/03_summary_posterior.qmd",245,"::: {.callout-tip title=""Una regola di comunicazione""}"
"callout-tip","chapters/svolta/03_summary_posterior.qmd",522,"::: {.callout-tip collapse=""true"" title=""Suggerimento""}"
"callout-tip","chapters/svolta/03_summary_posterior.qmd",562,"::: {.callout-tip collapse=""true"" title=""Suggerimento""}"
"callout-tip","chapters/svolta/03_summary_posterior.qmd",588,"::: {.callout-tip collapse=""true"" title=""Suggerimento""}"
"callout-tip","chapters/svolta/03_summary_posterior.qmd",636,"::: {.callout-tip collapse=""true"" title=""Suggerimento""}"
"callout-important","chapters/svolta/03_summary_posterior.qmd",12,"::: {.callout-important appearance=""minimal"" .chapter-status}"
"callout-important","chapters/svolta/03_summary_posterior.qmd",65,"::: {.callout-important title=""Densità non significa probabilità puntuale""}"
"callout-important","chapters/svolta/03_summary_posterior.qmd",439,"::: {.callout-important title=""La distribuzione viene prima della soglia""}"
"callout-caution","chapters/svolta/03_summary_posterior.qmd",30,"::: {.callout-caution collapse=""true"" title=""Preparazione del notebook""}"
"callout-caution","chapters/svolta/03_summary_posterior.qmd",354,"::: {.callout-caution title=""Distribuzioni multimodali""}"
"articolo-elidato","chapters/svolta/03_summary_posterior.qmd",26,"- Per un richiamo sulla notazione degli intervalli si può consultare l'@sec-apx-numbers; la lettura del codice"
"sessionInfo","chapters/svolta/03_summary_posterior.qmd",650,"sessionInfo()"
"metadato-esercizio","chapters/svolta/03_summary_posterior.qmd",507,"*Codice: no · Tempo indicativo: 15 minuti*"
"metadato-esercizio","chapters/svolta/03_summary_posterior.qmd",546,"*Codice: no · Tempo indicativo: 10 minuti*"
"metadato-esercizio","chapters/svolta/03_summary_posterior.qmd",578,"*Codice: sì · Tempo indicativo: 20 minuti*"
"metadato-esercizio","chapters/svolta/03_summary_posterior.qmd",628,"*Codice: no · Tempo indicativo: 15 minuti*"
"callout-note","chapters/svolta/04_balance_prior_post.qmd",3,"::: {.callout-note appearance=""minimal""}"
"callout-note","chapters/svolta/04_balance_prior_post.qmd",72,"::: {.callout-note title=""Il ruolo di $n$ va interpretato nel modello""}"
"callout-note","chapters/svolta/04_balance_prior_post.qmd",370,"::: {.callout-note collapse=true title=""Approfondimento: prior scalate mediante l'errore standard""}"
"callout-note","chapters/svolta/04_balance_prior_post.qmd",467,"::: {.callout-note collapse=""true"" title=""Soluzione commentata""}"
"callout-note","chapters/svolta/04_balance_prior_post.qmd",500,"::: {.callout-note collapse=""true"" title=""Soluzione commentata""}"
"callout-note","chapters/svolta/04_balance_prior_post.qmd",532,"::: {.callout-note collapse=""true"" title=""Soluzione commentata""}"
"callout-note","chapters/svolta/04_balance_prior_post.qmd",554,"::: {.callout-note collapse=""true"" title=""Elementi per la risposta""}"
"callout-note","chapters/svolta/04_balance_prior_post.qmd",562,"::: {.callout-note collapse=true title=""Informazioni sull'ambiente di sviluppo""}"
"callout-tip","chapters/svolta/04_balance_prior_post.qmd",19,"::: {.callout-tip collapse=""true"" title=""Prerequisiti""}"
"callout-tip","chapters/svolta/04_balance_prior_post.qmd",68,"::: {.callout-tip title=""Forza non significa affidabilità""}"
"callout-tip","chapters/svolta/04_balance_prior_post.qmd",339,"::: {.callout-tip title=""Tre configurazioni da riconoscere""}"
"callout-tip","chapters/svolta/04_balance_prior_post.qmd",463,"::: {.callout-tip collapse=""true"" title=""Suggerimento""}"
"callout-tip","chapters/svolta/04_balance_prior_post.qmd",496,"::: {.callout-tip collapse=""true"" title=""Suggerimento""}"
"callout-tip","chapters/svolta/04_balance_prior_post.qmd",528,"::: {.callout-tip collapse=""true"" title=""Suggerimento""}"
"callout-tip","chapters/svolta/04_balance_prior_post.qmd",550,"::: {.callout-tip collapse=""true"" title=""Suggerimento""}"
"callout-important","chapters/svolta/04_balance_prior_post.qmd",9,"::: {.callout-important appearance=""minimal"" .chapter-status}"
"callout-warning","chapters/svolta/04_balance_prior_post.qmd",268,"::: {.callout-warning title=""Il conflitto è un segnale diagnostico, non un verdetto""}"
"callout-caution","chapters/svolta/04_balance_prior_post.qmd",27,"::: {.callout-caution collapse=true title=""Preparazione del notebook""}"
"sessionInfo","chapters/svolta/04_balance_prior_post.qmd",565,"sessionInfo()"
"metadato-esercizio","chapters/svolta/04_balance_prior_post.qmd",445,"*Codice: no · Tempo indicativo: 15 minuti*"
"metadato-esercizio","chapters/svolta/04_balance_prior_post.qmd",479,"*Codice: no · Tempo indicativo: 12 minuti*"
"metadato-esercizio","chapters/svolta/04_balance_prior_post.qmd",512,"*Codice: facoltativo · Tempo indicativo: 20 minuti*"
"metadato-esercizio","chapters/svolta/04_balance_prior_post.qmd",542,"*Codice: no · Tempo indicativo: 15 minuti*"
"callout-note","chapters/svolta/05_prior_pred_distr.qmd",3,"::: {.callout-note appearance=""minimal""}"
"callout-note","chapters/svolta/05_prior_pred_distr.qmd",280,"::: {.callout-note collapse=""true"" title=""Approfondimento: la formula Beta-Binomiale""}"
"callout-note","chapters/svolta/05_prior_pred_distr.qmd",552,"::: {.callout-note collapse=""true"" title=""Approfondimento: implementazione essenziale in Stan""}"
"callout-note","chapters/svolta/05_prior_pred_distr.qmd",624,"::: {.callout-note collapse=true title=""Soluzione commentata""}"
"callout-note","chapters/svolta/05_prior_pred_distr.qmd",656,"::: {.callout-note collapse=true title=""Soluzione commentata""}"
"callout-note","chapters/svolta/05_prior_pred_distr.qmd",683,"::: {.callout-note collapse=true title=""Soluzione commentata""}"
"callout-note","chapters/svolta/05_prior_pred_distr.qmd",707,"::: {.callout-note collapse=true title=""Elementi per la risposta""}"
"callout-note","chapters/svolta/05_prior_pred_distr.qmd",714,"::: {.callout-note collapse=true title=""Informazioni sull'ambiente di sviluppo""}"
"callout-tip","chapters/svolta/05_prior_pred_distr.qmd",22,"::: {.callout-tip collapse=""true"" title=""Prerequisiti""}"
"callout-tip","chapters/svolta/05_prior_pred_distr.qmd",57,"::: {.callout-tip title=""Come leggere la formula""}"
"callout-tip","chapters/svolta/05_prior_pred_distr.qmd",243,"::: {.callout-tip title=""Perché non basta usare la media del prior?""}"
"callout-tip","chapters/svolta/05_prior_pred_distr.qmd",528,"::: {.callout-tip title=""La domanda guida""}"
"callout-tip","chapters/svolta/05_prior_pred_distr.qmd",619,"::: {.callout-tip collapse=true title=""Suggerimento""}"
"callout-tip","chapters/svolta/05_prior_pred_distr.qmd",651,"::: {.callout-tip collapse=true title=""Suggerimento""}"
"callout-tip","chapters/svolta/05_prior_pred_distr.qmd",678,"::: {.callout-tip collapse=true title=""Suggerimento""}"
"callout-tip","chapters/svolta/05_prior_pred_distr.qmd",702,"::: {.callout-tip collapse=true title=""Suggerimento""}"
"callout-important","chapters/svolta/05_prior_pred_distr.qmd",12,"::: {.callout-important appearance=""minimal"" .chapter-status}"
"callout-important","chapters/svolta/05_prior_pred_distr.qmd",172,"::: {.callout-important title=""Il punto essenziale""}"
"callout-important","chapters/svolta/05_prior_pred_distr.qmd",361,"::: {.callout-important title=""Valutare le conseguenze, non soltanto il centro del prior""}"
"callout-warning","chapters/svolta/05_prior_pred_distr.qmd",230,"::: {.callout-warning title=""Tre interpretazioni da non confondere""}"
"callout-caution","chapters/svolta/05_prior_pred_distr.qmd",30,"::: {.callout-caution collapse=true title=""Preparazione del notebook""}"
"callout-caution","chapters/svolta/05_prior_pred_distr.qmd",545,"::: {.callout-caution title=""Uso dei dati e trasparenza""}"
"articolo-elidato","chapters/svolta/05_prior_pred_distr.qmd",26,"- L'@sec-apx-sums e l'@sec-apx-calculus richiamano somme e integrali; l'@sec-apx-prior-predictive-check è util"
"sessionInfo","chapters/svolta/05_prior_pred_distr.qmd",717,"sessionInfo()"
"callout-note","chapters/svolta/06_post_pred_distr.qmd",3,"::: {.callout-note appearance=""minimal""}"
"callout-note","chapters/svolta/06_post_pred_distr.qmd",72,"::: {.callout-note collapse=""true"" title=""Verosimiglianza e distribuzione generativa: stessa formula, letture "
"callout-note","chapters/svolta/06_post_pred_distr.qmd",308,"::: {.callout-note collapse=""true"" title=""Approfondimento: la forma Beta-Binomiale e il calcolo esatto""}"
"callout-note","chapters/svolta/06_post_pred_distr.qmd",401,"::: {.callout-note collapse=""true"" title=""Approfondimento: calcolo esatto e simulazione""}"
"callout-note","chapters/svolta/06_post_pred_distr.qmd",463,"::: {.callout-note collapse=""true"" title=""Approfondimento: predittiva completa e previsione plug-in""}"
"callout-note","chapters/svolta/06_post_pred_distr.qmd",636,"::: {.callout-note title=""Che cosa può mostrare un controllo predittivo?""}"
"callout-note","chapters/svolta/06_post_pred_distr.qmd",699,"::: {.callout-note collapse=true title=""Soluzione commentata""}"
"callout-note","chapters/svolta/06_post_pred_distr.qmd",745,"::: {.callout-note collapse=true title=""Soluzione commentata""}"
"callout-note","chapters/svolta/06_post_pred_distr.qmd",783,"::: {.callout-note collapse=true title=""Soluzione commentata""}"
"callout-note","chapters/svolta/06_post_pred_distr.qmd",811,"::: {.callout-note collapse=true title=""Soluzione commentata""}"
"callout-note","chapters/svolta/06_post_pred_distr.qmd",824,"::: {.callout-note collapse=true title=""Informazioni sull'ambiente di sviluppo""}"
"callout-tip","chapters/svolta/06_post_pred_distr.qmd",22,"::: {.callout-tip collapse=""true"" title=""Prerequisiti""}"
"callout-tip","chapters/svolta/06_post_pred_distr.qmd",59,"::: {.callout-tip title=""Come leggere la formula""}"
"callout-tip","chapters/svolta/06_post_pred_distr.qmd",263,"::: {.callout-tip title=""Perché non basta usare la media della posterior?""}"
"callout-tip","chapters/svolta/06_post_pred_distr.qmd",694,"::: {.callout-tip collapse=true title=""Suggerimento""}"
"callout-tip","chapters/svolta/06_post_pred_distr.qmd",740,"::: {.callout-tip collapse=true title=""Suggerimento""}"
"callout-tip","chapters/svolta/06_post_pred_distr.qmd",778,"::: {.callout-tip collapse=true title=""Suggerimento""}"
"callout-tip","chapters/svolta/06_post_pred_distr.qmd",806,"::: {.callout-tip collapse=true title=""Suggerimento""}"
"callout-important","chapters/svolta/06_post_pred_distr.qmd",12,"::: {.callout-important appearance=""minimal"" .chapter-status}"
"callout-important","chapters/svolta/06_post_pred_distr.qmd",182,"::: {.callout-important title=""Il punto essenziale""}"
"callout-important","chapters/svolta/06_post_pred_distr.qmd",592,"::: {.callout-important title=""Interpretazione""}"
"callout-warning","chapters/svolta/06_post_pred_distr.qmd",243,"::: {.callout-warning title=""Quattro interpretazioni da non confondere""}"
"callout-warning","chapters/svolta/06_post_pred_distr.qmd",655,"::: {.callout-warning title=""Limiti dei controlli predittivi a posteriori""}"
"callout-caution","chapters/svolta/06_post_pred_distr.qmd",30,"::: {.callout-caution collapse=true title=""Preparazione del notebook""}"
"articolo-elidato","chapters/svolta/06_post_pred_distr.qmd",26,"- Per l’implementazione si può consultare l'@sec-apx-posterior-predictive; la lettura del codice R e Stan è fa"
"sessionInfo","chapters/svolta/06_post_pred_distr.qmd",827,"sessionInfo()"
"callout-note","chapters/svolta/07_singolo_paziente.qmd",43,"::: {.callout-note title=""La domanda inferenziale"" icon=false}"
"callout-note","chapters/svolta/07_singolo_paziente.qmd",156,"::: {.callout-note collapse=""true"" title=""Le formule del modello Normale-Normale""}"
"callout-note","chapters/svolta/07_singolo_paziente.qmd",301,"::: {.callout-note title=""Perché la likelihood è riscalata nel grafico?"" icon=false}"
"callout-note","chapters/svolta/07_singolo_paziente.qmd",594,"::: {.callout-note title=""Una formulazione prudente"" icon=false}"
"callout-note","chapters/svolta/07_singolo_paziente.qmd",650,"::: {.callout-note collapse=true title=""Soluzione commentata""}"
"callout-note","chapters/svolta/07_singolo_paziente.qmd",674,"::: {.callout-note collapse=true title=""Soluzione commentata""}"
"callout-note","chapters/svolta/07_singolo_paziente.qmd",706,"::: {.callout-note collapse=true title=""Soluzione commentata""}"
"callout-note","chapters/svolta/07_singolo_paziente.qmd",736,"::: {.callout-note collapse=true title=""Elementi per la risposta""}"
"callout-note","chapters/svolta/07_singolo_paziente.qmd",749,"::: {.callout-note collapse=true title=""Informazioni sull'ambiente di sviluppo""}"
"callout-tip","chapters/svolta/07_singolo_paziente.qmd",13,"::: {.callout-tip collapse=""true"" title=""Prerequisiti""}"
"callout-tip","chapters/svolta/07_singolo_paziente.qmd",646,"::: {.callout-tip collapse=true title=""Suggerimento""}"
"callout-tip","chapters/svolta/07_singolo_paziente.qmd",670,"::: {.callout-tip collapse=true title=""Suggerimento""}"
"callout-tip","chapters/svolta/07_singolo_paziente.qmd",702,"::: {.callout-tip collapse=true title=""Suggerimento""}"
"callout-tip","chapters/svolta/07_singolo_paziente.qmd",732,"::: {.callout-tip collapse=true title=""Suggerimento""}"
"callout-important","chapters/svolta/07_singolo_paziente.qmd",3,"::: {.callout-important appearance=""minimal"" .chapter-status}"
"callout-important","chapters/svolta/07_singolo_paziente.qmd",393,"::: {.callout-important title=""Che cosa significa il `r round(prob_sopra_cutoff * 100, 1)`%?"" icon=false}"
"callout-warning","chapters/svolta/07_singolo_paziente.qmd",53,"::: {.callout-warning title=""Cut-off osservato e soglia sul tratto latente"" icon=false}"
"callout-warning","chapters/svolta/07_singolo_paziente.qmd",572,"::: {.callout-warning title=""L'attendibilità non è necessariamente nota con certezza"" icon=false}"
"callout-caution","chapters/svolta/07_singolo_paziente.qmd",21,"::: {.callout-caution collapse=true title=""Preparazione del notebook""}"
"sessionInfo","chapters/svolta/07_singolo_paziente.qmd",751,"sessionInfo()"
"metadato-esercizio","chapters/svolta/07_singolo_paziente.qmd",630,"*Codice: no · 10 minuti*"
"metadato-esercizio","chapters/svolta/07_singolo_paziente.qmd",661,"*Codice: no · 10 minuti*"
"metadato-esercizio","chapters/svolta/07_singolo_paziente.qmd",687,"*Codice: no · 10–15 minuti*"
"metadato-esercizio","chapters/svolta/07_singolo_paziente.qmd",724,"*Codice: no · 10 minuti*"
"callout-note","chapters/valutazione/_intro_sec_entropy.qmd",3,"::: {.callout-note appearance=""minimal""}"
"callout-note","chapters/valutazione/_intro_sec_entropy.qmd",109,"::: {.callout-note appearance=""minimal""}"
"callout-caution","chapters/valutazione/_intro_sec_entropy.qmd",84,"::: {.callout-caution appearance=""simple""}"
"titolo-numerato-a-mano","chapters/valutazione/_intro_sec_entropy.qmd",25,"### 1. Quanto era preparato il modello al dato osservato? {.unnumbered .unlisted}"
"titolo-numerato-a-mano","chapters/valutazione/_intro_sec_entropy.qmd",34,"### 2. Quanto costa usare una distribuzione approssimata? {.unnumbered .unlisted}"
"titolo-numerato-a-mano","chapters/valutazione/_intro_sec_entropy.qmd",40,"### 3. Come stimiamo la qualità predittiva su dati non usati per la stima? {.unnumbered .unlisted}"
"titolo-numerato-a-mano","chapters/valutazione/_intro_sec_entropy.qmd",52,"### 4. A quali dati futuri si riferisce la valutazione? {.unnumbered .unlisted}"
"callout-note","chapters/valutazione/01_entropy.qmd",3,"::: {.callout-note appearance=""minimal""}"
"callout-note","chapters/valutazione/01_entropy.qmd",111,"::: {.callout-note collapse=""true"" title=""Perché il logaritmo?""}"
"callout-note","chapters/valutazione/01_entropy.qmd",282,"::: {.callout-note title=""Il ponte verso i capitoli successivi""}"
"callout-note","chapters/valutazione/01_entropy.qmd",290,"::: {.callout-note collapse=""true"" title=""Stimare l'entropia da frequenze campionarie""}"
"callout-note","chapters/valutazione/01_entropy.qmd",320,"::: {.callout-note collapse=""true"" title=""Variabili continue ed entropia differenziale""}"
"callout-note","chapters/valutazione/01_entropy.qmd",340,"::: {.callout-note collapse=""true"" title=""Codifica efficiente e interpretazione operativa""}"
"callout-note","chapters/valutazione/01_entropy.qmd",346,"::: {.callout-note collapse=""true"" title=""Sorpresa informazionale e sorpresa psicologica""}"
"callout-note","chapters/valutazione/01_entropy.qmd",395,"::: {.callout-note collapse=""true"" title=""Soluzione commentata""}"
"callout-note","chapters/valutazione/01_entropy.qmd",434,"::: {.callout-note collapse=""true"" title=""Soluzione commentata""}"
"callout-note","chapters/valutazione/01_entropy.qmd",461,"::: {.callout-note collapse=""true"" title=""Soluzione commentata""}"
"callout-note","chapters/valutazione/01_entropy.qmd",487,"::: {.callout-note collapse=""true"" title=""Soluzione commentata""}"
"callout-note","chapters/valutazione/01_entropy.qmd",495,"::: {.callout-note collapse=""true"" title=""Informazioni sull'ambiente di sviluppo""}"
"callout-tip","chapters/valutazione/01_entropy.qmd",30,"::: {.callout-tip collapse=""true"" title=""Prerequisiti""}"
"callout-tip","chapters/valutazione/01_entropy.qmd",391,"::: {.callout-tip collapse=""true"" title=""Suggerimento""}"
"callout-tip","chapters/valutazione/01_entropy.qmd",430,"::: {.callout-tip collapse=""true"" title=""Suggerimento""}"
"callout-tip","chapters/valutazione/01_entropy.qmd",457,"::: {.callout-tip collapse=""true"" title=""Suggerimento""}"
"callout-tip","chapters/valutazione/01_entropy.qmd",483,"::: {.callout-tip collapse=""true"" title=""Suggerimento""}"
"callout-important","chapters/valutazione/01_entropy.qmd",20,"::: {.callout-important appearance=""minimal"" .chapter-status}"
"callout-important","chapters/valutazione/01_entropy.qmd",237,"::: {.callout-important title=""Distinzione fondamentale""}"
"callout-caution","chapters/valutazione/01_entropy.qmd",34,"::: {.callout-caution collapse=""true"" title=""Preparazione del notebook""}"
"sessionInfo","chapters/valutazione/01_entropy.qmd",497,"sessionInfo()"
"metadato-esercizio","chapters/valutazione/01_entropy.qmd",382,"*Codice: no · 10 minuti*"
"metadato-esercizio","chapters/valutazione/01_entropy.qmd",413,"*Codice: no · 10 minuti*"
"metadato-esercizio","chapters/valutazione/01_entropy.qmd",442,"*Codice: no · 10–15 minuti*"
"metadato-esercizio","chapters/valutazione/01_entropy.qmd",475,"*Codice: no · 15 minuti*"
"callout-note","chapters/valutazione/02_kl.qmd",3,"::: {.callout-note appearance=""minimal""}"
"callout-note","chapters/valutazione/02_kl.qmd",275,"::: {.callout-note collapse=""true"" title=""Perché la KL non è una distanza matematica?""}"
"callout-note","chapters/valutazione/02_kl.qmd",405,"::: {.callout-note collapse=""true"" title=""Perché la KL è non negativa?""}"
"callout-note","chapters/valutazione/02_kl.qmd",423,"::: {.callout-note collapse=""true"" title=""Quando la KL diventa infinita""}"
"callout-note","chapters/valutazione/02_kl.qmd",441,"::: {.callout-note collapse=""true"" title=""Distribuzioni continue""}"
"callout-note","chapters/valutazione/02_kl.qmd",453,"::: {.callout-note collapse=""true"" title=""Bit e nat""}"
"callout-note","chapters/valutazione/02_kl.qmd",520,"::: {.callout-note collapse=""true"" title=""Soluzione commentata""}"
"callout-note","chapters/valutazione/02_kl.qmd",557,"::: {.callout-note collapse=""true"" title=""Soluzione commentata""}"
"callout-note","chapters/valutazione/02_kl.qmd",592,"::: {.callout-note collapse=""true"" title=""Soluzione commentata""}"
"callout-note","chapters/valutazione/02_kl.qmd",610,"::: {.callout-note collapse=""true"" title=""Soluzione commentata""}"
"callout-note","chapters/valutazione/02_kl.qmd",618,"::: {.callout-note collapse=""true"" title=""Informazioni sull'ambiente di sviluppo""}"
"callout-tip","chapters/valutazione/02_kl.qmd",32,"::: {.callout-tip collapse=""true"" title=""Prerequisiti""}"
"callout-tip","chapters/valutazione/02_kl.qmd",516,"::: {.callout-tip collapse=""true"" title=""Suggerimento""}"
"callout-tip","chapters/valutazione/02_kl.qmd",553,"::: {.callout-tip collapse=""true"" title=""Suggerimento""}"
"callout-tip","chapters/valutazione/02_kl.qmd",588,"::: {.callout-tip collapse=""true"" title=""Suggerimento""}"
"callout-tip","chapters/valutazione/02_kl.qmd",606,"::: {.callout-tip collapse=""true"" title=""Suggerimento""}"
"callout-important","chapters/valutazione/02_kl.qmd",22,"::: {.callout-important appearance=""minimal"" .chapter-status}"
"callout-important","chapters/valutazione/02_kl.qmd",191,"::: {.callout-important title=""La KL non misura l'incertezza di P""}"
"callout-important","chapters/valutazione/02_kl.qmd",380,"::: {.callout-important title=""Il confine di questo capitolo""}"
"callout-warning","chapters/valutazione/02_kl.qmd",399,"::: {.callout-warning title=""Migliore tra i candidati non significa adeguato""}"
"callout-caution","chapters/valutazione/02_kl.qmd",36,"::: {.callout-caution collapse=""true"" title=""Preparazione del notebook""}"
"sessionInfo","chapters/valutazione/02_kl.qmd",620,"sessionInfo()"
"metadato-esercizio","chapters/valutazione/02_kl.qmd",495,"*Codice: no · 10–15 minuti*"
"metadato-esercizio","chapters/valutazione/02_kl.qmd",529,"*Codice: no · 10–15 minuti*"
"metadato-esercizio","chapters/valutazione/02_kl.qmd",563,"*Codice: no · 10–15 minuti*"
"metadato-esercizio","chapters/valutazione/02_kl.qmd",598,"*Codice: no · 15 minuti*"
"callout-note","chapters/valutazione/03_valutare_modelli_bayesiani.qmd",3,"::: {.callout-note appearance=""minimal""}"
"callout-note","chapters/valutazione/03_valutare_modelli_bayesiani.qmd",73,"::: {.callout-note collapse=""true"" title=""Dall'integrale ai campioni MCMC""}"
"callout-note","chapters/valutazione/03_valutare_modelli_bayesiani.qmd",241,"::: {.callout-note collapse=""true"" title=""Stima dei tre modelli con brms""}"
"callout-note","chapters/valutazione/03_valutare_modelli_bayesiani.qmd",304,"::: {.callout-note collapse=""true"" title=""Diagnostiche e controlli predittivi""}"
"callout-note","chapters/valutazione/03_valutare_modelli_bayesiani.qmd",331,"::: {.callout-note collapse=""true"" title=""Correggere contributi problematici""}"
"callout-note","chapters/valutazione/03_valutare_modelli_bayesiani.qmd",403,"::: {.callout-note collapse=""true"" title=""Approfondimento: stacking""}"
"callout-note","chapters/valutazione/03_valutare_modelli_bayesiani.qmd",468,"::: {.callout-note collapse=""true"" title=""Soluzione commentata""}"
"callout-note","chapters/valutazione/03_valutare_modelli_bayesiani.qmd",487,"::: {.callout-note collapse=""true"" title=""Soluzione commentata""}"
"callout-note","chapters/valutazione/03_valutare_modelli_bayesiani.qmd",512,"::: {.callout-note collapse=""true"" title=""Soluzione commentata""}"
"callout-note","chapters/valutazione/03_valutare_modelli_bayesiani.qmd",530,"::: {.callout-note collapse=""true"" title=""Soluzione commentata""}"
"callout-note","chapters/valutazione/03_valutare_modelli_bayesiani.qmd",538,"::: {.callout-note collapse=""true"" title=""Informazioni sull'ambiente di sviluppo""}"
"callout-tip","chapters/valutazione/03_valutare_modelli_bayesiani.qmd",19,"::: {.callout-tip collapse=""true"" title=""Prerequisiti""}"
"callout-tip","chapters/valutazione/03_valutare_modelli_bayesiani.qmd",464,"::: {.callout-tip collapse=""true"" title=""Suggerimento""}"
"callout-tip","chapters/valutazione/03_valutare_modelli_bayesiani.qmd",483,"::: {.callout-tip collapse=""true"" title=""Suggerimento""}"
"callout-tip","chapters/valutazione/03_valutare_modelli_bayesiani.qmd",508,"::: {.callout-tip collapse=""true"" title=""Suggerimento""}"
"callout-tip","chapters/valutazione/03_valutare_modelli_bayesiani.qmd",526,"::: {.callout-tip collapse=""true"" title=""Suggerimento""}"
"callout-important","chapters/valutazione/03_valutare_modelli_bayesiani.qmd",9,"::: {.callout-important appearance=""minimal"" .chapter-status}"
"callout-important","chapters/valutazione/03_valutare_modelli_bayesiani.qmd",47,"::: {.callout-important title=""Ordine logico della valutazione""}"
"callout-important","chapters/valutazione/03_valutare_modelli_bayesiani.qmd",142,"::: {.callout-important title=""Nuovi dati rispetto a che cosa?""}"
"callout-important","chapters/valutazione/03_valutare_modelli_bayesiani.qmd",386,"::: {.callout-important title=""Migliore tra i candidati non significa adeguato""}"
"callout-warning","chapters/valutazione/03_valutare_modelli_bayesiani.qmd",121,"::: {.callout-warning title=""Bayes non elimina automaticamente l'overfitting""}"
"callout-warning","chapters/valutazione/03_valutare_modelli_bayesiani.qmd",197,"::: {.callout-warning title=""Un valore elevato di $\hat{k}$ è anche informazione sul modello""}"
"callout-caution","chapters/valutazione/03_valutare_modelli_bayesiani.qmd",23,"::: {.callout-caution collapse=""true"" title=""Preparazione del notebook""}"
"sessionInfo","chapters/valutazione/03_valutare_modelli_bayesiani.qmd",540,"sessionInfo()"
"metadato-esercizio","chapters/valutazione/03_valutare_modelli_bayesiani.qmd",453,"*Codice: no · 10–15 minuti*"
"metadato-esercizio","chapters/valutazione/03_valutare_modelli_bayesiani.qmd",474,"*Codice: no · 10–15 minuti*"
"metadato-esercizio","chapters/valutazione/03_valutare_modelli_bayesiani.qmd",493,"*Codice: no · 15 minuti*"
"metadato-esercizio","chapters/valutazione/03_valutare_modelli_bayesiani.qmd",518,"*Codice: no · 15 minuti*"
"callout-note","chapters/valutazione/04_generalizzazione.qmd",3,"::: {.callout-note appearance=""minimal""}"
"callout-note","chapters/valutazione/04_generalizzazione.qmd",143,"::: {.callout-note title=""Il risultato non è predeterminato""}"
"callout-note","chapters/valutazione/04_generalizzazione.qmd",147,"::: {.callout-note collapse=""true"" title=""Approfondimento computazionale: LOO e K-fold raggruppata""}"
"callout-note","chapters/valutazione/04_generalizzazione.qmd",318,"::: {.callout-note collapse=""true"" title=""Approfondimento computazionale: una simulazione cross-task""}"
"callout-note","chapters/valutazione/04_generalizzazione.qmd",586,"::: {.callout-note collapse=""true"" title=""Soluzione commentata""}"
"callout-note","chapters/valutazione/04_generalizzazione.qmd",605,"::: {.callout-note collapse=""true"" title=""Soluzione commentata""}"
"callout-note","chapters/valutazione/04_generalizzazione.qmd",629,"::: {.callout-note collapse=""true"" title=""Soluzione commentata""}"
"callout-note","chapters/valutazione/04_generalizzazione.qmd",647,"::: {.callout-note collapse=""true"" title=""Soluzione commentata""}"
"callout-note","chapters/valutazione/04_generalizzazione.qmd",655,"::: {.callout-note collapse=""true"" title=""Informazioni sull'ambiente di sviluppo""}"
"callout-tip","chapters/valutazione/04_generalizzazione.qmd",19,"::: {.callout-tip collapse=""true"" title=""Prerequisiti""}"
"callout-tip","chapters/valutazione/04_generalizzazione.qmd",582,"::: {.callout-tip collapse=""true"" title=""Suggerimento""}"
"callout-tip","chapters/valutazione/04_generalizzazione.qmd",601,"::: {.callout-tip collapse=""true"" title=""Suggerimento""}"
"callout-tip","chapters/valutazione/04_generalizzazione.qmd",625,"::: {.callout-tip collapse=""true"" title=""Suggerimento""}"
"callout-tip","chapters/valutazione/04_generalizzazione.qmd",643,"::: {.callout-tip collapse=""true"" title=""Suggerimento""}"
"callout-important","chapters/valutazione/04_generalizzazione.qmd",9,"::: {.callout-important appearance=""minimal"" .chapter-status}"
"callout-important","chapters/valutazione/04_generalizzazione.qmd",89,"::: {.callout-important title=""Principio di corrispondenza""}"
"callout-important","chapters/valutazione/04_generalizzazione.qmd",534,"::: {.callout-important title=""Generalizzare senza universalizzare""}"
"callout-warning","chapters/valutazione/04_generalizzazione.qmd",112,"::: {.callout-warning title=""Perdita di informazione""}"
"callout-caution","chapters/valutazione/04_generalizzazione.qmd",23,"::: {.callout-caution collapse=""true"" title=""Preparazione del notebook""}"
"sessionInfo","chapters/valutazione/04_generalizzazione.qmd",657,"sessionInfo()"
"metadato-esercizio","chapters/valutazione/04_generalizzazione.qmd",572,"*Codice: no · 10–15 minuti*"
"metadato-esercizio","chapters/valutazione/04_generalizzazione.qmd",592,"*Codice: no · 10–15 minuti*"
"metadato-esercizio","chapters/valutazione/04_generalizzazione.qmd",611,"*Codice: no · 15–20 minuti*"
"metadato-esercizio","chapters/valutazione/04_generalizzazione.qmd",635,"*Codice: no · 15 minuti*"
"callout-note","chapters/valutazione/conclusions_sec_entropy.qmd",110,"::: {.callout-note appearance=""minimal""}"
"callout-note","chapters/visione/_intro_sec_epilogue.qmd",1,"::: {.callout-note appearance=""minimal""}"
"callout-tip","chapters/visione/_intro_sec_epilogue.qmd",11,"::: {.callout-tip}"
"callout-important","chapters/visione/_intro_sec_epilogue.qmd",34,"::: {.callout-important}"
"callout-note","chapters/visione/01_changes.qmd",3,"::: {.callout-note appearance=""minimal""}"
"callout-tip","chapters/visione/01_changes.qmd",20,"::: {.callout-tip collapse=""true"" title=""Prerequisiti""}"
"callout-important","chapters/visione/01_changes.qmd",10,"::: {.callout-important appearance=""minimal"" .chapter-status}"
"callout-note","chapters/visione/02_integrity.qmd",3,"::: {.callout-note appearance=""minimal""}"
"callout-tip","chapters/visione/02_integrity.qmd",20,"::: {.callout-tip collapse=""true"" title=""Prerequisiti""}"
"callout-important","chapters/visione/02_integrity.qmd",10,"::: {.callout-important appearance=""minimal"" .chapter-status}"
"callout-note","chapters/visione/03_epilogue.qmd",3,"::: {.callout-note appearance=""minimal""}"
"callout-important","chapters/visione/03_epilogue.qmd",10,"::: {.callout-important appearance=""minimal"" .chapter-status}"
"callout-note","guida-al-manuale.qmd",47,"::: {.callout-note title=""Due rimandi fuori sequenza""}"
"callout-note","guida-al-manuale.qmd",79,"::: {.callout-note collapse=""true"" title=""Rimandi citati per nome nel manuale""}"
"callout-tip","guida-al-manuale.qmd",73,"::: {.callout-tip title=""Un percorso sostenibile""}"
"callout-important","guida-al-manuale.qmd",13,"::: {.callout-important title=""Che cos'è questa pagina""}"
"callout-note","index.qmd",163,"::: {.callout-note icon=false collapse=true title=""Domande frequenti""}"
"callout-note","index.qmd",197,"::: {.callout-note icon=false appearance=""minimal""}"
"callout-tip","index.qmd",178,"::: {.callout-tip icon=false collapse=true title=""Configurazione dell'ambiente di lavoro""}"
"callout-tip","index.qmd",189,"::: {.callout-tip icon=false collapse=true title=""Codice, dati e progetto riproducibile""}"
