This is LuaHBTeX, Version 1.24.0 (TeX Live 2026)  (format=lualatex 2026.7.11)  22 JUL 2026 16:18
 restricted system commands enabled.
**index.tex
(./index.tex
LaTeX2e <2026-06-01>
L3 programming layer <2026-06-18>
Lua module: luaotfload 2024-12-03 v3.29 Lua based OpenType font support
Lua module: lualibs 2023-07-13 v2.76 ConTeXt Lua standard libraries.
Lua module: lualibs-extended 2023-07-13 v2.76 ConTeXt Lua libraries -- extended collection.
luaotfload | conf : Root cache directory is "/Users/corrado/Library/TinyTeX/texmf-var/luatex-cache/generic/names".
luaotfload | init : Loading fontloader "fontloader-2023-12-28.lua" from kpse-resolved path "/Users/corrado/Library/TinyTeX/texmf-dist/tex/luatex/luaotfload/fontloader-2023-12-28.lua".
Lua-only attribute luaotfload@noligature = 1
luaotfload | init : Context OpenType loader version 3.134
Inserting `luaotfload.node_processor' in `pre_linebreak_filter'.
Inserting `luaotfload.node_processor' in `hpack_filter'.
Inserting `luaotfload.glyph_stream' in `glyph_stream_provider'.
Inserting `luaotfload.define_font' in `define_font'.
Lua-only attribute luaotfload_color_attribute = 2
luaotfload | conf : Root cache directory is "/Users/corrado/Library/TinyTeX/texmf-var/luatex-cache/generic/names".
Inserting `luaotfload.harf.strip_prefix' in `find_opentype_file'.
Inserting `luaotfload.harf.strip_prefix' in `find_truetype_file'.
Removing  `luaotfload.glyph_stream' from `glyph_stream_provider'.
Inserting `luaotfload.harf.glyphstream' in `glyph_stream_provider'.
Inserting `luaotfload.harf.finalize_vlist' in `post_linebreak_filter'.
Inserting `luaotfload.harf.finalize_hlist' in `hpack_filter'.
Inserting `luaotfload.cleanup_files' in `wrapup_run'.
Inserting `luaotfload.harf.finalize_unicode' in `finish_pdffile'.
Inserting `luaotfload.glyphinfo' in `glyph_info'.
Lua-only attribute luaotfload.letterspace_done = 3
Inserting `luaotfload.aux.set_sscale_dimens' in `luaotfload.patch_font'.
Inserting `luaotfload.aux.set_font_index' in `luaotfload.patch_font'.
Inserting `luaotfload.aux.patch_cambria_domh' in `luaotfload.patch_font'.
Inserting `luaotfload.aux.fixup_fontdata' in `luaotfload.patch_font_unsafe'.
Inserting `luaotfload.aux.set_capheight' in `luaotfload.patch_font'.
Inserting `luaotfload.aux.set_xheight' in `luaotfload.patch_font'.
Inserting `luaotfload.rewrite_fontname' in `luaotfload.patch_font'.
Inserting `tracingstacklevels' in `input_level_string'. (/Users/corrado/Library/TinyTeX/texmf-dist/tex/latex/koma-script/scrbook.cls
Document Class: scrbook 2026/02/02 v3.49.2 KOMA-Script document class (book)
(/Users/corrado/Library/TinyTeX/texmf-dist/tex/latex/koma-script/scrkbase.sty
Package: scrkbase 2026/02/02 v3.49.2 KOMA-Script package (KOMA-Script-dependent basics and keyval usage)
(/Users/corrado/Library/TinyTeX/texmf-dist/tex/latex/koma-script/scrbase.sty
Package: scrbase 2026/02/02 v3.49.2 KOMA-Script package (KOMA-Script-independent basics and keyval usage)
(/Users/corrado/Library/TinyTeX/texmf-dist/tex/latex/koma-script/scrlfile.sty
Package: scrlfile 2026/02/02 v3.49.2 KOMA-Script package (file load hooks)
(/Users/corrado/Library/TinyTeX/texmf-dist/tex/latex/koma-script/scrlfile-hook.sty
Package: scrlfile-hook 2026/02/02 v3.49.2 KOMA-Script package (using LaTeX hooks)
(/Users/corrado/Library/TinyTeX/texmf-dist/tex/latex/koma-script/scrlogo.sty
Package: scrlogo 2026/02/02 v3.49.2 KOMA-Script package (logo)
))) (/Users/corrado/Library/TinyTeX/texmf-dist/tex/latex/graphics/keyval.sty
Package: keyval 2026-05-17 v1.15 key=value parser (DPC)
\KV@toks@=\toks17
)
Applying: [2021/05/01] Usage of raw or classic option list on input line 254.
Already applied: [0000/00/00] Usage of raw or classic option list on input line 370.
)) (/Users/corrado/Library/TinyTeX/texmf-dist/tex/latex/koma-script/tocbasic.sty
Package: tocbasic 2026/02/02 v3.49.2 KOMA-Script package (handling toc-files)
\scr@dte@tocline@numberwidth=\skip49
\scr@dte@tocline@numbox=\box53
)
Package tocbasic Info: omitting babel extension for `toc'
(tocbasic)             because of feature `nobabel' available
(tocbasic)             for `toc' on input line 143.
Package scrbook Info: You've used standard option `11pt'.
(scrbook)             This is correct!
(scrbook)             Internally I'm using `fontsize=11pt'.
(scrbook)             If you'd like to set the option with \KOMAoptions,
(scrbook)             you'd have to use `fontsize=11pt' there
(scrbook)             instead of `11pt', too.
Class scrbook Info: File `scrsize11pt.clo' used to setup font sizes on input line 2713.
(/Users/corrado/Library/TinyTeX/texmf-dist/tex/latex/koma-script/scrsize11pt.clo
File: scrsize11pt.clo 2026/02/02 v3.49.2 KOMA-Script font size class option (11pt)
luaotfload | db : Font names database loaded from /Users/corrado/Library/TinyTeX/texmf-var/luatex-cache/generic/names/luaotfload-names.luc.gz) (/Users/corrado/Library/TinyTeX/texmf-dist/tex/latex/koma-script/typearea.sty
Package: typearea 2026/02/02 v3.49.2 KOMA-Script package (type area)
\ta@bcor=\skip50
\ta@div=\count274
Package typearea Info: You've used standard option `letterpaper'.
(typearea)             This is correct!
(typearea)             Internally I'm using `paper=letter'.
(typearea)             If you'd like to set the option with \KOMAoptions,
(typearea)             you'd have to use `paper=letter' there
(typearea)             instead of `letterpaper', too.
Package typearea Info: You've used standard option `a4paper'.
(typearea)             This is correct!
(typearea)             Internally I'm using `paper=a4'.
(typearea)             If you'd like to set the option with \KOMAoptions,
(typearea)             you'd have to use `paper=a4' there
(typearea)             instead of `a4paper', too.
\ta@hblk=\skip51
\ta@vblk=\skip52
\ta@temp=\skip53
\footheight=\skip54
Package typearea Info: These are the values describing the layout:
(typearea)             DIV  = 10
(typearea)             BCOR = 0.0pt
(typearea)             \paperwidth      = 597.50793pt
(typearea)              \textwidth      = 418.25555pt
(typearea)              DIV departure   = -6%
(typearea)              \evensidemargin = 47.2316pt
(typearea)              \oddsidemargin  = -12.5192pt
(typearea)             \paperheight     = 845.04694pt
(typearea)              \textheight     = 595.80026pt
(typearea)              \topmargin      = -25.16531pt
(typearea)              \headheight     = 17.0pt
(typearea)              \headsep        = 20.40001pt
(typearea)              \topskip        = 11.0pt
(typearea)              \footskip       = 47.6pt
(typearea)              \baselineskip   = 13.6pt
(typearea)              on input line 1810.
)
\c_scrbook_cmdhook_cctab=\catcodetable14
\c@part=\count275
\c@chapter=\count276
\c@section=\count277
\c@subsection=\count278
\c@subsubsection=\count279
\c@paragraph=\count280
\c@subparagraph=\count281
\scr@dte@chapter@maxnumwidth=\skip55
Class scrbook Info: using compatibility default `afterindent=bysign'
(scrbook)           for `\chapter on input line 5945.
\scr@dte@section@maxnumwidth=\skip56
Class scrbook Info: using compatibility default `runin=bysign'
(scrbook)           for `\section on input line 5956.
Class scrbook Info: using compatibility default `afterindent=bysign'
(scrbook)           for `\section on input line 5956.
\scr@dte@part@maxnumwidth=\skip57
Class scrbook Info: using compatibility default `afterindent=true'
(scrbook)           for `\part on input line 5965.
\scr@dte@subsection@maxnumwidth=\skip58
Class scrbook Info: using compatibility default `runin=bysign'
(scrbook)           for `\subsection on input line 5975.
Class scrbook Info: using compatibility default `afterindent=bysign'
(scrbook)           for `\subsection on input line 5975.
\scr@dte@subsubsection@maxnumwidth=\skip59
Class scrbook Info: using compatibility default `runin=bysign'
(scrbook)           for `\subsubsection on input line 5985.
Class scrbook Info: using compatibility default `afterindent=bysign'
(scrbook)           for `\subsubsection on input line 5985.
\scr@dte@paragraph@maxnumwidth=\skip60
Class scrbook Info: using compatibility default `runin=bysign'
(scrbook)           for `\paragraph on input line 5996.
Class scrbook Info: using compatibility default `afterindent=bysign'
(scrbook)           for `\paragraph on input line 5996.
\scr@dte@subparagraph@maxnumwidth=\skip61
Class scrbook Info: using compatibility default `runin=bysign'
(scrbook)           for `\subparagraph on input line 6006.
Class scrbook Info: using compatibility default `afterindent=bysign'
(scrbook)           for `\subparagraph on input line 6006.
\abovecaptionskip=\skip62
\belowcaptionskip=\skip63
\c@pti@nb@sid@b@x=\box54
Package tocbasic Info: omitting babel extension for `lof'
(tocbasic)             because of feature `nobabel' available
(tocbasic)             for `lof' on input line 7242.
\scr@dte@figure@maxnumwidth=\skip64
\c@figure=\count282
Package tocbasic Info: omitting babel extension for `lot'
(tocbasic)             because of feature `nobabel' available
(tocbasic)             for `lot' on input line 7255.
\scr@dte@table@maxnumwidth=\skip65
\c@table=\count283
Class scrbook Info: Redefining `\numberline' on input line 7426.
\bibindent=\dimen149
) (/Users/corrado/Library/TinyTeX/texmf-dist/tex/latex/xcolor/xcolor.sty
Package: xcolor 2024/09/29 v3.02 LaTeX color extensions (UK)
(/Users/corrado/Library/TinyTeX/texmf-dist/tex/latex/graphics-cfg/color.cfg
File: color.cfg 2016/01/02 v1.6 sample color configuration
)
Package xcolor Info: Driver file: luatex.def on input line 274.
(/Users/corrado/Library/TinyTeX/texmf-dist/tex/latex/graphics-def/luatex.def
File: luatex.def 2025/09/29 v1.2f Graphics/color driver for luatex
) (/Users/corrado/Library/TinyTeX/texmf-dist/tex/latex/graphics/mathcolor.ltx)
Package xcolor Info: Model `cmy' substituted by `cmy0' on input line 1349.
Package xcolor Info: Model `hsb' substituted by `rgb' on input line 1353.
Package xcolor Info: Model `RGB' extended on input line 1365.
Package xcolor Info: Model `HTML' substituted by `rgb' on input line 1367.
Package xcolor Info: Model `Hsb' substituted by `hsb' on input line 1368.
Package xcolor Info: Model `tHsb' substituted by `hsb' on input line 1369.
Package xcolor Info: Model `HSB' substituted by `hsb' on input line 1370.
Package xcolor Info: Model `Gray' substituted by `gray' on input line 1371.
Package xcolor Info: Model `wave' substituted by `hsb' on input line 1372.
) (/Users/corrado/Library/TinyTeX/texmf-dist/tex/latex/graphics/dvipsnam.def
File: dvipsnam.def 2026-05-17 v3.0m Driver-dependent file (DPC,SPQR)
) (/Users/corrado/Library/TinyTeX/texmf-dist/tex/latex/xcolor/svgnam.def
File: svgnam.def 2024/09/29 v3.02 Predefined colors according to SVG 1.1 (UK)
) (/Users/corrado/Library/TinyTeX/texmf-dist/tex/latex/xcolor/x11nam.def
File: x11nam.def 2024/09/29 v3.02 Predefined colors according to Unix/X11 (UK)
) (/Users/corrado/Library/TinyTeX/texmf-dist/tex/latex/geometry/geometry.sty
Package: geometry 2026/03/07 v6.0 Page Geometry
(/Users/corrado/Library/TinyTeX/texmf-dist/tex/generic/iftex/ifvtex.sty
Package: ifvtex 2019/10/25 v1.7 ifvtex legacy package. Use iftex instead.
(/Users/corrado/Library/TinyTeX/texmf-dist/tex/generic/iftex/iftex.sty
Package: iftex 2024/12/12 v1.0g TeX engine tests
))
\Gm@cnth=\count284
\Gm@cntv=\count285
\c@Gm@tempcnt=\count286
\Gm@bindingoffset=\dimen150
\Gm@wd@mp=\dimen151
\Gm@odd@mp=\dimen152
\Gm@even@mp=\dimen153
\Gm@layoutwidth=\dimen154
\Gm@layoutheight=\dimen155
\Gm@layouthoffset=\dimen156
\Gm@layoutvoffset=\dimen157
\Gm@dimlist=\toks18
) (/Users/corrado/Library/TinyTeX/texmf-dist/tex/latex/amsmath/amsmath.sty
Package: amsmath 2026/05/19 v2.18d AMS math features
\@mathmargin=\skip66
For additional information on amsmath, use the `?' option.
(/Users/corrado/Library/TinyTeX/texmf-dist/tex/latex/amsmath/amstext.sty
Package: amstext 2024/11/17 v2.01 AMS text
(/Users/corrado/Library/TinyTeX/texmf-dist/tex/latex/amsmath/amsgen.sty
File: amsgen.sty 1999/11/30 v2.0 generic functions
\@emptytoks=\toks19
\ex@=\dimen158
)) (/Users/corrado/Library/TinyTeX/texmf-dist/tex/latex/amsmath/amsbsy.sty
Package: amsbsy 1999/11/29 v1.2d Bold Symbols
\pmbraise@=\dimen159
) (/Users/corrado/Library/TinyTeX/texmf-dist/tex/latex/amsmath/amsopn.sty
Package: amsopn 2022/04/08 v2.04 operator names
)
\inf@bad=\count287
LaTeX Info: Redefining \frac on input line 235.
\uproot@=\count288
\leftroot@=\count289
LaTeX Info: Redefining \overline on input line 398.
LaTeX Info: Redefining \colon on input line 409.
\classnum@=\count290
\DOTSCASE@=\count291
LaTeX Info: Redefining \ldots on input line 495.
LaTeX Info: Redefining \dots on input line 498.
LaTeX Info: Redefining \cdots on input line 619.
\Mathstrutbox@=\box55
\strutbox@=\box56
LaTeX Info: Redefining \big on input line 721.
LaTeX Info: Redefining \Big on input line 722.
LaTeX Info: Redefining \bigg on input line 723.
LaTeX Info: Redefining \Bigg on input line 724.
\big@size=\dimen160
LaTeX Font Info:    Redeclaring font encoding OML on input line 742.
LaTeX Font Info:    Redeclaring font encoding OMS on input line 743.
\macc@depth=\count292
LaTeX Info: Redefining \bmod on input line 904.
LaTeX Info: Redefining \pmod on input line 909.
LaTeX Info: Redefining \smash on input line 939.
LaTeX Info: Redefining \relbar on input line 969.
LaTeX Info: Redefining \Relbar on input line 970.
\c@MaxMatrixCols=\count293
\dotsspace@=\muskip17
\c@parentequation=\count294
\dspbrk@lvl=\count295
\tag@help=\toks20
\row@=\count296
\column@=\count297
\maxfields@=\count298
\andhelp@=\toks21
\eqnshift@=\dimen161
\alignsep@=\dimen162
\tagshift@=\dimen163
\tagwidth@=\dimen164
\totwidth@=\dimen165
\lineht@=\dimen166
\@envbody=\toks22
\multlinegap=\skip67
\multlinetaggap=\skip68
\mathdisplay@stack=\toks23
LaTeX Info: Redefining \[ on input line 2965.
LaTeX Info: Redefining \] on input line 2966.
) (/Users/corrado/Library/TinyTeX/texmf-dist/tex/latex/amsfonts/amssymb.sty
Package: amssymb 2013/01/14 v3.01 AMS font symbols
(/Users/corrado/Library/TinyTeX/texmf-dist/tex/latex/amsfonts/amsfonts.sty
Package: amsfonts 2013/01/14 v3.01 Basic AMSFonts support
\symAMSa=\mathgroup4
\symAMSb=\mathgroup5
LaTeX Font Info:    Redeclaring math symbol \hbar on input line 98.
LaTeX Font Info:    Overwriting math alphabet `\mathfrak' in version `bold'
(Font)                  U/euf/m/n --> U/euf/b/n on input line 106.
)) (/Users/corrado/Library/TinyTeX/texmf-dist/tex/latex/cancel/cancel.sty
Package: cancel 2013/04/12 v2.2 Cancel math terms
) (/Users/corrado/Library/TinyTeX/texmf-dist/tex/latex/unicode-math/unicode-math.sty (/Users/corrado/Library/TinyTeX/texmf-dist/tex/latex/l3kernel/expl3.sty
Package: expl3 2026-06-18 L3 programming layer (loader) 
(/Users/corrado/Library/TinyTeX/texmf-dist/tex/latex/l3backend/l3backend-luatex.def
File: l3backend-luatex.def 2026-02-18 L3 backend support: PDF output (LuaTeX)
\l__color_backend_stack_int=\count299
Inserting `l3color' in `luaotfload.parse_color'.))
Package: unicode-math 2023/08/13 v0.8r Unicode maths in XeLaTeX and LuaLaTeX
(/Users/corrado/Library/TinyTeX/texmf-dist/tex/latex/unicode-math/unicode-math-luatex.sty
Package: unicode-math-luatex 2023/08/13 v0.8r Unicode maths in XeLaTeX and LuaLaTeX
(/Users/corrado/Library/TinyTeX/texmf-dist/tex/latex/l3packages/xparse/xparse.sty
Package: xparse 2025-10-09 L3 Experimental document command parser
) (/Users/corrado/Library/TinyTeX/texmf-dist/tex/latex/l3packages/l3keys2e/l3keys2e.sty
Package: l3keys2e 2025-10-09 LaTeX2e option processing using LaTeX3 keys
) (/Users/corrado/Library/TinyTeX/texmf-dist/tex/latex/fontspec/fontspec.sty
Package: fontspec 2025/09/29 v2.9g Font selection for XeLaTeX and LuaLaTeX
Lua module: fontspec 2025/09/29 v2.9g Font selection for XeLaTeX and LuaLaTeX (/Users/corrado/Library/TinyTeX/texmf-dist/tex/latex/fontspec/fontspec-luatex.sty
Package: fontspec-luatex 2025/09/29 v2.9g Font selection for XeLaTeX and LuaLaTeX
\l__fontspec_script_int=\count300
\l__fontspec_language_int=\count301
\l__fontspec_strnum_int=\count302
\l__fontspec_tmp_int=\count303
\l__fontspec_tmpa_int=\count304
\l__fontspec_tmpb_int=\count305
\l__fontspec_tmpc_int=\count306
\l__fontspec_em_int=\count307
\l__fontspec_emdef_int=\count308
\l__fontspec_strong_int=\count309
\l__fontspec_strongdef_int=\count310
\l__fontspec_tmpa_dim=\dimen167
\l__fontspec_tmpb_dim=\dimen168
\l__fontspec_tmpc_dim=\dimen169
(/Users/corrado/Library/TinyTeX/texmf-dist/tex/latex/base/fontenc.sty
Package: fontenc 2025/07/18 v2.1d Standard LaTeX package
) (/Users/corrado/Library/TinyTeX/texmf-dist/tex/latex/fontspec/fontspec.cfg))) (/Users/corrado/Library/TinyTeX/texmf-dist/tex/latex/base/fix-cm.sty
Package: fix-cm 2020/11/24 v1.1t fixes to LaTeX
(/Users/corrado/Library/TinyTeX/texmf-dist/tex/latex/base/ts1enc.def
File: ts1enc.def 2001/06/05 v3.0e (jk/car/fm) Standard LaTeX file
LaTeX Font Info:    Redeclaring font encoding TS1 on input line 47.
LaTeX Encoding Info:    Redeclaring text command \capitalcedilla (encoding TS1) on input line 49.
LaTeX Encoding Info:    Redeclaring text command \capitalogonek (encoding TS1) on input line 52.
LaTeX Encoding Info:    Redeclaring text command \capitalgrave (encoding TS1) on input line 55.
LaTeX Encoding Info:    Redeclaring text command \capitalacute (encoding TS1) on input line 56.
LaTeX Encoding Info:    Redeclaring text command \capitalcircumflex (encoding TS1) on input line 57.
LaTeX Encoding Info:    Redeclaring text command \capitaltilde (encoding TS1) on input line 58.
LaTeX Encoding Info:    Redeclaring text command \capitaldieresis (encoding TS1) on input line 59.
LaTeX Encoding Info:    Redeclaring text command \capitalhungarumlaut (encoding TS1) on input line 60.
LaTeX Encoding Info:    Redeclaring text command \capitalring (encoding TS1) on input line 61.
LaTeX Encoding Info:    Redeclaring text command \capitalcaron (encoding TS1) on input line 62.
LaTeX Encoding Info:    Redeclaring text command \capitalbreve (encoding TS1) on input line 63.
LaTeX Encoding Info:    Redeclaring text command \capitalmacron (encoding TS1) on input line 64.
LaTeX Encoding Info:    Redeclaring text command \capitaldotaccent (encoding TS1) on input line 65.
LaTeX Encoding Info:    Redeclaring text command \t (encoding TS1) on input line 66.
LaTeX Encoding Info:    Redeclaring text command \capitaltie (encoding TS1) on input line 67.
LaTeX Encoding Info:    Redeclaring text command \newtie (encoding TS1) on input line 68.
LaTeX Encoding Info:    Redeclaring text command \capitalnewtie (encoding TS1) on input line 69.
LaTeX Encoding Info:    Redeclaring text symbol \textcapitalcompwordmark (encoding TS1) on input line 70.
LaTeX Encoding Info:    Redeclaring text symbol \textascendercompwordmark (encoding TS1) on input line 71.
LaTeX Encoding Info:    Redeclaring text symbol \textquotestraightbase (encoding TS1) on input line 72.
LaTeX Encoding Info:    Redeclaring text symbol \textquotestraightdblbase (encoding TS1) on input line 73.
LaTeX Encoding Info:    Redeclaring text symbol \texttwelveudash (encoding TS1) on input line 74.
LaTeX Encoding Info:    Redeclaring text symbol \textthreequartersemdash (encoding TS1) on input line 75.
LaTeX Encoding Info:    Redeclaring text symbol \textleftarrow (encoding TS1) on input line 76.
LaTeX Encoding Info:    Redeclaring text symbol \textrightarrow (encoding TS1) on input line 77.
LaTeX Encoding Info:    Redeclaring text symbol \textblank (encoding TS1) on input line 78.
LaTeX Encoding Info:    Redeclaring text symbol \textdollar (encoding TS1) on input line 79.
LaTeX Encoding Info:    Redeclaring text symbol \textquotesingle (encoding TS1) on input line 80.
LaTeX Encoding Info:    Redeclaring text command \textasteriskcentered (encoding TS1) on input line 81.
LaTeX Encoding Info:    Redeclaring text symbol \textdblhyphen (encoding TS1) on input line 92.
LaTeX Encoding Info:    Redeclaring text symbol \textfractionsolidus (encoding TS1) on input line 93.
LaTeX Encoding Info:    Redeclaring text symbol \textzerooldstyle (encoding TS1) on input line 94.
LaTeX Encoding Info:    Redeclaring text symbol \textoneoldstyle (encoding TS1) on input line 95.
LaTeX Encoding Info:    Redeclaring text symbol \texttwooldstyle (encoding TS1) on input line 96.
LaTeX Encoding Info:    Redeclaring text symbol \textthreeoldstyle (encoding TS1) on input line 97.
LaTeX Encoding Info:    Redeclaring text symbol \textfouroldstyle (encoding TS1) on input line 98.
LaTeX Encoding Info:    Redeclaring text symbol \textfiveoldstyle (encoding TS1) on input line 99.
LaTeX Encoding Info:    Redeclaring text symbol \textsixoldstyle (encoding TS1) on input line 100.
LaTeX Encoding Info:    Redeclaring text symbol \textsevenoldstyle (encoding TS1) on input line 101.
LaTeX Encoding Info:    Redeclaring text symbol \texteightoldstyle (encoding TS1) on input line 102.
LaTeX Encoding Info:    Redeclaring text symbol \textnineoldstyle (encoding TS1) on input line 103.
LaTeX Encoding Info:    Redeclaring text symbol \textlangle (encoding TS1) on input line 104.
LaTeX Encoding Info:    Redeclaring text symbol \textminus (encoding TS1) on input line 105.
LaTeX Encoding Info:    Redeclaring text symbol \textrangle (encoding TS1) on input line 106.
LaTeX Encoding Info:    Redeclaring text symbol \textmho (encoding TS1) on input line 107.
LaTeX Encoding Info:    Redeclaring text symbol \textbigcircle (encoding TS1) on input line 108.
LaTeX Encoding Info:    Redeclaring text command \textcircled (encoding TS1) on input line 109.
LaTeX Encoding Info:    Redeclaring text symbol \textohm (encoding TS1) on input line 115.
LaTeX Encoding Info:    Redeclaring text symbol \textlbrackdbl (encoding TS1) on input line 116.
LaTeX Encoding Info:    Redeclaring text symbol \textrbrackdbl (encoding TS1) on input line 117.
LaTeX Encoding Info:    Redeclaring text symbol \textuparrow (encoding TS1) on input line 118.
LaTeX Encoding Info:    Redeclaring text symbol \textdownarrow (encoding TS1) on input line 119.
LaTeX Encoding Info:    Redeclaring text symbol \textasciigrave (encoding TS1) on input line 120.
LaTeX Encoding Info:    Redeclaring text symbol \textborn (encoding TS1) on input line 121.
LaTeX Encoding Info:    Redeclaring text symbol \textdivorced (encoding TS1) on input line 122.
LaTeX Encoding Info:    Redeclaring text symbol \textdied (encoding TS1) on input line 123.
LaTeX Encoding Info:    Redeclaring text symbol \textleaf (encoding TS1) on input line 124.
LaTeX Encoding Info:    Redeclaring text symbol \textmarried (encoding TS1) on input line 125.
LaTeX Encoding Info:    Redeclaring text symbol \textmusicalnote (encoding TS1) on input line 126.
LaTeX Encoding Info:    Redeclaring text symbol \texttildelow (encoding TS1) on input line 127.
LaTeX Encoding Info:    Redeclaring text symbol \textdblhyphenchar (encoding TS1) on input line 128.
LaTeX Encoding Info:    Redeclaring text symbol \textasciibreve (encoding TS1) on input line 129.
LaTeX Encoding Info:    Redeclaring text symbol \textasciicaron (encoding TS1) on input line 130.
LaTeX Encoding Info:    Redeclaring text symbol \textacutedbl (encoding TS1) on input line 131.
LaTeX Encoding Info:    Redeclaring text symbol \textgravedbl (encoding TS1) on input line 132.
LaTeX Encoding Info:    Redeclaring text symbol \textdagger (encoding TS1) on input line 133.
LaTeX Encoding Info:    Redeclaring text symbol \textdaggerdbl (encoding TS1) on input line 134.
LaTeX Encoding Info:    Redeclaring text symbol \textbardbl (encoding TS1) on input line 135.
LaTeX Encoding Info:    Redeclaring text symbol \textperthousand (encoding TS1) on input line 136.
LaTeX Encoding Info:    Redeclaring text symbol \textbullet (encoding TS1) on input line 137.
LaTeX Encoding Info:    Redeclaring text symbol \textcelsius (encoding TS1) on input line 138.
LaTeX Encoding Info:    Redeclaring text symbol \textdollaroldstyle (encoding TS1) on input line 139.
LaTeX Encoding Info:    Redeclaring text symbol \textcentoldstyle (encoding TS1) on input line 140.
LaTeX Encoding Info:    Redeclaring text symbol \textflorin (encoding TS1) on input line 141.
LaTeX Encoding Info:    Redeclaring text symbol \textcolonmonetary (encoding TS1) on input line 142.
LaTeX Encoding Info:    Redeclaring text symbol \textwon (encoding TS1) on input line 143.
LaTeX Encoding Info:    Redeclaring text symbol \textnaira (encoding TS1) on input line 144.
LaTeX Encoding Info:    Redeclaring text symbol \textguarani (encoding TS1) on input line 145.
LaTeX Encoding Info:    Redeclaring text symbol \textpeso (encoding TS1) on input line 146.
LaTeX Encoding Info:    Redeclaring text symbol \textlira (encoding TS1) on input line 147.
LaTeX Encoding Info:    Redeclaring text symbol \textrecipe (encoding TS1) on input line 148.
LaTeX Encoding Info:    Redeclaring text symbol \textinterrobang (encoding TS1) on input line 149.
LaTeX Encoding Info:    Redeclaring text symbol \textinterrobangdown (encoding TS1) on input line 150.
LaTeX Encoding Info:    Redeclaring text symbol \textdong (encoding TS1) on input line 151.
LaTeX Encoding Info:    Redeclaring text symbol \texttrademark (encoding TS1) on input line 152.
LaTeX Encoding Info:    Redeclaring text symbol \textpertenthousand (encoding TS1) on input line 153.
LaTeX Encoding Info:    Redeclaring text symbol \textpilcrow (encoding TS1) on input line 154.
LaTeX Encoding Info:    Redeclaring text symbol \textbaht (encoding TS1) on input line 155.
LaTeX Encoding Info:    Redeclaring text symbol \textnumero (encoding TS1) on input line 156.
LaTeX Encoding Info:    Redeclaring text symbol \textdiscount (encoding TS1) on input line 157.
LaTeX Encoding Info:    Redeclaring text symbol \textestimated (encoding TS1) on input line 158.
LaTeX Encoding Info:    Redeclaring text symbol \textopenbullet (encoding TS1) on input line 159.
LaTeX Encoding Info:    Redeclaring text symbol \textservicemark (encoding TS1) on input line 160.
LaTeX Encoding Info:    Redeclaring text symbol \textlquill (encoding TS1) on input line 161.
LaTeX Encoding Info:    Redeclaring text symbol \textrquill (encoding TS1) on input line 162.
LaTeX Encoding Info:    Redeclaring text symbol \textcent (encoding TS1) on input line 163.
LaTeX Encoding Info:    Redeclaring text symbol \textsterling (encoding TS1) on input line 164.
LaTeX Encoding Info:    Redeclaring text symbol \textcurrency (encoding TS1) on input line 165.
LaTeX Encoding Info:    Redeclaring text symbol \textyen (encoding TS1) on input line 166.
LaTeX Encoding Info:    Redeclaring text symbol \textbrokenbar (encoding TS1) on input line 167.
LaTeX Encoding Info:    Redeclaring text symbol \textsection (encoding TS1) on input line 168.
LaTeX Encoding Info:    Redeclaring text symbol \textasciidieresis (encoding TS1) on input line 169.
LaTeX Encoding Info:    Redeclaring text symbol \textcopyright (encoding TS1) on input line 170.
LaTeX Encoding Info:    Redeclaring text symbol \textordfeminine (encoding TS1) on input line 171.
LaTeX Encoding Info:    Redeclaring text symbol \textcopyleft (encoding TS1) on input line 172.
LaTeX Encoding Info:    Redeclaring text symbol \textlnot (encoding TS1) on input line 173.
LaTeX Encoding Info:    Redeclaring text symbol \textcircledP (encoding TS1) on input line 174.
LaTeX Encoding Info:    Redeclaring text symbol \textregistered (encoding TS1) on input line 175.
LaTeX Encoding Info:    Redeclaring text symbol \textasciimacron (encoding TS1) on input line 176.
LaTeX Encoding Info:    Redeclaring text symbol \textdegree (encoding TS1) on input line 177.
LaTeX Encoding Info:    Redeclaring text symbol \textpm (encoding TS1) on input line 178.
LaTeX Encoding Info:    Redeclaring text symbol \texttwosuperior (encoding TS1) on input line 179.
LaTeX Encoding Info:    Redeclaring text symbol \textthreesuperior (encoding TS1) on input line 180.
LaTeX Encoding Info:    Redeclaring text symbol \textasciiacute (encoding TS1) on input line 181.
LaTeX Encoding Info:    Redeclaring text symbol \textmu (encoding TS1) on input line 182.
LaTeX Encoding Info:    Redeclaring text symbol \textparagraph (encoding TS1) on input line 183.
LaTeX Encoding Info:    Redeclaring text symbol \textperiodcentered (encoding TS1) on input line 184.
LaTeX Encoding Info:    Redeclaring text symbol \textreferencemark (encoding TS1) on input line 185.
LaTeX Encoding Info:    Redeclaring text symbol \textonesuperior (encoding TS1) on input line 186.
LaTeX Encoding Info:    Redeclaring text symbol \textordmasculine (encoding TS1) on input line 187.
LaTeX Encoding Info:    Redeclaring text symbol \textsurd (encoding TS1) on input line 188.
LaTeX Encoding Info:    Redeclaring text symbol \textonequarter (encoding TS1) on input line 189.
LaTeX Encoding Info:    Redeclaring text symbol \textonehalf (encoding TS1) on input line 190.
LaTeX Encoding Info:    Redeclaring text symbol \textthreequarters (encoding TS1) on input line 191.
LaTeX Encoding Info:    Redeclaring text symbol \texteuro (encoding TS1) on input line 192.
LaTeX Encoding Info:    Redeclaring text symbol \texttimes (encoding TS1) on input line 193.
LaTeX Encoding Info:    Redeclaring text symbol \textdiv (encoding TS1) on input line 194.
)) (/Users/corrado/Library/TinyTeX/texmf-dist/tex/lualatex/lualatex-math/lualatex-math.sty
Package: lualatex-math 2022/01/01 v1.12 Patches for mathematics typesetting with LuaLaTeX
(/Users/corrado/Library/TinyTeX/texmf-dist/tex/latex/etoolbox/etoolbox.sty
Package: etoolbox 2025/10/02 v2.5m e-TeX tools for LaTeX (JAW)
\etb@tempcnta=\count311
)
Lua module: lualatex-math 2013/08/03 v1.3 Patches for mathematics typesetting with LuaLaTeX)
\g__um_fam_int=\count312
\g__um_fonts_used_int=\count313
\l__um_primecount_int=\count314
\g__um_primekern_muskip=\muskip18
(/Users/corrado/Library/TinyTeX/texmf-dist/tex/latex/unicode-math/unicode-math-table.tex))) (/Users/corrado/Library/TinyTeX/texmf-dist/tex/latex/lm/lmodern.sty
Package: lmodern 2015/05/01 v1.6.1 Latin Modern Fonts
LaTeX Font Info:    Overwriting symbol font `operators' in version `normal'
(Font)                  OT1/cmr/m/n --> OT1/lmr/m/n on input line 22.
LaTeX Font Info:    Overwriting symbol font `letters' in version `normal'
(Font)                  OML/cmm/m/it --> OML/lmm/m/it on input line 23.
LaTeX Font Info:    Overwriting symbol font `symbols' in version `normal'
(Font)                  OMS/cmsy/m/n --> OMS/lmsy/m/n on input line 24.
LaTeX Font Info:    Overwriting symbol font `largesymbols' in version `normal'
(Font)                  OMX/cmex/m/n --> OMX/lmex/m/n on input line 25.
LaTeX Font Info:    Overwriting symbol font `operators' in version `bold'
(Font)                  OT1/cmr/bx/n --> OT1/lmr/bx/n on input line 26.
LaTeX Font Info:    Overwriting symbol font `letters' in version `bold'
(Font)                  OML/cmm/b/it --> OML/lmm/b/it on input line 27.
LaTeX Font Info:    Overwriting symbol font `symbols' in version `bold'
(Font)                  OMS/cmsy/b/n --> OMS/lmsy/b/n on input line 28.
LaTeX Font Info:    Overwriting symbol font `largesymbols' in version `bold'
(Font)                  OMX/cmex/m/n --> OMX/lmex/m/n on input line 29.
LaTeX Font Info:    Overwriting math alphabet `\mathbf' in version `normal'
(Font)                  OT1/cmr/bx/n --> OT1/lmr/bx/n on input line 31.
LaTeX Font Info:    Overwriting math alphabet `\mathsf' in version `normal'
(Font)                  OT1/cmss/m/n --> OT1/lmss/m/n on input line 32.
LaTeX Font Info:    Overwriting math alphabet `\mathit' in version `normal'
(Font)                  OT1/cmr/m/it --> OT1/lmr/m/it on input line 33.
LaTeX Font Info:    Overwriting math alphabet `\mathtt' in version `normal'
(Font)                  OT1/cmtt/m/n --> OT1/lmtt/m/n on input line 34.
LaTeX Font Info:    Overwriting math alphabet `\mathbf' in version `bold'
(Font)                  OT1/cmr/bx/n --> OT1/lmr/bx/n on input line 35.
LaTeX Font Info:    Overwriting math alphabet `\mathsf' in version `bold'
(Font)                  OT1/cmss/bx/n --> OT1/lmss/bx/n on input line 36.
LaTeX Font Info:    Overwriting math alphabet `\mathit' in version `bold'
(Font)                  OT1/cmr/bx/it --> OT1/lmr/bx/it on input line 37.
LaTeX Font Info:    Overwriting math alphabet `\mathtt' in version `bold'
(Font)                  OT1/cmtt/m/n --> OT1/lmtt/m/n on input line 38.
)
luaotfload | cache : Lookup cache loaded from /Users/corrado/Library/TinyTeX/texmf-var/luatex-cache/generic/names/luaotfload-lookup-cache.luc.

Package fontspec Info: 
(fontspec)             Libertinus Serif scale = 1.004661224781475.


Package fontspec Info: 
(fontspec)             Libertinus Serif scale = 1.


Package fontspec Info: 
(fontspec)             Libertinus Serif scale = 1.004661224781475.


Package fontspec Info: 
(fontspec)             Libertinus Serif scale = 1.


Package fontspec Info: 
(fontspec)             Libertinus Serif scale = 1.004661224781475.


Package fontspec Info: 
(fontspec)             Libertinus Serif scale = 1.


Package fontspec Info: 
(fontspec)             Libertinus Serif/B scale = 0.9953786245293341.


Package fontspec Info: 
(fontspec)             Libertinus Serif/B scale = 1.


Package fontspec Info: 
(fontspec)             Libertinus Serif/B scale = 0.9953786245293341.


Package fontspec Info: 
(fontspec)             Libertinus Serif/B scale = 1.


Package fontspec Info: 
(fontspec)             Libertinus Serif/I scale = 1.004661224781475.


Package fontspec Info: 
(fontspec)             Libertinus Serif/I scale = 1.


Package fontspec Info: 
(fontspec)             Libertinus Serif/I scale = 1.004661224781475.


Package fontspec Info: 
(fontspec)             Libertinus Serif/I scale = 1.


Package fontspec Info: 
(fontspec)             Libertinus Serif/BI scale = 1.004661224781475.


Package fontspec Info: 
(fontspec)             Libertinus Serif/BI scale = 1.


Package fontspec Info: 
(fontspec)             Libertinus Serif/BI scale = 1.004661224781475.


Package fontspec Info: 
(fontspec)             Libertinus Serif/BI scale = 1.


Package fontspec Info: 
(fontspec)             Font family 'LibertinusSerif(0)' created for font
(fontspec)             'Libertinus Serif' with options
(fontspec)             [Scale=MatchLowercase,Ligatures=TeX,Scale=1].
(fontspec)              
(fontspec)              This font family consists of the following NFSS
(fontspec)             series/shapes:
(fontspec)              
(fontspec)             - 'normal' (m/n) with NFSS spec.:
(fontspec)             <->s*[1]"name:Libertinus
(fontspec)             Serif:mode=node;script=latn;language=dflt;+tlig;"
(fontspec)             - 'small caps'  (m/sc) with NFSS spec.:
(fontspec)             <->s*[1]"name:Libertinus
(fontspec)             Serif:mode=node;script=latn;language=dflt;+tlig;+smcp;"
(fontspec)             - 'bold' (b/n) with NFSS spec.:
(fontspec)             <->s*[1]"name:Libertinus
(fontspec)             Serif/B:mode=node;script=latn;language=dflt;+tlig;"
(fontspec)             - 'bold small caps'  (b/sc) with NFSS spec.:
(fontspec)             <->s*[1]"name:Libertinus
(fontspec)             Serif/B:mode=node;script=latn;language=dflt;+tlig;+smcp;"
(fontspec)             - 'italic' (m/it) with NFSS spec.:
(fontspec)             <->s*[1]"name:Libertinus
(fontspec)             Serif/I:mode=node;script=latn;language=dflt;+tlig;"
(fontspec)             - 'italic small caps'  (m/scit) with NFSS spec.:
(fontspec)             <->s*[1]"name:Libertinus
(fontspec)             Serif/I:mode=node;script=latn;language=dflt;+tlig;+smcp;"
(fontspec)             - 'bold italic' (b/it) with NFSS spec.:
(fontspec)             <->s*[1]"name:Libertinus
(fontspec)             Serif/BI:mode=node;script=latn;language=dflt;+tlig;"
(fontspec)             - 'bold italic small caps'  (b/scit) with NFSS spec.:
(fontspec)             <->s*[1]"name:Libertinus
(fontspec)             Serif/BI:mode=node;script=latn;language=dflt;+tlig;+smcp;"

LaTeX Font Info:    Font shape `TU/LibertinusSerif(0)/m/n' will be
(Font)              scaled to size 10.95pt on input line 32.

Package fontspec Info: 
(fontspec)             Libertinus Serif scale = 1.


Package fontspec Info: 
(fontspec)             Libertinus Serif scale = 1.


Package fontspec Info: 
(fontspec)             Libertinus Serif scale = 1.


Package fontspec Info: 
(fontspec)             Libertinus Serif/B scale = 0.990760467286712.


Package fontspec Info: 
(fontspec)             Libertinus Serif/B scale = 0.990760467286712.


Package fontspec Info: 
(fontspec)             Libertinus Serif/I scale = 1.


Package fontspec Info: 
(fontspec)             Libertinus Serif/I scale = 1.


Package fontspec Info: 
(fontspec)             Libertinus Serif/BI scale = 1.


Package fontspec Info: 
(fontspec)             Libertinus Serif/BI scale = 1.


Package fontspec Info: 
(fontspec)             Font family 'LibertinusSerif(1)' created for font
(fontspec)             'Libertinus Serif' with options
(fontspec)             [Scale=MatchLowercase,Renderer=Basic].
(fontspec)              
(fontspec)              This font family consists of the following NFSS
(fontspec)             series/shapes:
(fontspec)              
(fontspec)             - 'normal' (m/n) with NFSS spec.:
(fontspec)             <->s*[1]"name:Libertinus
(fontspec)             Serif:mode=base;script=latn;language=dflt;"
(fontspec)             - 'small caps'  (m/sc) with NFSS spec.:
(fontspec)             <->s*[1]"name:Libertinus
(fontspec)             Serif:mode=base;script=latn;language=dflt;+smcp;"
(fontspec)             - 'bold' (b/n) with NFSS spec.:
(fontspec)             <->s*[0.990760467286712]"name:Libertinus
(fontspec)             Serif/B:mode=base;script=latn;language=dflt;"
(fontspec)             - 'bold small caps'  (b/sc) with NFSS spec.:
(fontspec)             <->s*[0.990760467286712]"name:Libertinus
(fontspec)             Serif/B:mode=base;script=latn;language=dflt;+smcp;"
(fontspec)             - 'italic' (m/it) with NFSS spec.:
(fontspec)             <->s*[1]"name:Libertinus
(fontspec)             Serif/I:mode=base;script=latn;language=dflt;"
(fontspec)             - 'italic small caps'  (m/scit) with NFSS spec.:
(fontspec)             <->s*[1]"name:Libertinus
(fontspec)             Serif/I:mode=base;script=latn;language=dflt;+smcp;"
(fontspec)             - 'bold italic' (b/it) with NFSS spec.:
(fontspec)             <->s*[1]"name:Libertinus
(fontspec)             Serif/BI:mode=base;script=latn;language=dflt;"
(fontspec)             - 'bold italic small caps'  (b/scit) with NFSS spec.:
(fontspec)             <->s*[1]"name:Libertinus
(fontspec)             Serif/BI:mode=base;script=latn;language=dflt;+smcp;"

LaTeX Font Info:    Overwriting math alphabet `\mathrm' in version `normal'
(Font)                  OT1/lmr/m/n --> TU/LibertinusSerif(1)/m/n on input line 32.
LaTeX Font Info:    Overwriting math alphabet `\mathit' in version `normal'
(Font)                  OT1/lmr/m/it --> TU/LibertinusSerif(1)/m/it on input line 32.
LaTeX Font Info:    Overwriting math alphabet `\mathbf' in version `normal'
(Font)                  OT1/lmr/bx/n --> TU/LibertinusSerif(1)/b/n on input line 32.

Package fontspec Info: 
(fontspec)             Libertinus Sans scale = 0.9326064960951938.


Package fontspec Info: 
(fontspec)             Could not resolve font "Libertinus Sans/BI" (it
(fontspec)             probably doesn't exist).


Package fontspec Info: 
(fontspec)             Libertinus Sans scale = 0.9326064960951938.


Package fontspec Info: 
(fontspec)             Libertinus Sans scale = 0.9326064960951938.


Package fontspec Info: 
(fontspec)             Libertinus Sans/B scale = 1.


Package fontspec Info: 
(fontspec)             Libertinus Sans/B scale = 1.


Package fontspec Info: 
(fontspec)             Libertinus Sans/I scale = 1.


Package fontspec Info: 
(fontspec)             Libertinus Sans/I scale = 1.


Package fontspec Info: 
(fontspec)             Font family 'LibertinusSans(0)' created for font
(fontspec)             'Libertinus Sans' with options
(fontspec)             [Scale=MatchLowercase,Ligatures=TeX].
(fontspec)              
(fontspec)              This font family consists of the following NFSS
(fontspec)             series/shapes:
(fontspec)              
(fontspec)             - 'normal' (m/n) with NFSS spec.:
(fontspec)             <->s*[0.9326064960951938]"name:Libertinus
(fontspec)             Sans:mode=node;script=latn;language=dflt;+tlig;"
(fontspec)             - 'small caps'  (m/sc) with NFSS spec.:
(fontspec)             <->s*[0.9326064960951938]"name:Libertinus
(fontspec)             Sans:mode=node;script=latn;language=dflt;+tlig;+smcp;"
(fontspec)             - 'bold' (b/n) with NFSS spec.:
(fontspec)             <->s*[1]"name:Libertinus
(fontspec)             Sans/B:mode=node;script=latn;language=dflt;+tlig;"
(fontspec)             - 'bold small caps'  (b/sc) with NFSS spec.:
(fontspec)             <->s*[1]"name:Libertinus
(fontspec)             Sans/B:mode=node;script=latn;language=dflt;+tlig;+smcp;"
(fontspec)             - 'italic' (m/it) with NFSS spec.:
(fontspec)             <->s*[1]"name:Libertinus
(fontspec)             Sans/I:mode=node;script=latn;language=dflt;+tlig;"
(fontspec)             - 'italic small caps'  (m/scit) with NFSS spec.:
(fontspec)             <->s*[1]"name:Libertinus
(fontspec)             Sans/I:mode=node;script=latn;language=dflt;+tlig;+smcp;"


Package fontspec Info: 
(fontspec)             Libertinus Sans scale = 0.9326064960951938.


Package fontspec Info: 
(fontspec)             Could not resolve font "Libertinus Sans/BI" (it
(fontspec)             probably doesn't exist).


Package fontspec Info: 
(fontspec)             Libertinus Sans scale = 0.9326064960951938.


Package fontspec Info: 
(fontspec)             Libertinus Sans scale = 0.9326064960951938.


Package fontspec Info: 
(fontspec)             Libertinus Sans/B scale = 1.


Package fontspec Info: 
(fontspec)             Libertinus Sans/B scale = 1.


Package fontspec Info: 
(fontspec)             Libertinus Sans/I scale = 1.


Package fontspec Info: 
(fontspec)             Libertinus Sans/I scale = 1.


Package fontspec Info: 
(fontspec)             Font family 'LibertinusSans(1)' created for font
(fontspec)             'Libertinus Sans' with options
(fontspec)             [Scale=MatchLowercase,Renderer=Basic].
(fontspec)              
(fontspec)              This font family consists of the following NFSS
(fontspec)             series/shapes:
(fontspec)              
(fontspec)             - 'normal' (m/n) with NFSS spec.:
(fontspec)             <->s*[0.9326064960951938]"name:Libertinus
(fontspec)             Sans:mode=base;script=latn;language=dflt;"
(fontspec)             - 'small caps'  (m/sc) with NFSS spec.:
(fontspec)             <->s*[0.9326064960951938]"name:Libertinus
(fontspec)             Sans:mode=base;script=latn;language=dflt;+smcp;"
(fontspec)             - 'bold' (b/n) with NFSS spec.:
(fontspec)             <->s*[1]"name:Libertinus
(fontspec)             Sans/B:mode=base;script=latn;language=dflt;"
(fontspec)             - 'bold small caps'  (b/sc) with NFSS spec.:
(fontspec)             <->s*[1]"name:Libertinus
(fontspec)             Sans/B:mode=base;script=latn;language=dflt;+smcp;"
(fontspec)             - 'italic' (m/it) with NFSS spec.:
(fontspec)             <->s*[1]"name:Libertinus
(fontspec)             Sans/I:mode=base;script=latn;language=dflt;"
(fontspec)             - 'italic small caps'  (m/scit) with NFSS spec.:
(fontspec)             <->s*[1]"name:Libertinus
(fontspec)             Sans/I:mode=base;script=latn;language=dflt;+smcp;"

LaTeX Font Info:    Overwriting math alphabet `\mathsf' in version `normal'
(Font)                  OT1/lmss/m/n --> TU/LibertinusSans(1)/m/n on input line 33.
LaTeX Font Info:    Overwriting math alphabet `\mathsf' in version `bold'
(Font)                  OT1/lmss/bx/n --> TU/LibertinusSans(1)/b/n on input line 33.
(/Users/corrado/Library/TinyTeX/texmf-dist/tex/latex/upquote/upquote.sty
Package: upquote 2012/04/19 v1.3 upright-quote and grave-accent glyphs in verbatim
(/Users/corrado/Library/TinyTeX/texmf-dist/tex/latex/base/textcomp.sty
Package: textcomp 2024/04/24 v2.1b Standard LaTeX package
)) (/Users/corrado/Library/TinyTeX/texmf-dist/tex/latex/microtype/microtype.sty
Package: microtype 2026/03/01 v3.2d Micro-typographical refinements (RS)
\MT@toks=\toks24
\MT@tempbox=\box57
\MT@count=\count315
LaTeX Info: Redefining \noprotrusionifhmode on input line 1084.
LaTeX Info: Redefining \leftprotrusion on input line 1085.
\MT@prot@toks=\toks25
LaTeX Info: Redefining \rightprotrusion on input line 1104.
LaTeX Info: Redefining \textls on input line 1449.
\MT@outer@kern=\dimen170
LaTeX Info: Redefining \microtypecontext on input line 2053.
LaTeX Info: Redefining \textmicrotypecontext on input line 2070.
\MT@listname@count=\count316
(/Users/corrado/Library/TinyTeX/texmf-dist/tex/latex/microtype/microtype-luatex.def
File: microtype-luatex.def 2026/03/01 v3.2d Definitions specific to luatex (RS)
Lua module: microtype 2026/03/01 v3.2d microtype module.
Module microtype Info: overwriting function `keepligature' on input line 63
LaTeX Info: Redefining \lsstyle on input line 779.
LaTeX Info: Redefining \lslig on input line 779.
\MT@outer@space=\skip69
)
Package microtype Info: Loading configuration file microtype.cfg.
(/Users/corrado/Library/TinyTeX/texmf-dist/tex/latex/microtype/microtype.cfg
File: microtype.cfg 2026/03/01 v3.2d microtype main configuration file (RS)
)
LaTeX Info: Redefining \microtypesetup on input line 3065.
) (/Users/corrado/Library/TinyTeX/texmf-dist/tex/latex/fancyvrb/fancyvrb.sty
Package: fancyvrb 2026/04/16 4.6a verbatim text (tvz,hv)
\FV@CodeLineNo=\count317
\FV@InFile=\read2
\FV@TabBox=\box58
\c@FancyVerbLine=\count318
\FV@StepNumber=\count319
\FV@OutFile=\write3
) (/Users/corrado/Library/TinyTeX/texmf-dist/tex/latex/framed/framed.sty
Package: framed 2011/10/22 v 0.96: framed or shaded text with page breaks
\OuterFrameSep=\skip70
\fb@frw=\dimen171
\fb@frh=\dimen172
\FrameRule=\dimen173
\FrameSep=\dimen174
) (/Users/corrado/Library/TinyTeX/texmf-dist/tex/latex/tools/longtable.sty
Package: longtable 2026-01-28 v4.27 Multi-page Table package (DPC)
\LTleft=\skip71
\LTright=\skip72
\LTpre=\skip73
\LTpost=\skip74
\LTchunksize=\count320
\LTcapwidth=\dimen175
\LT@head=\box59
\LT@firsthead=\box60
\LT@foot=\box61
\LT@lastfoot=\box62
\LT@gbox=\box63
\LT@cols=\count321
\LT@rows=\count322
\c@LT@tables=\count323
\c@LT@chunks=\count324
\LT@p@ftn=\toks26
)
Class scrbook Info: longtable captions redefined on input line 116.
(/Users/corrado/Library/TinyTeX/texmf-dist/tex/latex/booktabs/booktabs.sty
Package: booktabs 2020/01/12 v1.61803398 Publication quality tables
\heavyrulewidth=\dimen176
\lightrulewidth=\dimen177
\cmidrulewidth=\dimen178
\belowrulesep=\dimen179
\belowbottomsep=\dimen180
\aboverulesep=\dimen181
\abovetopsep=\dimen182
\cmidrulesep=\dimen183
\cmidrulekern=\dimen184
\defaultaddspace=\dimen185
\@cmidla=\count325
\@cmidlb=\count326
\@aboverulesep=\dimen186
\@belowrulesep=\dimen187
\@thisruleclass=\count327
\@lastruleclass=\count328
\@thisrulewidth=\dimen188
) (/Users/corrado/Library/TinyTeX/texmf-dist/tex/latex/tools/array.sty
Package: array 2026/02/24 v2.7b Tabular extension package (FMi)
\col@sep=\dimen189
\ar@mcellbox=\box64
\extrarowheight=\dimen190
\NC@list=\toks27
\extratabsurround=\skip75
\backup@length=\skip76
\ar@cellbox=\box65
)
\c@none=\count329
(/Users/corrado/Library/TinyTeX/texmf-dist/tex/latex/tools/calc.sty
Package: calc 2025/03/01 v4.3b Infix arithmetic (KKT,FJ)
\calc@Acount=\count330
\calc@Bcount=\count331
\calc@Adimen=\dimen191
\calc@Bdimen=\dimen192
\calc@Askip=\skip77
\calc@Bskip=\skip78
LaTeX Info: Redefining \setlength on input line 86.
LaTeX Info: Redefining \addtolength on input line 87.
\calc@Ccount=\count332
\calc@Cskip=\skip79
) (/Users/corrado/Library/TinyTeX/texmf-dist/tex/latex/mdwtools/footnote.sty
Package: footnote 1997/01/28 1.13 Save footnotes around boxes
\fn@notes=\box66
\fn@width=\dimen193
) (/Users/corrado/Library/TinyTeX/texmf-dist/tex/latex/graphics/graphicx.sty
Package: graphicx 2026-05-17 v1.2e Enhanced LaTeX Graphics (DPC,SPQR)
(/Users/corrado/Library/TinyTeX/texmf-dist/tex/latex/graphics/graphics.sty
Package: graphics 2026-05-17 v1.4h Standard LaTeX Graphics (DPC,SPQR)
(/Users/corrado/Library/TinyTeX/texmf-dist/tex/latex/graphics/trig.sty
Package: trig 2023/12/02 v1.11 sin cos tan (DPC)
) (/Users/corrado/Library/TinyTeX/texmf-dist/tex/latex/graphics-cfg/graphics.cfg
File: graphics.cfg 2016/06/04 v1.11 sample graphics configuration
)
Package graphics Info: Driver file: luatex.def on input line 106.
)
\Gin@req@height=\dimen194
\Gin@req@width=\dimen195
)
\pandoc@box=\box67
\cslhangindent=\skip80
\csllabelwidth=\skip81
(/Users/corrado/Library/TinyTeX/texmf-dist/tex/generic/babel/babel.sty
Package: babel 2026/06/14 v26.9 The multilingual framework for LuaLaTeX, pdfLaTeX and XeLaTeX
(/Users/corrado/Library/TinyTeX/texmf-dist/tex/generic/babel/luababel.def
\bbl@readstream=\read3
\l@dumylang=\language2
Package babel Info: Non-standard hyphenation setup on input line 118.
\l@nohyphenation=\language3
\l@ukenglish=\language4
\l@usenglishmax=\language5
\l@french=\language6
\l@italian=\language7
\babelcatcodetablenum=\catcodetable15
\bbl@pattcodes=\catcodetable16
)
\babel@savecnt=\count333
LaTeX Encoding Info:    Redeclaring text command \ij (encoding OT1) on input line 2084.
LaTeX Encoding Info:    Redeclaring text command \IJ (encoding OT1) on input line 2086.
LaTeX Encoding Info:    Redeclaring text command \ij (encoding T1) on input line 2088.
LaTeX Encoding Info:    Redeclaring text command \IJ (encoding T1) on input line 2089.
LaTeX Encoding Info:    Ignoring declaration for text command \ij (encoding ?) on input line 2090.
LaTeX Encoding Info:    Ignoring declaration for text command \IJ (encoding ?) on input line 2092.
LaTeX Encoding Info:    Ignoring declaration for text command \SS (encoding ?) on input line 2117.
\U@D=\dimen196
\l@unhyphenated=\language8
(/Users/corrado/Library/TinyTeX/texmf-dist/tex/generic/babel/luababel.def
\bbl@attr@locale=\attribute4
(/Users/corrado/Library/TinyTeX/texmf-dist/tex/luatex/luatexbase/luatexbase.sty
Package: luatexbase 2015/10/04 v1.3 luatexbase interface to LuaTeX 
(/Users/corrado/Library/TinyTeX/texmf-dist/tex/luatex/ctablestack/ctablestack.sty
Package: ctablestack 2015/10/01 v1.0 Catcode table stable support
\@catcodetablestackcnt=\count334
)
\CatcodeTableOther=\catcodetable17
\CatcodeTableExpl=\catcodetable18
)
Removing  `luaotfload.node_processor' from `pre_linebreak_filter'.
Inserting `Babel.pre_otfload_v' in `pre_linebreak_filter'.
Inserting `luaotfload.node_processor' in `pre_linebreak_filter'.
Removing  `luaotfload.node_processor' from `hpack_filter'.
Removing  `luaotfload.harf.finalize_hlist' from `hpack_filter'.
Inserting `Babel.pre_otfload_h' in `hpack_filter'.
Inserting `luaotfload.node_processor' in `hpack_filter'.
Inserting `luaotfload.harf.finalize_hlist' in `hpack_filter'.
\bbl@attr@dir=\attribute5
) (/Users/corrado/Library/TinyTeX/texmf-dist/tex/generic/babel/locale/it/babel-italian.tex)
Package babel Info: Importing font and identification data for 'italian'
(babel)             from babel-it.ini. Reported on input line 4380.
(/Users/corrado/Library/TinyTeX/texmf-dist/tex/generic/babel-italian/italian.ldf
Language: italian 2026/01/13 v.1.5.02 Italian support for the babel system
\it@lettering=\count335
\it@doublequoteactive=\count336
\it@ISOcompliance=\count337
(/Users/corrado/Library/TinyTeX/texmf-dist/tex/generic/hyph-utf8/loadhyph/loadhyph-it.tex UTF-8 Italian hyphenation patterns (/Users/corrado/Library/TinyTeX/texmf-dist/tex/generic/hyph-utf8/patterns/tex/hyph-it.tex) (/Users/corrado/Library/TinyTeX/texmf-dist/tex/generic/hyph-utf8/patterns/quote/hyph-quote-it.tex))))

Package fontspec Info: 
(fontspec)             Language 'Italian' not explicitly supported within font
(fontspec)             'Libertinus Serif' with script 'Latin'. Check the
(fontspec)             typeset output, and if it is okay then ignore this
(fontspec)             warning. Otherwise a different font should be chosen.


Package fontspec Info: 
(fontspec)             Libertinus Serif scale = 1.


Package fontspec Info: 
(fontspec)             Libertinus Serif scale = 1.


Package fontspec Info: 
(fontspec)             Libertinus Serif scale = 1.


Package fontspec Info: 
(fontspec)             Libertinus Serif scale = 1.


Package fontspec Info: 
(fontspec)             Libertinus Serif scale = 1.


Package fontspec Info: 
(fontspec)             Libertinus Serif scale = 1.


Package fontspec Info: 
(fontspec)             Libertinus Serif/B scale = 0.990760467286712.


Package fontspec Info: 
(fontspec)             Libertinus Serif/B scale = 1.


Package fontspec Info: 
(fontspec)             Libertinus Serif/B scale = 0.990760467286712.


Package fontspec Info: 
(fontspec)             Libertinus Serif/B scale = 1.


Package fontspec Info: 
(fontspec)             Libertinus Serif/I scale = 1.


Package fontspec Info: 
(fontspec)             Libertinus Serif/I scale = 1.


Package fontspec Info: 
(fontspec)             Libertinus Serif/I scale = 1.


Package fontspec Info: 
(fontspec)             Libertinus Serif/I scale = 1.


Package fontspec Info: 
(fontspec)             Libertinus Serif/BI scale = 1.


Package fontspec Info: 
(fontspec)             Libertinus Serif/BI scale = 1.


Package fontspec Info: 
(fontspec)             Libertinus Serif/BI scale = 1.


Package fontspec Info: 
(fontspec)             Libertinus Serif/BI scale = 1.


Package fontspec Info: 
(fontspec)             Font family 'LibertinusSerif(2)' created for font
(fontspec)             'Libertinus Serif' with options
(fontspec)             [Scale=MatchLowercase,Ligatures=TeX,Scale=1,Script=Latin,Language=Italian,RawFeature={family=rm}].
(fontspec)              
(fontspec)              This font family consists of the following NFSS
(fontspec)             series/shapes:
(fontspec)              
(fontspec)             - 'normal' (m/n) with NFSS spec.:
(fontspec)             <->s*[1]"name:Libertinus
(fontspec)             Serif:mode=node;script=latn;language=ITA;+tlig;family=rm;"
(fontspec)             - 'small caps'  (m/sc) with NFSS spec.:
(fontspec)             <->s*[1]"name:Libertinus
(fontspec)             Serif:mode=node;script=latn;language=ITA;+tlig;family=rm;+smcp;"
(fontspec)             - 'bold' (b/n) with NFSS spec.:
(fontspec)             <->s*[1]"name:Libertinus
(fontspec)             Serif/B:mode=node;script=latn;language=ITA;+tlig;family=rm;"
(fontspec)             - 'bold small caps'  (b/sc) with NFSS spec.:
(fontspec)             <->s*[1]"name:Libertinus
(fontspec)             Serif/B:mode=node;script=latn;language=ITA;+tlig;family=rm;+smcp;"
(fontspec)             - 'italic' (m/it) with NFSS spec.:
(fontspec)             <->s*[1]"name:Libertinus
(fontspec)             Serif/I:mode=node;script=latn;language=ITA;+tlig;family=rm;"
(fontspec)             - 'italic small caps'  (m/scit) with NFSS spec.:
(fontspec)             <->s*[1]"name:Libertinus
(fontspec)             Serif/I:mode=node;script=latn;language=ITA;+tlig;family=rm;+smcp;"
(fontspec)             - 'bold italic' (b/it) with NFSS spec.:
(fontspec)             <->s*[1]"name:Libertinus
(fontspec)             Serif/BI:mode=node;script=latn;language=ITA;+tlig;family=rm;"
(fontspec)             - 'bold italic small caps'  (b/scit) with NFSS spec.:
(fontspec)             <->s*[1]"name:Libertinus
(fontspec)             Serif/BI:mode=node;script=latn;language=ITA;+tlig;family=rm;+smcp;"

LaTeX Font Info:    Font shape `TU/LibertinusSerif(2)/m/n' will be
(Font)              scaled to size 10.95pt on input line 185.
(/Users/corrado/Library/TinyTeX/texmf-dist/tex/lualatex/selnolig/selnolig.sty
=== Package selnolig, Version 0.302, Date 2015/10/26 ===
Package: selnolig 2015/10/26
(/Users/corrado/Library/TinyTeX/texmf-dist/tex/generic/iftex/ifluatex.sty
Package: ifluatex 2019/10/25 v1.5 ifluatex legacy package. Use iftex instead.
)
Inserting `Suppress ligatures selectively' in `ligaturing'.) (/Users/corrado/Library/TinyTeX/texmf-dist/tex/latex/multirow/multirow.sty
Package: multirow 2024/11/12 v2.9 Span multiple rows of a table
\multirow@colwidth=\skip82
\multirow@cntb=\count338
\multirow@dima=\skip83
\bigstrutjot=\dimen197
) (/Users/corrado/Library/TinyTeX/texmf-dist/tex/latex/wrapfig/wrapfig.sty
\wrapoverhang=\dimen198
\WF@size=\dimen199
\c@WF@wrappedlines=\count339
\WF@box=\box68
\WF@everypar=\toks28
Package: wrapfig 2003/01/31  v 3.6
) (/Users/corrado/Library/TinyTeX/texmf-dist/tex/latex/float/float.sty
Package: float 2001/11/08 v1.3d Float enhancements (AL)
\c@float@type=\count340
\float@exts=\toks29
\float@box=\box69
\@float@everytoks=\toks30
\@floatcapt=\box70
) (/Users/corrado/Library/TinyTeX/texmf-dist/tex/latex/colortbl/colortbl.sty
Package: colortbl 2026/05/01 v1.0l Color table columns (DPC)
new hooks used!!
\minrowclearance=\skip84
\rownum=\count341
) (/Users/corrado/Library/TinyTeX/texmf-dist/tex/latex/pdflscape/pdflscape.sty
Package: pdflscape 2025-06-23 v0.14 Display of landscape pages in PDF
(/Users/corrado/Library/TinyTeX/texmf-dist/tex/latex/pdflscape/pdflscape-nometadata.sty
Package: pdflscape-nometadata 2025-06-23 v0.14 Display of landscape pages in PDF (HO)
(/Users/corrado/Library/TinyTeX/texmf-dist/tex/latex/graphics/lscape.sty
Package: lscape 2020/05/28 v3.02 Landscape Pages (DPC)
)
Package pdflscape Info: Auto-detected driver: pdftex on input line 81.
)) (/Users/corrado/Library/TinyTeX/texmf-dist/tex/latex/tools/tabularx.sty
Package: tabularx 2023/12/11 v2.12a `tabularx' package (DPC)
\TX@col@width=\dimen256
\TX@old@table=\dimen257
\TX@old@col=\dimen258
\TX@target=\dimen259
\TX@delta=\dimen260
\TX@cols=\count342
\TX@ftn=\toks31
) (/Users/corrado/Library/TinyTeX/texmf-dist/tex/latex/xltabular/xltabular.sty
Package: xltabular 2025/02/28 v0.2i `xltabular' package (hv,RN)
(/Users/corrado/Library/TinyTeX/texmf-dist/tex/latex/ltablex/ltablex.sty
Package: ltablex 2014/08/13 v1.1 Modified tabularx
)) (/Users/corrado/Library/TinyTeX/texmf-dist/tex/latex/threeparttable/threeparttable.sty
Package: threeparttable 2003/06/13  v 3.0
\@tempboxb=\box71
) (/Users/corrado/Library/TinyTeX/texmf-dist/tex/latex/threeparttablex/threeparttablex.sty
Package: threeparttablex 2013/07/23 v0.3 by daleif
(/Users/corrado/Library/TinyTeX/texmf-dist/tex/latex/environ/environ.sty
Package: environ 2014/05/04 v0.3 A new way to define environments
(/Users/corrado/Library/TinyTeX/texmf-dist/tex/latex/trimspaces/trimspaces.sty
Package: trimspaces 2009/09/17 v1.1 Trim spaces around a token list
))
\TPTL@width=\skip85
) (/Users/corrado/Library/TinyTeX/texmf-dist/tex/generic/ulem/ulem.sty
\UL@box=\box72
\UL@hyphenbox=\box73
\UL@skip=\skip86
\UL@hook=\toks32
\UL@height=\dimen261
\UL@pe=\count343
\UL@pixel=\dimen262
\ULC@box=\box74
Package: ulem 2019/11/18
\ULdepth=\dimen263
) (/Users/corrado/Library/TinyTeX/texmf-dist/tex/latex/makecell/makecell.sty
Package: makecell 2009/08/03 V0.1e Managing of Tab Column Heads and Cells
\rotheadsize=\dimen264
\c@nlinenum=\count344
\TeXr@lab=\toks33
) (/Users/corrado/Library/TinyTeX/texmf-dist/tex/latex/koma-script/scrlayer-scrpage.sty
Package: scrlayer-scrpage 2026/02/02 v3.49.2 KOMA-Script package (end user interface for scrlayer)
(/Users/corrado/Library/TinyTeX/texmf-dist/tex/latex/koma-script/scrlayer.sty
Package: scrlayer 2026/02/02 v3.49.2 KOMA-Script package (defining layers and page styles)
Package scrlayer Info: patching LaTeX kernel macro \pagestyle on input line 2179.
)
Package scrlayer-scrpage Info: Makeing stand-alone element `pagehead' from
(scrlayer-scrpage)             alias to `pageheadfoot' on input line 1106.
) (/Users/corrado/Library/TinyTeX/texmf-dist/tex/latex/tcolorbox/tcolorbox.sty
Package: tcolorbox 2026/05/28 version 6.10.0 text color boxes
(/Users/corrado/Library/TinyTeX/texmf-dist/tex/latex/pgf/frontendlayer/tikz.sty (/Users/corrado/Library/TinyTeX/texmf-dist/tex/latex/pgf/basiclayer/pgf.sty (/Users/corrado/Library/TinyTeX/texmf-dist/tex/latex/pgf/utilities/pgfrcs.sty (/Users/corrado/Library/TinyTeX/texmf-dist/tex/generic/pgf/utilities/pgfutil-common.tex
\pgfutil@everybye=\toks34
\pgfutil@tempdima=\dimen265
\pgfutil@tempdimb=\dimen266
) (/Users/corrado/Library/TinyTeX/texmf-dist/tex/generic/pgf/utilities/pgfutil-latex.def
\pgfutil@abb=\box75
) (/Users/corrado/Library/TinyTeX/texmf-dist/tex/generic/pgf/utilities/pgfrcs.code.tex (/Users/corrado/Library/TinyTeX/texmf-dist/tex/generic/pgf/pgf.revision.tex)
Package: pgfrcs 2025-08-29 v3.1.11a (3.1.11a)
))
Package: pgf 2025-08-29 v3.1.11a (3.1.11a)
(/Users/corrado/Library/TinyTeX/texmf-dist/tex/latex/pgf/basiclayer/pgfcore.sty (/Users/corrado/Library/TinyTeX/texmf-dist/tex/latex/pgf/systemlayer/pgfsys.sty (/Users/corrado/Library/TinyTeX/texmf-dist/tex/generic/pgf/systemlayer/pgfsys.code.tex
Package: pgfsys 2025-08-29 v3.1.11a (3.1.11a)
(/Users/corrado/Library/TinyTeX/texmf-dist/tex/generic/pgf/utilities/pgfkeys.code.tex
\pgfkeys@pathtoks=\toks35
\pgfkeys@temptoks=\toks36
(/Users/corrado/Library/TinyTeX/texmf-dist/tex/generic/pgf/utilities/pgfkeyslibraryfiltered.code.tex
\pgfkeys@tmptoks=\toks37
))
\pgf@x=\dimen267
\pgf@y=\dimen268
\pgf@xa=\dimen269
\pgf@ya=\dimen270
\pgf@xb=\dimen271
\pgf@yb=\dimen272
\pgf@xc=\dimen273
\pgf@yc=\dimen274
\pgf@xd=\dimen275
\pgf@yd=\dimen276
\w@pgf@writea=\write4
\r@pgf@reada=\read4
\c@pgf@counta=\count345
\c@pgf@countb=\count346
\c@pgf@countc=\count347
\c@pgf@countd=\count348
\t@pgf@toka=\toks38
\t@pgf@tokb=\toks39
\t@pgf@tokc=\toks40
\pgf@sys@id@count=\count349
(/Users/corrado/Library/TinyTeX/texmf-dist/tex/generic/pgf/systemlayer/pgf.cfg
File: pgf.cfg 2025-08-29 v3.1.11a (3.1.11a)
)
Driver file for pgf: pgfsys-luatex.def
(/Users/corrado/Library/TinyTeX/texmf-dist/tex/generic/pgf/systemlayer/pgfsys-luatex.def
File: pgfsys-luatex.def 2025-08-29 v3.1.11a (3.1.11a)
(/Users/corrado/Library/TinyTeX/texmf-dist/tex/generic/pgf/systemlayer/pgfsys-common-pdf.def
File: pgfsys-common-pdf.def 2025-08-29 v3.1.11a (3.1.11a)
))) (/Users/corrado/Library/TinyTeX/texmf-dist/tex/generic/pgf/systemlayer/pgfsyssoftpath.code.tex
File: pgfsyssoftpath.code.tex 2025-08-29 v3.1.11a (3.1.11a)
\pgfsyssoftpath@smallbuffer@items=\count350
\pgfsyssoftpath@bigbuffer@items=\count351
) (/Users/corrado/Library/TinyTeX/texmf-dist/tex/generic/pgf/systemlayer/pgfsysprotocol.code.tex
File: pgfsysprotocol.code.tex 2025-08-29 v3.1.11a (3.1.11a)
)) (/Users/corrado/Library/TinyTeX/texmf-dist/tex/generic/pgf/basiclayer/pgfcore.code.tex
Package: pgfcore 2025-08-29 v3.1.11a (3.1.11a)
(/Users/corrado/Library/TinyTeX/texmf-dist/tex/generic/pgf/math/pgfmath.code.tex (/Users/corrado/Library/TinyTeX/texmf-dist/tex/generic/pgf/math/pgfmathutil.code.tex) (/Users/corrado/Library/TinyTeX/texmf-dist/tex/generic/pgf/math/pgfmathparser.code.tex
\pgfmath@dimen=\dimen277
\pgfmath@count=\count352
\pgfmath@box=\box76
\pgfmath@toks=\toks41
\pgfmath@stack@operand=\toks42
\pgfmath@stack@operation=\toks43
) (/Users/corrado/Library/TinyTeX/texmf-dist/tex/generic/pgf/math/pgfmathfunctions.code.tex) (/Users/corrado/Library/TinyTeX/texmf-dist/tex/generic/pgf/math/pgfmathfunctions.basic.code.tex) (/Users/corrado/Library/TinyTeX/texmf-dist/tex/generic/pgf/math/pgfmathfunctions.trigonometric.code.tex) (/Users/corrado/Library/TinyTeX/texmf-dist/tex/generic/pgf/math/pgfmathfunctions.random.code.tex) (/Users/corrado/Library/TinyTeX/texmf-dist/tex/generic/pgf/math/pgfmathfunctions.comparison.code.tex) (/Users/corrado/Library/TinyTeX/texmf-dist/tex/generic/pgf/math/pgfmathfunctions.base.code.tex) (/Users/corrado/Library/TinyTeX/texmf-dist/tex/generic/pgf/math/pgfmathfunctions.round.code.tex) (/Users/corrado/Library/TinyTeX/texmf-dist/tex/generic/pgf/math/pgfmathfunctions.misc.code.tex) (/Users/corrado/Library/TinyTeX/texmf-dist/tex/generic/pgf/math/pgfmathfunctions.integerarithmetics.code.tex) (/Users/corrado/Library/TinyTeX/texmf-dist/tex/generic/pgf/math/pgfmathcalc.code.tex) (/Users/corrado/Library/TinyTeX/texmf-dist/tex/generic/pgf/math/pgfmathfloat.code.tex
\c@pgfmathroundto@lastzeros=\count353
)) (/Users/corrado/Library/TinyTeX/texmf-dist/tex/generic/pgf/math/pgfint.code.tex) (/Users/corrado/Library/TinyTeX/texmf-dist/tex/generic/pgf/basiclayer/pgfcorepoints.code.tex
File: pgfcorepoints.code.tex 2025-08-29 v3.1.11a (3.1.11a)
\pgf@picminx=\dimen278
\pgf@picmaxx=\dimen279
\pgf@picminy=\dimen280
\pgf@picmaxy=\dimen281
\pgf@pathminx=\dimen282
\pgf@pathmaxx=\dimen283
\pgf@pathminy=\dimen284
\pgf@pathmaxy=\dimen285
\pgf@xx=\dimen286
\pgf@xy=\dimen287
\pgf@yx=\dimen288
\pgf@yy=\dimen289
\pgf@zx=\dimen290
\pgf@zy=\dimen291
) (/Users/corrado/Library/TinyTeX/texmf-dist/tex/generic/pgf/basiclayer/pgfcorepathconstruct.code.tex
File: pgfcorepathconstruct.code.tex 2025-08-29 v3.1.11a (3.1.11a)
\pgf@path@lastx=\dimen292
\pgf@path@lasty=\dimen293
) (/Users/corrado/Library/TinyTeX/texmf-dist/tex/generic/pgf/basiclayer/pgfcorepathusage.code.tex
File: pgfcorepathusage.code.tex 2025-08-29 v3.1.11a (3.1.11a)
\pgf@shorten@end@additional=\dimen294
\pgf@shorten@start@additional=\dimen295
) (/Users/corrado/Library/TinyTeX/texmf-dist/tex/generic/pgf/basiclayer/pgfcorescopes.code.tex
File: pgfcorescopes.code.tex 2025-08-29 v3.1.11a (3.1.11a)
\pgfpic=\box77
\pgf@hbox=\box78
\pgf@layerbox@main=\box79
\pgf@picture@serial@count=\count354
) (/Users/corrado/Library/TinyTeX/texmf-dist/tex/generic/pgf/basiclayer/pgfcoregraphicstate.code.tex
File: pgfcoregraphicstate.code.tex 2025-08-29 v3.1.11a (3.1.11a)
\pgflinewidth=\dimen296
) (/Users/corrado/Library/TinyTeX/texmf-dist/tex/generic/pgf/basiclayer/pgfcoretransformations.code.tex
File: pgfcoretransformations.code.tex 2025-08-29 v3.1.11a (3.1.11a)
\pgf@pt@x=\dimen297
\pgf@pt@y=\dimen298
\pgf@pt@temp=\dimen299
) (/Users/corrado/Library/TinyTeX/texmf-dist/tex/generic/pgf/basiclayer/pgfcorequick.code.tex
File: pgfcorequick.code.tex 2025-08-29 v3.1.11a (3.1.11a)
) (/Users/corrado/Library/TinyTeX/texmf-dist/tex/generic/pgf/basiclayer/pgfcoreobjects.code.tex
File: pgfcoreobjects.code.tex 2025-08-29 v3.1.11a (3.1.11a)
) (/Users/corrado/Library/TinyTeX/texmf-dist/tex/generic/pgf/basiclayer/pgfcorepathprocessing.code.tex
File: pgfcorepathprocessing.code.tex 2025-08-29 v3.1.11a (3.1.11a)
) (/Users/corrado/Library/TinyTeX/texmf-dist/tex/generic/pgf/basiclayer/pgfcorearrows.code.tex
File: pgfcorearrows.code.tex 2025-08-29 v3.1.11a (3.1.11a)
\pgfarrowsep=\dimen300
) (/Users/corrado/Library/TinyTeX/texmf-dist/tex/generic/pgf/basiclayer/pgfcoreshade.code.tex
File: pgfcoreshade.code.tex 2025-08-29 v3.1.11a (3.1.11a)
\pgf@max=\dimen301
\pgf@sys@shading@range@num=\count355
\pgf@shadingcount=\count356
) (/Users/corrado/Library/TinyTeX/texmf-dist/tex/generic/pgf/basiclayer/pgfcoreimage.code.tex
File: pgfcoreimage.code.tex 2025-08-29 v3.1.11a (3.1.11a)
) (/Users/corrado/Library/TinyTeX/texmf-dist/tex/generic/pgf/basiclayer/pgfcoreexternal.code.tex
File: pgfcoreexternal.code.tex 2025-08-29 v3.1.11a (3.1.11a)
\pgfexternal@startupbox=\box80
) (/Users/corrado/Library/TinyTeX/texmf-dist/tex/generic/pgf/basiclayer/pgfcorelayers.code.tex
File: pgfcorelayers.code.tex 2025-08-29 v3.1.11a (3.1.11a)
) (/Users/corrado/Library/TinyTeX/texmf-dist/tex/generic/pgf/basiclayer/pgfcoretransparency.code.tex
File: pgfcoretransparency.code.tex 2025-08-29 v3.1.11a (3.1.11a)
) (/Users/corrado/Library/TinyTeX/texmf-dist/tex/generic/pgf/basiclayer/pgfcorepatterns.code.tex
File: pgfcorepatterns.code.tex 2025-08-29 v3.1.11a (3.1.11a)
) (/Users/corrado/Library/TinyTeX/texmf-dist/tex/generic/pgf/basiclayer/pgfcorerdf.code.tex
File: pgfcorerdf.code.tex 2025-08-29 v3.1.11a (3.1.11a)
))) (/Users/corrado/Library/TinyTeX/texmf-dist/tex/generic/pgf/modules/pgfmoduleshapes.code.tex
File: pgfmoduleshapes.code.tex 2025-08-29 v3.1.11a (3.1.11a)
\pgfnodeparttextbox=\box81
) (/Users/corrado/Library/TinyTeX/texmf-dist/tex/generic/pgf/modules/pgfmoduleplot.code.tex
File: pgfmoduleplot.code.tex 2025-08-29 v3.1.11a (3.1.11a)
) (/Users/corrado/Library/TinyTeX/texmf-dist/tex/latex/pgf/compatibility/pgfcomp-version-0-65.sty
Package: pgfcomp-version-0-65 2025-08-29 v3.1.11a (3.1.11a)
\pgf@nodesepstart=\dimen302
\pgf@nodesepend=\dimen303
) (/Users/corrado/Library/TinyTeX/texmf-dist/tex/latex/pgf/compatibility/pgfcomp-version-1-18.sty
Package: pgfcomp-version-1-18 2025-08-29 v3.1.11a (3.1.11a)
)) (/Users/corrado/Library/TinyTeX/texmf-dist/tex/latex/pgf/utilities/pgffor.sty (/Users/corrado/Library/TinyTeX/texmf-dist/tex/latex/pgf/utilities/pgfkeys.sty (/Users/corrado/Library/TinyTeX/texmf-dist/tex/generic/pgf/utilities/pgfkeys.code.tex)) (/Users/corrado/Library/TinyTeX/texmf-dist/tex/latex/pgf/math/pgfmath.sty (/Users/corrado/Library/TinyTeX/texmf-dist/tex/generic/pgf/math/pgfmath.code.tex)) (/Users/corrado/Library/TinyTeX/texmf-dist/tex/generic/pgf/utilities/pgffor.code.tex
Package: pgffor 2025-08-29 v3.1.11a (3.1.11a)
\pgffor@iter=\dimen304
\pgffor@skip=\dimen305
\pgffor@stack=\toks44
\pgffor@toks=\toks45
)) (/Users/corrado/Library/TinyTeX/texmf-dist/tex/generic/pgf/frontendlayer/tikz/tikz.code.tex
Package: tikz 2025-08-29 v3.1.11a (3.1.11a)
(/Users/corrado/Library/TinyTeX/texmf-dist/tex/generic/pgf/libraries/pgflibraryplothandlers.code.tex
File: pgflibraryplothandlers.code.tex 2025-08-29 v3.1.11a (3.1.11a)
\pgf@plot@mark@count=\count357
\pgfplotmarksize=\dimen306
)
\tikz@lastx=\dimen307
\tikz@lasty=\dimen308
\tikz@lastxsaved=\dimen309
\tikz@lastysaved=\dimen310
\tikz@lastmovetox=\dimen311
\tikz@lastmovetoy=\dimen312
\tikzleveldistance=\dimen313
\tikzsiblingdistance=\dimen314
\tikz@figbox=\box82
\tikz@figbox@bg=\box83
\tikz@tempbox=\box84
\tikz@tempbox@bg=\box85
\tikztreelevel=\count358
\tikznumberofchildren=\count359
\tikznumberofcurrentchild=\count360
\tikz@fig@count=\count361
(/Users/corrado/Library/TinyTeX/texmf-dist/tex/generic/pgf/modules/pgfmodulematrix.code.tex
File: pgfmodulematrix.code.tex 2025-08-29 v3.1.11a (3.1.11a)
\pgfmatrixcurrentrow=\count362
\pgfmatrixcurrentcolumn=\count363
\pgf@matrix@numberofcolumns=\count364
)
\tikz@expandcount=\count365
(/Users/corrado/Library/TinyTeX/texmf-dist/tex/generic/pgf/frontendlayer/tikz/libraries/tikzlibrarytopaths.code.tex
File: tikzlibrarytopaths.code.tex 2025-08-29 v3.1.11a (3.1.11a)
))) (/Users/corrado/Library/TinyTeX/texmf-dist/tex/latex/tools/verbatim.sty
Package: verbatim 2024-01-22 v1.5x LaTeX2e package for verbatim enhancements
\every@verbatim=\toks46
\verbatim@line=\toks47
\verbatim@in@stream=\read5
)
\tcb@titlebox=\box86
\tcb@upperbox=\box87
\tcb@lowerbox=\box88
\tcb@phantombox=\box89
\c@tcbbreakpart=\count366
\c@tcblayer=\count367
\c@tcolorbox@number=\count368
\l__tcobox_tmpa_box=\box90
\l__tcobox_tmpa_dim=\dimen315
\tcb@temp=\box91
\tcb@temp=\box92
\tcb@temp=\box93
\tcb@temp=\box94
(/Users/corrado/Library/TinyTeX/texmf-dist/tex/latex/tcolorbox/tcbskins.code.tex
Library (tcolorbox): 'tcbskins.code.tex' version '6.10.0'
(/Users/corrado/Library/TinyTeX/texmf-dist/tex/latex/tikzfill/tikzfill.image.sty
Package: tikzfill.image 2026/04/23 v1.2.0 Image filling library for TikZ
(/Users/corrado/Library/TinyTeX/texmf-dist/tex/latex/tikzfill/tikzlibraryfill.image.code.tex
File: tikzlibraryfill.image.code.tex 2026/04/23 v1.2.0 Image filling library
\l__tikzfill_tmpa_dim=\dimen316
\l__tikzfill_tmpb_dim=\dimen317
\l__tikzfill_img_box=\box95
)) (/Users/corrado/Library/TinyTeX/texmf-dist/tex/latex/tcolorbox/tcbskinsjigsaw.code.tex
Library (tcolorbox): 'tcbskinsjigsaw.code.tex' version '6.10.0'
)) (/Users/corrado/Library/TinyTeX/texmf-dist/tex/latex/tcolorbox/tcbbreakable.code.tex
Library (tcolorbox): 'tcbbreakable.code.tex' version '6.10.0'
(/Users/corrado/Library/TinyTeX/texmf-dist/tex/latex/pdfcol/pdfcol.sty
Package: pdfcol 2026-06-20 v1.8 Handle new color stacks for pdfTeX (HO)
(/Users/corrado/Library/TinyTeX/texmf-dist/tex/generic/ltxcmds/ltxcmds.sty
Package: ltxcmds 2023-12-04 v1.26 LaTeX kernel commands for general use (HO)
) (/Users/corrado/Library/TinyTeX/texmf-dist/tex/generic/infwarerr/infwarerr.sty
Package: infwarerr 2019/12/03 v1.5 Providing info/warning/error messages (HO)
))
Package pdfcol Info: New color stack `tcb@breakable' = 1 on input line 23.
\tcb@testbox=\box96
\tcb@totalupperbox=\box97
\tcb@totallowerbox=\box98
)) (/Users/corrado/Library/TinyTeX/texmf-dist/tex/latex/fontawesome5/fontawesome5.sty
Package: fontawesome5 2022/05/02 v5.15.4 Font Awesome 5
(/Users/corrado/Library/TinyTeX/texmf-dist/tex/latex/fontawesome5/fontawesome5-utex-helper.sty
Package: fontawesome5-utex-helper 2022/05/02 v5.15.4 uTeX helper for fontawesome5
LaTeX Font Info:    Trying to load font information for TU+fontawesomefree on input line 69.
(/Users/corrado/Library/TinyTeX/texmf-dist/tex/latex/fontawesome5/tufontawesomefree.fd)
LaTeX Font Info:    Trying to load font information for TU+fontawesomebrands on input line 70.
(/Users/corrado/Library/TinyTeX/texmf-dist/tex/latex/fontawesome5/tufontawesomebrands.fd))) (/Users/corrado/Library/TinyTeX/texmf-dist/tex/latex/bookmark/bookmark.sty
Package: bookmark 2026-05-21 v1.32 PDF bookmarks (HO)
(/Users/corrado/Library/TinyTeX/texmf-dist/tex/latex/hyperref/hyperref.sty
Package: hyperref 2026-06-17 v7.01r Hypertext links for LaTeX
(/Users/corrado/Library/TinyTeX/texmf-dist/tex/latex/kvsetkeys/kvsetkeys.sty
Package: kvsetkeys 2022-10-05 v1.19 Key value parser (HO)
) (/Users/corrado/Library/TinyTeX/texmf-dist/tex/generic/kvdefinekeys/kvdefinekeys.sty
Package: kvdefinekeys 2019-12-19 v1.6 Define keys (HO)
) (/Users/corrado/Library/TinyTeX/texmf-dist/tex/generic/pdfescape/pdfescape.sty
Package: pdfescape 2019/12/09 v1.15 Implements pdfTeX's escape features (HO)
(/Users/corrado/Library/TinyTeX/texmf-dist/tex/generic/pdftexcmds/pdftexcmds.sty
Package: pdftexcmds 2020-06-27 v0.33 Utility functions of pdfTeX for LuaTeX (HO)
Package pdftexcmds Info: \pdf@primitive is available.
Package pdftexcmds Info: \pdf@ifprimitive is available.
Package pdftexcmds Info: \pdfdraftmode found.
\pdftexcmds@toks=\toks48
)) (/Users/corrado/Library/TinyTeX/texmf-dist/tex/latex/hycolor/hycolor.sty
Package: hycolor 2020-01-27 v1.10 Color options for hyperref/bookmark (HO)
) (/Users/corrado/Library/TinyTeX/texmf-dist/tex/latex/hyperref/nameref.sty
Package: nameref 2026-01-29 v2.58 Cross-referencing by name of section
(/Users/corrado/Library/TinyTeX/texmf-dist/tex/latex/refcount/refcount.sty
Package: refcount 2019/12/15 v3.6 Data extraction from label references (HO)
) (/Users/corrado/Library/TinyTeX/texmf-dist/tex/generic/gettitlestring/gettitlestring.sty
Package: gettitlestring 2019/12/15 v1.6 Cleanup title references (HO)
(/Users/corrado/Library/TinyTeX/texmf-dist/tex/latex/kvoptions/kvoptions.sty
Package: kvoptions 2022-06-15 v3.15 Key value format for package options (HO)
))
\c@section@level=\count369
) (/Users/corrado/Library/TinyTeX/texmf-dist/tex/generic/stringenc/stringenc.sty
Package: stringenc 2019/11/29 v1.12 Convert strings between diff. encodings (HO)
)
\@linkdim=\dimen318
\Hy@linkcounter=\count370
\Hy@pagecounter=\count371
(/Users/corrado/Library/TinyTeX/texmf-dist/tex/latex/hyperref/pd1enc.def
File: pd1enc.def 2026-06-17 v7.01r Hyperref: PDFDocEncoding definition (HO)
) (/Users/corrado/Library/TinyTeX/texmf-dist/tex/generic/intcalc/intcalc.sty
Package: intcalc 2019/12/15 v1.3 Expandable calculations with integers (HO)
)
\Hy@SavedSpaceFactor=\count372
(/Users/corrado/Library/TinyTeX/texmf-dist/tex/latex/hyperref/puenc.def
File: puenc.def 2026-06-17 v7.01r Hyperref: PDF Unicode definition (HO)
)
Package hyperref Info: Option `unicode' set `true' on input line 4070.
Package hyperref Info: Hyper figures OFF on input line 4199.
Package hyperref Info: Link nesting OFF on input line 4204.
Package hyperref Info: Hyper index ON on input line 4207.
Package hyperref Info: Plain pages OFF on input line 4214.
Package hyperref Info: Backreferencing OFF on input line 4219.
Package hyperref Info: Implicit mode ON; LaTeX internals redefined.
Package hyperref Info: Bookmarks ON on input line 4466.
\c@Hy@tempcnt=\count373
(/Users/corrado/Library/TinyTeX/texmf-dist/tex/latex/url/url.sty
\Urlmuskip=\muskip19
Package: url 2013/09/16  ver 3.4  Verb mode for urls, etc.
)
LaTeX Info: Redefining \url on input line 4805.
\XeTeXLinkMargin=\dimen319
(/Users/corrado/Library/TinyTeX/texmf-dist/tex/generic/bitset/bitset.sty
Package: bitset 2019/12/09 v1.3 Handle bit-vector datatype (HO)
(/Users/corrado/Library/TinyTeX/texmf-dist/tex/generic/bigintcalc/bigintcalc.sty
Package: bigintcalc 2019/12/15 v1.5 Expandable calculations on big integers (HO)
))
\Fld@menulength=\count374
\Field@Width=\dimen320
\Fld@charsize=\dimen321
Package hyperref Info: Hyper figures OFF on input line 6091.
Package hyperref Info: Link nesting OFF on input line 6096.
Package hyperref Info: Hyper index ON on input line 6099.
Package hyperref Info: backreferencing OFF on input line 6106.
Package hyperref Info: Link coloring OFF on input line 6111.
Package hyperref Info: Link coloring with OCG OFF on input line 6116.
Package hyperref Info: PDF/A mode OFF on input line 6121.
\Hy@abspage=\count375
\c@Item=\count376
\c@Hfootnote=\count377
)
Package hyperref Info: Driver (autodetected): hluatex.
(/Users/corrado/Library/TinyTeX/texmf-dist/tex/latex/hyperref/hluatex.def
File: hluatex.def 2026-06-17 v7.01r Hyperref driver for luaTeX
\Fld@listcount=\count378
\c@bookmark@seq@number=\count379
(/Users/corrado/Library/TinyTeX/texmf-dist/tex/latex/rerunfilecheck/rerunfilecheck.sty
Package: rerunfilecheck 2025-06-21 v1.11 Rerun checks for auxiliary files (HO)
(/Users/corrado/Library/TinyTeX/texmf-dist/tex/generic/uniquecounter/uniquecounter.sty
Package: uniquecounter 2019/12/15 v1.4 Provide unlimited unique counter (HO)
)
Package uniquecounter Info: New unique counter `rerunfilecheck' on input line 284.
)
\Hy@SectionHShift=\skip87
) (/Users/corrado/Library/TinyTeX/texmf-dist/tex/latex/bookmark/bkm-luatex.def
File: bkm-luatex.def 2026-05-21 v1.32 bookmark driver for luaTeX (HO)
\BKM@id=\count380
)) (/Users/corrado/Library/TinyTeX/texmf-dist/tex/latex/caption/caption.sty
Package: caption 2023/08/05 v3.6o Customizing captions (AR)

Package tocbasic Info: Loading of class-dependent code for package caption3
(tocbasic)             prevented on line 50.

(/Users/corrado/Library/TinyTeX/texmf-dist/tex/latex/caption/caption3.sty
Package: caption3 2023/07/31 v2.4d caption3 kernel (AR)
\caption@tempdima=\dimen322
\captionmargin=\dimen323
\caption@leftmargin=\dimen324
\caption@rightmargin=\dimen325
\caption@width=\dimen326
\caption@indent=\dimen327
\caption@parindent=\dimen328
\caption@hangindent=\dimen329
)
\c@caption@flags=\count381
\c@continuedfloat=\count382
Package caption Info: float package is loaded.
Package caption Info: hyperref package is loaded.
Package caption Info: longtable package is loaded.
(/Users/corrado/Library/TinyTeX/texmf-dist/tex/latex/caption/ltcaption.sty
Package: ltcaption 2021/01/08 v1.4c longtable captions (AR)
)
Package caption Info: threeparttable package is loaded.
Package caption Info: wrapfig package is loaded.
)
\@float@every@codelisting=\toks49
\c@codelisting=\count383
(/Users/corrado/Library/TinyTeX/texmf-dist/tex/latex/amscls/amsthm.sty
Package: amsthm 2020/05/29 v2.20.6
\thm@style=\toks50
\thm@bodyfont=\toks51
\thm@headfont=\toks52
\thm@notefont=\toks53
\thm@headpunct=\toks54
\thm@preskip=\skip88
\thm@postskip=\skip89
\thm@headsep=\skip90
\dth@everypar=\toks55
) (/Users/corrado/Library/TinyTeX/texmf-dist/tex/latex/xpatch/xpatch.sty
Package: xpatch 2020/03/25 v0.3a Extending etoolbox patching commands
)
Class scrbook Info: amsthm's \deferred@thm@head patched.
\c@definition=\count384
\c@example=\count385
\c@refremark=\count386
\c@refsolution=\count387
(/Users/corrado/Library/TinyTeX/texmf-dist/tex/latex/caption/subcaption.sty
Package: subcaption 2023/07/28 v1.6b Sub-captions (AR)
Package caption Info: New subtype `subfigure' on input line 238.
\c@subfigure=\count388
Package caption Info: New subtype `subtable' on input line 238.
\c@subtable=\count389
) (/Users/corrado/Library/TinyTeX/texmf-dist/tex/latex/xurl/xurl.sty
Package: xurl 2022/01/09 v 0.10 modify URL breaks
)
Package hyperref Info: Option `colorlinks' set `true' on input line 302.
No file index.aux.

\openout1 = index.aux
LaTeX Font Info:    Checking defaults for OML/cmm/m/it on input line 315.
LaTeX Font Info:    ... okay on input line 315.
LaTeX Font Info:    Checking defaults for OMS/cmsy/m/n on input line 315.
LaTeX Font Info:    ... okay on input line 315.
LaTeX Font Info:    Checking defaults for OT1/cmr/m/n on input line 315.
LaTeX Font Info:    ... okay on input line 315.
LaTeX Font Info:    Checking defaults for T1/cmr/m/n on input line 315.
LaTeX Font Info:    ... okay on input line 315.
LaTeX Font Info:    Checking defaults for TS1/cmr/m/n on input line 315.
LaTeX Font Info:    ... okay on input line 315.
LaTeX Font Info:    Checking defaults for TU/lmr/m/n on input line 315.
LaTeX Font Info:    ... okay on input line 315.
LaTeX Font Info:    Checking defaults for OMX/cmex/m/n on input line 315.
LaTeX Font Info:    ... okay on input line 315.
LaTeX Font Info:    Checking defaults for U/cmr/m/n on input line 315.
LaTeX Font Info:    ... okay on input line 315.
LaTeX Font Info:    Checking defaults for PD1/pdf/m/n on input line 315.
LaTeX Font Info:    ... okay on input line 315.
LaTeX Font Info:    Checking defaults for PU/pdf/m/n on input line 315.
LaTeX Font Info:    ... okay on input line 315.
(/Users/corrado/Library/TinyTeX/texmf-dist/tex/latex/epstopdf-pkg/epstopdf-base.sty
Package: epstopdf-base 2020-01-24 v2.11 Base part for package epstopdf
Package epstopdf-base Info: Redefining graphics rule for `.eps' on input line 485.
(/Users/corrado/Library/TinyTeX/texmf-dist/tex/latex/latexconfig/epstopdf-sys.cfg
File: epstopdf-sys.cfg 2010/07/13 v1.3 Configuration of (r)epstopdf for TeX Live
))
*geometry* driver: auto-detecting
*geometry* detected driver: luatex
*geometry* verbose mode - [ preamble ] result:
* driver: luatex
* paper: a4paper
* layout: <same size as paper>
* layoutoffset:(h,v)=(0.0pt,0.0pt)
* modes: twoside 
* h-part:(L,W,R)=(85.35826pt, 441.01773pt, 71.13188pt)
* v-part:(T,H,B)=(71.13188pt, 702.78308pt, 71.13188pt)
* \paperwidth=597.50787pt
* \paperheight=845.04684pt
* \textwidth=441.01773pt
* \textheight=702.78308pt
* \oddsidemargin=13.08827pt
* \evensidemargin=-1.1381pt
* \topmargin=-38.53812pt
* \headheight=17.0pt
* \headsep=20.40001pt
* \topskip=11.0pt
* \footskip=47.6pt
* \marginparwidth=89.62619pt
* \marginparsep=12.8401pt
* \columnsep=10.0pt
* \skip\footins=10.0pt plus 4.0pt minus 2.0pt
* \hoffset=0.0pt
* \voffset=0.0pt
* \mag=1000
* \@twocolumnfalse
* \@twosidetrue
* \@mparswitchtrue
* \@reversemarginfalse
* (1in=72.27pt=25.4mm, 1cm=28.453pt)

LaTeX Font Info:    Overwriting math alphabet `\mathtt' in version `normal'
(Font)                  OT1/lmtt/m/n --> TU/lmtt/m/n on input line 315.
LaTeX Font Info:    Overwriting math alphabet `\mathtt' in version `bold'
(Font)                  OT1/lmtt/m/n --> TU/lmtt/b/n on input line 315.

Package fontspec Info: 
(fontspec)             latinmodern-math scale = 0.9953571832716339.


Package fontspec Info: 
(fontspec)             latinmodern-math scale = 0.9953571832716339.


Package fontspec Info: 
(fontspec)             latinmodern-math scale = 0.9953571832716339.


Package fontspec Info: 
(fontspec)             Font family 'latinmodern-math.otf(0)' created for font
(fontspec)             'latinmodern-math.otf' with options
(fontspec)             [Scale=MatchLowercase,Renderer=Basic,BoldItalicFont={},ItalicFont={},SmallCapsFont={},Script=Math,RawFeature={mathfontdimen=xetex},BoldFont={latinmodern-math.otf}].
(fontspec)              
(fontspec)              This font family consists of the following NFSS
(fontspec)             series/shapes:
(fontspec)              
(fontspec)             - 'normal' (m/n) with NFSS spec.:
(fontspec)             <->s*[0.9953571832716339]"[latinmodern-math.otf]:mode=base;script=math;language=dflt;mathfontdimen=xetex;"
(fontspec)             - 'bold' (b/n) with NFSS spec.:
(fontspec)             <->s*[0.9953571832716339]"[latinmodern-math.otf]:mode=base;script=math;language=dflt;mathfontdimen=xetex;"

LaTeX Font Info:    Font shape `TU/latinmodern-math.otf(0)/m/n' will be
(Font)              scaled to size 10.8992pt on input line 315.

Package fontspec Info: 
(fontspec)             latinmodern-math scale = 0.9953571832716339.


Package fontspec Info: 
(fontspec)             latinmodern-math scale = 0.9953571832716339.


Package fontspec Info: 
(fontspec)             latinmodern-math scale = 0.9953571832716339.


Package fontspec Info: 
(fontspec)             latinmodern-math scale = 0.9953571832716339.


Package fontspec Info: 
(fontspec)             latinmodern-math scale = 0.9953571832716339.


Package fontspec Info: 
(fontspec)             Font family 'latinmodern-math.otf(1)' created for font
(fontspec)             'latinmodern-math.otf' with options
(fontspec)             [Scale=MatchLowercase,Renderer=Basic,BoldItalicFont={},ItalicFont={},SmallCapsFont={},Script=Math,SizeFeatures={{Size=9.3075-},{Size=6.57-9.3075,Font=latinmodern-math.otf,Style=MathScript},{Size=-6.57,Font=latinmodern-math.otf,Style=MathScriptScript}},RawFeature={mathfontdimen=xetex},BoldFont={latinmodern-math.otf}].
(fontspec)              
(fontspec)              This font family consists of the following NFSS
(fontspec)             series/shapes:
(fontspec)              
(fontspec)             - 'normal' (m/n) with NFSS spec.:
(fontspec)             <9.3075->s*[0.9953571832716339]"[latinmodern-math.otf]:mode=base;script=math;language=dflt;mathfontdimen=xetex;"<6.57-9.3075>s*[0.9953571832716339]"[latinmodern-math.otf]:mode=base;script=math;language=dflt;mathfontdimen=xetex;+ssty=0;"<-6.57>s*[0.9953571832716339]"[latinmodern-math.otf]:mode=base;script=math;language=dflt;mathfontdimen=xetex;+ssty=1;"
(fontspec)             - 'bold' (b/n) with NFSS spec.:
(fontspec)             <->s*[0.9953571832716339]"[latinmodern-math.otf]:mode=base;script=math;language=dflt;mathfontdimen=xetex;"

LaTeX Font Info:    Font shape `TU/latinmodern-math.otf(1)/m/n' will be
(Font)              scaled to size 10.8992pt on input line 315.
LaTeX Font Info:    Encoding `OT1' has changed to `TU' for symbol font
(Font)              `operators' in the math version `normal' on input line 315.
LaTeX Font Info:    Overwriting symbol font `operators' in version `normal'
(Font)                  OT1/lmr/m/n --> TU/latinmodern-math.otf(1)/m/n on input line 315.
LaTeX Font Info:    Encoding `OT1' has changed to `TU' for symbol font
(Font)              `operators' in the math version `bold' on input line 315.
LaTeX Font Info:    Overwriting symbol font `operators' in version `bold'
(Font)                  OT1/lmr/bx/n --> TU/latinmodern-math.otf(1)/b/n on input line 315.

Package fontspec Info: 
(fontspec)             latinmodern-math scale = 0.9953571832716339.


Package fontspec Info: 
(fontspec)             latinmodern-math scale = 0.9953571832716339.


Package fontspec Info: 
(fontspec)             latinmodern-math scale = 0.9953571832716339.


Package fontspec Info: 
(fontspec)             latinmodern-math scale = 0.9953571832716339.


Package fontspec Info: 
(fontspec)             latinmodern-math scale = 0.9953571832716339.


Package fontspec Info: 
(fontspec)             Font family 'latinmodern-math.otf(2)' created for font
(fontspec)             'latinmodern-math.otf' with options
(fontspec)             [Scale=MatchLowercase,Renderer=Basic,BoldItalicFont={},ItalicFont={},SmallCapsFont={},Script=Math,SizeFeatures={{Size=9.3075-},{Size=6.57-9.3075,Font=latinmodern-math.otf,Style=MathScript},{Size=-6.57,Font=latinmodern-math.otf,Style=MathScriptScript}},RawFeature={mathfontdimen=xetex},BoldFont={latinmodern-math.otf},RawFeature={mathfontdimen=tex2}].
(fontspec)              
(fontspec)              This font family consists of the following NFSS
(fontspec)             series/shapes:
(fontspec)              
(fontspec)             - 'normal' (m/n) with NFSS spec.:
(fontspec)             <9.3075->s*[0.9953571832716339]"[latinmodern-math.otf]:mode=base;script=math;language=dflt;mathfontdimen=xetex;mathfontdimen=tex2;"<6.57-9.3075>s*[0.9953571832716339]"[latinmodern-math.otf]:mode=base;script=math;language=dflt;mathfontdimen=xetex;mathfontdimen=tex2;+ssty=0;"<-6.57>s*[0.9953571832716339]"[latinmodern-math.otf]:mode=base;script=math;language=dflt;mathfontdimen=xetex;mathfontdimen=tex2;+ssty=1;"
(fontspec)             - 'bold' (b/n) with NFSS spec.:
(fontspec)             <->s*[0.9953571832716339]"[latinmodern-math.otf]:mode=base;script=math;language=dflt;mathfontdimen=xetex;mathfontdimen=tex2;"

LaTeX Font Info:    Encoding `OMS' has changed to `TU' for symbol font
(Font)              `symbols' in the math version `normal' on input line 315.
LaTeX Font Info:    Overwriting symbol font `symbols' in version `normal'
(Font)                  OMS/lmsy/m/n --> TU/latinmodern-math.otf(2)/m/n on input line 315.
LaTeX Font Info:    Encoding `OMS' has changed to `TU' for symbol font
(Font)              `symbols' in the math version `bold' on input line 315.
LaTeX Font Info:    Overwriting symbol font `symbols' in version `bold'
(Font)                  OMS/lmsy/b/n --> TU/latinmodern-math.otf(2)/b/n on input line 315.

Package fontspec Info: 
(fontspec)             latinmodern-math scale = 0.9953571832716339.


Package fontspec Info: 
(fontspec)             latinmodern-math scale = 0.9953571832716339.


Package fontspec Info: 
(fontspec)             latinmodern-math scale = 0.9953571832716339.


Package fontspec Info: 
(fontspec)             latinmodern-math scale = 0.9953571832716339.


Package fontspec Info: 
(fontspec)             latinmodern-math scale = 0.9953571832716339.


Package fontspec Info: 
(fontspec)             Font family 'latinmodern-math.otf(3)' created for font
(fontspec)             'latinmodern-math.otf' with options
(fontspec)             [Scale=MatchLowercase,Renderer=Basic,BoldItalicFont={},ItalicFont={},SmallCapsFont={},Script=Math,SizeFeatures={{Size=9.3075-},{Size=6.57-9.3075,Font=latinmodern-math.otf,Style=MathScript},{Size=-6.57,Font=latinmodern-math.otf,Style=MathScriptScript}},RawFeature={mathfontdimen=xetex},BoldFont={latinmodern-math.otf},RawFeature={mathfontdimen=tex3}].
(fontspec)              
(fontspec)              This font family consists of the following NFSS
(fontspec)             series/shapes:
(fontspec)              
(fontspec)             - 'normal' (m/n) with NFSS spec.:
(fontspec)             <9.3075->s*[0.9953571832716339]"[latinmodern-math.otf]:mode=base;script=math;language=dflt;mathfontdimen=xetex;mathfontdimen=tex3;"<6.57-9.3075>s*[0.9953571832716339]"[latinmodern-math.otf]:mode=base;script=math;language=dflt;mathfontdimen=xetex;mathfontdimen=tex3;+ssty=0;"<-6.57>s*[0.9953571832716339]"[latinmodern-math.otf]:mode=base;script=math;language=dflt;mathfontdimen=xetex;mathfontdimen=tex3;+ssty=1;"
(fontspec)             - 'bold' (b/n) with NFSS spec.:
(fontspec)             <->s*[0.9953571832716339]"[latinmodern-math.otf]:mode=base;script=math;language=dflt;mathfontdimen=xetex;mathfontdimen=tex3;"

LaTeX Font Info:    Encoding `OMX' has changed to `TU' for symbol font
(Font)              `largesymbols' in the math version `normal' on input line 315.
LaTeX Font Info:    Overwriting symbol font `largesymbols' in version `normal'
(Font)                  OMX/lmex/m/n --> TU/latinmodern-math.otf(3)/m/n on input line 315.
LaTeX Font Info:    Encoding `OMX' has changed to `TU' for symbol font
(Font)              `largesymbols' in the math version `bold' on input line 315.
LaTeX Font Info:    Overwriting symbol font `largesymbols' in version `bold'
(Font)                  OMX/lmex/m/n --> TU/latinmodern-math.otf(3)/b/n on input line 315.
LaTeX Font Info:    Font shape `TU/latinmodern-math.otf(1)/m/n' will be
(Font)              scaled to size 7.62943pt on input line 315.
LaTeX Font Info:    Font shape `TU/latinmodern-math.otf(1)/m/n' will be
(Font)              scaled to size 5.4496pt on input line 315.
LaTeX Font Info:    Trying to load font information for OML+lmm on input line 315.
(/Users/corrado/Library/TinyTeX/texmf-dist/tex/latex/lm/omllmm.fd
File: omllmm.fd 2015/05/01 v1.6.1 Font defs for Latin Modern
)
LaTeX Font Info:    Font shape `TU/latinmodern-math.otf(2)/m/n' will be
(Font)              scaled to size 10.8992pt on input line 315.
LaTeX Font Info:    Font shape `TU/latinmodern-math.otf(2)/m/n' will be
(Font)              scaled to size 7.62943pt on input line 315.
LaTeX Font Info:    Font shape `TU/latinmodern-math.otf(2)/m/n' will be
(Font)              scaled to size 5.4496pt on input line 315.
LaTeX Font Info:    Font shape `TU/latinmodern-math.otf(3)/m/n' will be
(Font)              scaled to size 10.8992pt on input line 315.
LaTeX Font Info:    Font shape `TU/latinmodern-math.otf(3)/m/n' will be
(Font)              scaled to size 7.62943pt on input line 315.
LaTeX Font Info:    Font shape `TU/latinmodern-math.otf(3)/m/n' will be
(Font)              scaled to size 5.4496pt on input line 315.
LaTeX Font Info:    Trying to load font information for U+msa on input line 315.
(/Users/corrado/Library/TinyTeX/texmf-dist/tex/latex/amsfonts/umsa.fd
File: umsa.fd 2013/01/14 v3.01 AMS symbols A
)
LaTeX Font Info:    Trying to load font information for U+msb on input line 315.
(/Users/corrado/Library/TinyTeX/texmf-dist/tex/latex/amsfonts/umsb.fd
File: umsb.fd 2013/01/14 v3.01 AMS symbols B
)
LaTeX Info: Redefining \microtypecontext on input line 315.
Package microtype Info: Applying patch `item' on input line 315.
Package microtype Info: Applying patch `toc' on input line 315.
Package microtype Info: Applying patch `eqnum' on input line 315.
Package microtype Info: Applying patch `footnote' on input line 315.
Package microtype Info: Applying patch `verbatim' on input line 315.
LaTeX Info: Redefining \microtypesetup on input line 315.
Package microtype Info: Generating PDF output.
Package microtype Info: Character protrusion enabled (level 2).
Package microtype Info: Using protrusion set `basicmath'.
Package microtype Info: Automatic font expansion enabled (level 2),
(microtype)             stretch: 20, shrink: 20, step: 1, non-selected.
Package microtype Info: Using default expansion set `alltext-nott'.
Package microtype Info: Patching command `\showhyphens'.
Package microtype Info: No adjustment of tracking.
Package microtype Info: No adjustment of spacing.
Package microtype Info: No adjustment of kerning.
Package microtype Info: Loading generic protrusion settings for font family
(microtype)             `LibertinusSerif' (encoding: TU).
(microtype)             For optimal results, create family-specific settings.
(microtype)             See the microtype manual for details.
LaTeX Font Info:    Font shape `TU/LibertinusSans(0)/m/n' will be
(Font)              scaled to size 10.21198pt on input line 315.
Package microtype Info: Loading generic protrusion settings for font family
(microtype)             `LibertinusSans' (encoding: TU).
(microtype)             For optimal results, create family-specific settings.
(microtype)             See the microtype manual for details.

Package babel Info: The following font families will use the default
(babel)             settings for all or some languages:
(babel)             * \sffamily = LibertinusSans(0)
(babel)               "name:Libertinus Sans:mode=node;script=latn;language=dflt;+tlig;" at 10.21198pt
(babel)             * \ttfamily = lmtt
(babel)               [lmmono10-regular]: at 10.95pt
(babel)             There is nothing intrinsically wrong with it, but
(babel)             'babel' will no set Script and Language, which could
(babel)             be relevant in some languages. If your document uses
(babel)             these families, consider redefining them with \babelfont.
(babel)             Reported on input line 315.

Removing  `Babel.pre_otfload_h' from `hpack_filter'.
Removing  `luaotfload.node_processor' from `hpack_filter'.
Removing  `luaotfload.harf.finalize_hlist' from `hpack_filter'.
Inserting `Babel.math_box_dir' in `hpack_filter'.
Inserting `Babel.pre_otfload_h' in `hpack_filter'.
Inserting `luaotfload.node_processor' in `hpack_filter'.
Inserting `luaotfload.harf.finalize_hlist' in `hpack_filter'.
Inserting `Babel.unset_atdir' in `pre_linebreak_filter'.
Inserting `Babel.unset_atdir' in `hpack_filter'.
Inserting `Babel.ensure_math_dir' in `post_mlist_to_hlist_filter'.
Package hyperref Info: Link coloring ON on input line 315.
Package caption Info: Begin \AtBeginDocument code.
Package caption Info: End \AtBeginDocument code.
\g__cctab_next_cctab=\catcodetable19
Package babel Info: Main language set to 'italian'.
LaTeX Font Info:    Font shape `TU/LibertinusSans(0)/b/n' will be
(Font)              scaled to size 10.95pt on input line 318.
LaTeX Font Info:    Font shape `TU/LibertinusSans(0)/b/n' will be
(Font)              scaled to size 20.74pt on input line 318.
LaTeX Font Info:    Font shape `TU/LibertinusSans(0)/b/n' will be
(Font)              scaled to size 12.0pt on input line 318.
LaTeX Font Info:    Font shape `TU/LibertinusSerif(2)/m/n' will be
(Font)              scaled to size 14.4pt on input line 318.
[1





{/Users/corrado/Library/TinyTeX/texmf-var/fonts/map/pdftex/updmap/pdftex.map}] [2


]
chapter 1.

Underfull \hbox (badness 10000) in paragraph at lines 328--329

 []

LaTeX Font Info:    Font shape `TU/LibertinusSerif(2)/b/n' will be
(Font)              scaled to size 10.95pt on input line 330.
LaTeX Font Info:    Font shape `TU/LibertinusSerif(2)/m/it' will be
(Font)              scaled to size 10.95pt on input line 331.
LaTeX Font Info:    Font shape `TU/LibertinusSans(0)/b/n' will be
(Font)              scaled to size 14.4pt on input line 334.
LaTeX Font Info:    Font shape `TU/LibertinusSerif(2)/m/sl' in size <10.95> not available
(Font)              Font shape `TU/LibertinusSerif(2)/m/it' tried instead on input line 431.
LaTeX Font Info:    Font shape `TU/LibertinusSerif(2)/m/it' will be
(Font)              scaled to size 10.95pt on input line 431.
[1

]

LaTeX Warning: Hyper reference `sec-percorsi-lettura' on page 2 undefined on input line 451.

[2] [3]
chapter 2.

Underfull \hbox (badness 10000) in paragraph at lines 575--576

 []

(/Users/corrado/Library/TinyTeX/texmf-dist/tex/latex/microtype/mt-TU-empty.cfg
File: mt-TU-empty.cfg 2021/06/22 v1.1 microtype config. file: fonts with nonstandard glyph set (RS)
)
Underfull \hbox (badness 1038) in paragraph at lines 584--592
[]\TU/LibertinusSerif(2)/m/n/10.95 Il ma-nua-le è \TU/LibertinusSerif(2)/b/n/10.95 sta-bi-le\TU/LibertinusSerif(2)/m/n/10.95 : una vol-ta stam-pa-to, non cam-bia. Il Com-pa-nion è \TU/LibertinusSerif(2)/b/n/10.95 ma-te-ria-le
 []

[4

]
Underfull \vbox (badness 1655) has occurred while \output is active []

[5]
Missing character: There is no ⟶ (U+27F6) in font "name:Libertinus Serif:mode=node;script=latn;language=ITA;+tlig;family=rm;"!
Missing character: There is no ⟶ (U+27F6) in font "name:Libertinus Serif:mode=node;script=latn;language=ITA;+tlig;family=rm;"!
Missing character: There is no ⟶ (U+27F6) in font "name:Libertinus Serif:mode=node;script=latn;language=ITA;+tlig;family=rm;"!
Missing character: There is no ⟶ (U+27F6) in font "name:Libertinus Serif:mode=node;script=latn;language=ITA;+tlig;family=rm;"!
Missing character: There is no ⟶ (U+27F6) in font "name:Libertinus Serif:mode=node;script=latn;language=ITA;+tlig;family=rm;"!
Missing character: There is no ⟶ (U+27F6) in font "name:Libertinus Serif:mode=node;script=latn;language=ITA;+tlig;family=rm;"!
Missing character: There is no ⟶ (U+27F6) in font "name:Libertinus Serif:mode=node;script=latn;language=ITA;+tlig;family=rm;"!
Missing character: There is no ⟶ (U+27F6) in font "name:Libertinus Serif:mode=node;script=latn;language=ITA;+tlig;family=rm;"!
Missing character: There is no ⟶ (U+27F6) in font "name:Libertinus Serif:mode=node;script=latn;language=ITA;+tlig;family=rm;"!
Missing character: There is no ⟶ (U+27F6) in font "name:Libertinus Serif:mode=node;script=latn;language=ITA;+tlig;family=rm;"!
Missing character: There is no ⟶ (U+27F6) in font "name:Libertinus Serif:mode=node;script=latn;language=ITA;+tlig;family=rm;"!
Missing character: There is no ⟶ (U+27F6) in font "name:Libertinus Serif:mode=node;script=latn;language=ITA;+tlig;family=rm;"!
Missing character: There is no ⟶ (U+27F6) in font "name:Libertinus Serif:mode=node;script=latn;language=ITA;+tlig;family=rm;"!
Missing character: There is no ⟶ (U+27F6) in font "name:Libertinus Serif:mode=node;script=latn;language=ITA;+tlig;family=rm;"!
Missing character: There is no ⟶ (U+27F6) in font "name:Libertinus Serif:mode=node;script=latn;language=ITA;+tlig;family=rm;"!

Overfull \hbox (61.04858pt too wide) in paragraph at lines 727--731
[]\TU/LibertinusSerif(2)/m/n/10.95 [ [] ⟶󰀀[] \TU/lmtt/m/n/10.95 brms \TU/LibertinusSerif(2)/m/n/10.95 ⟶󰀀[] ⟶󰀀[].
 []

[6
Missing character: There is no ⟶ (U+27F6) in font "name:Libertinus Serif:mode=node;script=latn;language=ITA;+tlig;family=rm;"!
Missing character: There is no ⟶ (U+27F6) in font "name:Libertinus Serif:mode=node;script=latn;language=ITA;+tlig;family=rm;"!
Missing character: There is no ⟶ (U+27F6) in font "name:Libertinus Serif:mode=node;script=latn;language=ITA;+tlig;family=rm;"!
] [7] [8]
Underfull \hbox (badness 10000) in paragraph at lines 1098--1103
[]\TU/LibertinusSerif(2)/m/n/10.95 Gli URL stam-pa-ti nel-l’e-di-zio-ne car-ta-cea so-no: \TU/lmtt/m/n/10.95 utet-companion/\TU/LibertinusSerif(2)/m/n/10.95 , \TU/lmtt/m/n/10.95 utet-
 []

[9]
part I.
Package scrkbase Info: You've told me to use the font selection of the element
(scrkbase)             `partprefix' that is an alias of element `partnumber'
(scrkbase)              on input line 1107.
LaTeX Font Info:    Font shape `TU/LibertinusSans(0)/b/n' will be
(Font)              scaled to size 24.88pt on input line 1107.
[10

]
Missing character: There is no 📍 (U+1F4CD) in font "name:Libertinus Sans/B:mode=node;script=latn;language=dflt;+tlig;"!
Missing character: There is no 📍 (U+1F4CD) in font "name:Libertinus Sans/B:mode=node;script=latn;language=dflt;+tlig;"!
Missing character: There is no 🎯 (U+1F3AF) in font "name:Libertinus Serif:mode=node;script=latn;language=ITA;+tlig;family=rm;"!
Missing character: There is no 🎯 (U+1F3AF) in font "name:Libertinus Serif:mode=node;script=latn;language=ITA;+tlig;family=rm;"!
Missing character: There is no 📖 (U+1F4D6) in font "name:Libertinus Serif:mode=node;script=latn;language=ITA;+tlig;family=rm;"!
Missing character: There is no 📖 (U+1F4D6) in font "name:Libertinus Serif:mode=node;script=latn;language=ITA;+tlig;family=rm;"!
Missing character: There is no 🔄 (U+1F504) in font "name:Libertinus Serif:mode=node;script=latn;language=ITA;+tlig;family=rm;"!
Missing character: There is no 🔄 (U+1F504) in font "name:Libertinus Serif:mode=node;script=latn;language=ITA;+tlig;family=rm;"!
Missing character: There is no 🔄 (U+1F504) in font "name:Libertinus Serif:mode=node;script=latn;language=ITA;+tlig;family=rm;"!
[11

Missing character: There is no 📍 (U+1F4CD) in font "name:Libertinus Sans/B:mode=node;script=latn;language=dflt;+tlig;"!
Missing character: There is no 🎯 (U+1F3AF) in font "name:Libertinus Serif:mode=node;script=latn;language=ITA;+tlig;family=rm;"!
Missing character: There is no 📖 (U+1F4D6) in font "name:Libertinus Serif:mode=node;script=latn;language=ITA;+tlig;family=rm;"!
Missing character: There is no 🔄 (U+1F504) in font "name:Libertinus Serif:mode=node;script=latn;language=ITA;+tlig;family=rm;"!
]
chapter 3.

LaTeX Warning: Hyper reference `sec-percorsi-lettura' on page 12 undefined on input line 1174.


LaTeX Warning: Citation `ref-ioannidis2005most' on page 12 undefined on input line 1216.

[12

] [13]

LaTeX Warning: Citation `ref-nosek2012scientific' on page 14 undefined on input line 1324.


LaTeX Warning: Citation `ref-open2015estimating' on page 14 undefined on input line 1342.


LaTeX Font Warning: Font shape `TU/LibertinusSans(0)/b/it' undefined
(Font)              using `TU/LibertinusSans(0)/b/n' instead on input line 1353.

[14]
LaTeX Font Info:    Font shape `TU/LibertinusSans(0)/b/it' will be
(Font)              scaled to size 12.0pt on input line 1387.
[15]

LaTeX Warning: Citation `ref-meehl2012summaries' on page 16 undefined on input line 1467.

LaTeX Font Info:    Font shape `TU/latinmodern-math.otf(1)/m/n' will be
(Font)              scaled to size 11.94434pt on input line 1493.
LaTeX Font Info:    Font shape `TU/latinmodern-math.otf(1)/m/n' will be
(Font)              scaled to size 7.96289pt on input line 1493.
LaTeX Font Info:    Font shape `TU/latinmodern-math.otf(1)/m/n' will be
(Font)              scaled to size 5.97217pt on input line 1493.
LaTeX Font Info:    Font shape `TU/latinmodern-math.otf(2)/m/n' will be
(Font)              scaled to size 11.94434pt on input line 1493.
LaTeX Font Info:    Font shape `TU/latinmodern-math.otf(2)/m/n' will be
(Font)              scaled to size 7.96289pt on input line 1493.
LaTeX Font Info:    Font shape `TU/latinmodern-math.otf(2)/m/n' will be
(Font)              scaled to size 5.97217pt on input line 1493.
LaTeX Font Info:    Font shape `TU/latinmodern-math.otf(3)/m/n' will be
(Font)              scaled to size 11.94434pt on input line 1493.
LaTeX Font Info:    Font shape `TU/latinmodern-math.otf(3)/m/n' will be
(Font)              scaled to size 7.96289pt on input line 1493.
LaTeX Font Info:    Font shape `TU/latinmodern-math.otf(3)/m/n' will be
(Font)              scaled to size 5.97217pt on input line 1493.
(/Users/corrado/Library/TinyTeX/texmf-dist/tex/latex/microtype/mt-msa.cfg
File: mt-msa.cfg 2006/02/04 v1.1 microtype config. file: AMS symbols (a) (RS)
) (/Users/corrado/Library/TinyTeX/texmf-dist/tex/latex/microtype/mt-msb.cfg
File: mt-msb.cfg 2005/06/01 v1.0 microtype config. file: AMS symbols (b) (RS)
)
LaTeX Font Info:    Font shape `TU/lmtt/bx/n' in size <10.95> not available
(Font)              Font shape `TU/lmtt/b/n' tried instead on input line 1502.
Missing character: There is no α (U+03B1) in font [lmmono10-regular]:!
[16]
<chapters/replication_crisis/01_crisis_files/figure-pdf/fig-pvalue-dance-1.png, id=248, 505.89pt x 312.4473pt>
File: chapters/replication_crisis/01_crisis_files/figure-pdf/fig-pvalue-dance-1.png Graphic file (type png)
<use chapters/replication_crisis/01_crisis_files/figure-pdf/fig-pvalue-dance-1.png>
Package luatex.def Info: chapters/replication_crisis/01_crisis_files/figure-pdf/fig-pvalue-dance-1.png  used on input line 1538.
(luatex.def)             Requested size: 374.87764pt x 231.53156pt.

LaTeX Warning: Reference `fig-pvalue-dance' on page 17 undefined on input line 1549.

[17
Missing character: There is no α (U+03B1) in font [lmmono10-regular]:!
<./chapters/replication_crisis/01_crisis_files/figure-pdf/fig-pvalue-dance-1.png>] [18]
<chapters/replication_crisis/01_crisis_files/figure-pdf/fig-posterior-delta-1.png, id=261, 505.89pt x 312.4473pt>
File: chapters/replication_crisis/01_crisis_files/figure-pdf/fig-posterior-delta-1.png Graphic file (type png)
<use chapters/replication_crisis/01_crisis_files/figure-pdf/fig-posterior-delta-1.png>
Package luatex.def Info: chapters/replication_crisis/01_crisis_files/figure-pdf/fig-posterior-delta-1.png  used on input line 1646.
(luatex.def)             Requested size: 374.87764pt x 231.53156pt.
[19<./chapters/replication_crisis/01_crisis_files/figure-pdf/fig-posterior-delta-1.png>]
LaTeX Font Info:    Font shape `TU/LibertinusSerif(2)/b/it' will be
(Font)              scaled to size 10.95pt on input line 1734.
[20]

LaTeX Warning: Citation `ref-pennington2023student' on page 21 undefined on input line 1765.


LaTeX Warning: Citation `ref-open2015estimating' on page 21 undefined on input line 1768.


LaTeX Warning: Citation `ref-simmons2011false' on page 21 undefined on input line 1771.


Underfull \vbox (badness 10000) has occurred while \output is active []

[21]
Underfull \vbox (badness 10000) has occurred while \output is active []

[22]

Package tcolorbox Warning: The upper box part has become overfull on input line 1847.

[23] [24

]
part II.
Package scrkbase Info: You've told me to use the font selection of the element
(scrkbase)             `partprefix' that is an alias of element `partnumber'
(scrkbase)              on input line 1853.
[25

]
Missing character: There is no 📍 (U+1F4CD) in font "name:Libertinus Sans/B:mode=node;script=latn;language=dflt;+tlig;"!
Missing character: There is no 📍 (U+1F4CD) in font "name:Libertinus Sans/B:mode=node;script=latn;language=dflt;+tlig;"!
Missing character: There is no 🎯 (U+1F3AF) in font "name:Libertinus Serif:mode=node;script=latn;language=ITA;+tlig;family=rm;"!
Missing character: There is no 🎯 (U+1F3AF) in font "name:Libertinus Serif:mode=node;script=latn;language=ITA;+tlig;family=rm;"!
Missing character: There is no 📖 (U+1F4D6) in font "name:Libertinus Serif:mode=node;script=latn;language=ITA;+tlig;family=rm;"!
Missing character: There is no 📖 (U+1F4D6) in font "name:Libertinus Serif:mode=node;script=latn;language=ITA;+tlig;family=rm;"!
Missing character: There is no ⭐ (U+2B50) in font "name:Libertinus Serif:mode=node;script=latn;language=ITA;+tlig;family=rm;"!
Missing character: There is no ⭐ (U+2B50) in font "name:Libertinus Serif:mode=node;script=latn;language=ITA;+tlig;family=rm;"!
Missing character: There is no ⭐ (U+2B50) in font "name:Libertinus Serif:mode=node;script=latn;language=ITA;+tlig;family=rm;"!
[26

Missing character: There is no 📍 (U+1F4CD) in font "name:Libertinus Sans/B:mode=node;script=latn;language=dflt;+tlig;"!
Missing character: There is no 🎯 (U+1F3AF) in font "name:Libertinus Serif:mode=node;script=latn;language=ITA;+tlig;family=rm;"!
Missing character: There is no 📖 (U+1F4D6) in font "name:Libertinus Serif:mode=node;script=latn;language=ITA;+tlig;family=rm;"!
Missing character: There is no ⭐ (U+2B50) in font "name:Libertinus Serif:mode=node;script=latn;language=ITA;+tlig;family=rm;"!
]
chapter 4.

LaTeX Warning: Citation `ref-wasserstein2016asa' on page 27 undefined on input line 1944.

LaTeX Font Info:    Font shape `TU/LibertinusSerif(2)/m/n' will be
(Font)              scaled to size 7.665pt on input line 1970.
LaTeX Font Info:    Font shape `TU/LibertinusSerif(2)/m/n' will be
(Font)              scaled to size 5.475pt on input line 1970.

LaTeX Warning: Hyper reference `sec-percorsi-lettura' on page 27 undefined on input line 1979.


LaTeX Warning: Reference `sec-apx-numbers' on page 27 undefined on input line 2016.


LaTeX Warning: Reference `sec-apx-sums' on page 27 undefined on input line 2017.


Underfull \vbox (badness 3128) has occurred while \output is active []

[27

]
LaTeX Font Info:    Font shape `TU/latinmodern-math.otf(1)/m/n' will be
(Font)              scaled to size 14.33319pt on input line 2038.
LaTeX Font Info:    Font shape `TU/latinmodern-math.otf(1)/m/n' will be
(Font)              scaled to size 9.95361pt on input line 2038.
LaTeX Font Info:    Font shape `TU/latinmodern-math.otf(1)/m/n' will be
(Font)              scaled to size 6.96753pt on input line 2038.
LaTeX Font Info:    Font shape `TU/latinmodern-math.otf(2)/m/n' will be
(Font)              scaled to size 14.33319pt on input line 2038.
LaTeX Font Info:    Font shape `TU/latinmodern-math.otf(2)/m/n' will be
(Font)              scaled to size 9.95361pt on input line 2038.
LaTeX Font Info:    Font shape `TU/latinmodern-math.otf(2)/m/n' will be
(Font)              scaled to size 6.96753pt on input line 2038.
LaTeX Font Info:    Font shape `TU/latinmodern-math.otf(3)/m/n' will be
(Font)              scaled to size 14.33319pt on input line 2038.
LaTeX Font Info:    Font shape `TU/latinmodern-math.otf(3)/m/n' will be
(Font)              scaled to size 9.95361pt on input line 2038.
LaTeX Font Info:    Font shape `TU/latinmodern-math.otf(3)/m/n' will be
(Font)              scaled to size 6.96753pt on input line 2038.
[28]
Missing character: There is no α (U+03B1) in font [lmmono10-regular]:!
Missing character: There is no α (U+03B1) in font [lmmono10-regular]:!
<chapters/limits/01_limits_stat_freq_files/figure-pdf/unnamed-chunk-6-1.png, id=320, 505.89pt x 312.4473pt>
File: chapters/limits/01_limits_stat_freq_files/figure-pdf/unnamed-chunk-6-1.png Graphic file (type png)
<use chapters/limits/01_limits_stat_freq_files/figure-pdf/unnamed-chunk-6-1.png>
Package luatex.def Info: chapters/limits/01_limits_stat_freq_files/figure-pdf/unnamed-chunk-6-1.png  used on input line 2139.
(luatex.def)             Requested size: 374.87764pt x 231.53156pt.
[29
Missing character: There is no α (U+03B1) in font [lmmono10-regular]:!
Missing character: There is no α (U+03B1) in font [lmmono10-regular]:!
<./chapters/limits/01_limits_stat_freq_files/figure-pdf/unnamed-chunk-6-1.png>] [30]
Missing character: There is no α (U+03B1) in font [lmmono10-regular]:!
Missing character: There is no α (U+03B1) in font [lmmono10-regular]:!
[31
Missing character: There is no α (U+03B1) in font [lmmono10-regular]:!
]
Missing character: There is no α (U+03B1) in font [lmmono10-regular]:!
Missing character: There is no α (U+03B1) in font [lmmono10-regular]:!
<chapters/limits/01_limits_stat_freq_files/figure-pdf/fig-pvalue-distribution-1.png, id=337, 650.43pt x 401.8212pt>
File: chapters/limits/01_limits_stat_freq_files/figure-pdf/fig-pvalue-distribution-1.png Graphic file (type png)
<use chapters/limits/01_limits_stat_freq_files/figure-pdf/fig-pvalue-distribution-1.png>
Package luatex.def Info: chapters/limits/01_limits_stat_freq_files/figure-pdf/fig-pvalue-distribution-1.png  used on input line 2323.
(luatex.def)             Requested size: 374.87764pt x 231.59106pt.

Underfull \vbox (badness 10000) has occurred while \output is active []

[32
Missing character: There is no α (U+03B1) in font [lmmono10-regular]:!
Missing character: There is no α (U+03B1) in font [lmmono10-regular]:!
Missing character: There is no α (U+03B1) in font [lmmono10-regular]:!
] [33<./chapters/limits/01_limits_stat_freq_files/figure-pdf/fig-pvalue-distribution-1.png>]

LaTeX Warning: Citation `ref-head2015extent' on page 34 undefined on input line 2398.


LaTeX Warning: Citation `ref-brodeur2020methods' on page 34 undefined on input line 2408.


LaTeX Warning: Citation `ref-simonsohn2014p' on page 34 undefined on input line 2419.

[34] [35]
Missing character: There is no ₀ (U+2080) in font [lmmono10-regular]:!
[36
Missing character: There is no ₀ (U+2080) in font [lmmono10-regular]:!
]
<chapters/limits/01_limits_stat_freq_files/figure-pdf/unnamed-chunk-17-1.png, id=369, 505.89pt x 312.4473pt>
File: chapters/limits/01_limits_stat_freq_files/figure-pdf/unnamed-chunk-17-1.png Graphic file (type png)
<use chapters/limits/01_limits_stat_freq_files/figure-pdf/unnamed-chunk-17-1.png>
Package luatex.def Info: chapters/limits/01_limits_stat_freq_files/figure-pdf/unnamed-chunk-17-1.png  used on input line 2664.
(luatex.def)             Requested size: 374.87764pt x 231.53156pt.
[37]
Missing character: There is no ≈ (U+2248) in font [lmmono10-regular]:!
Missing character: There is no ₀ (U+2080) in font [lmmono10-regular]:!
[38
Missing character: There is no ≈ (U+2248) in font [lmmono10-regular]:!
Missing character: There is no ₀ (U+2080) in font [lmmono10-regular]:!
<./chapters/limits/01_limits_stat_freq_files/figure-pdf/unnamed-chunk-17-1.png>]
Overfull \hbox (117.32764pt too wide) in alignment at lines 2713--2725
 [][][][][] 
 []

[39] [40]
<chapters/limits/01_limits_stat_freq_files/figure-pdf/fig-threshold-fragility-1.png, id=398, 505.89pt x 312.4473pt>
File: chapters/limits/01_limits_stat_freq_files/figure-pdf/fig-threshold-fragility-1.png Graphic file (type png)
<use chapters/limits/01_limits_stat_freq_files/figure-pdf/fig-threshold-fragility-1.png>
Package luatex.def Info: chapters/limits/01_limits_stat_freq_files/figure-pdf/fig-threshold-fragility-1.png  used on input line 2913.
(luatex.def)             Requested size: 374.87764pt x 231.53156pt.

Underfull \vbox (badness 10000) has occurred while \output is active []

[41] [42<./chapters/limits/01_limits_stat_freq_files/figure-pdf/fig-threshold-fragility-1.png>]
<chapters/limits/01_limits_stat_freq_files/figure-pdf/unnamed-chunk-21-1.png, id=409, 505.89pt x 312.4473pt>
File: chapters/limits/01_limits_stat_freq_files/figure-pdf/unnamed-chunk-21-1.png Graphic file (type png)
<use chapters/limits/01_limits_stat_freq_files/figure-pdf/unnamed-chunk-21-1.png>
Package luatex.def Info: chapters/limits/01_limits_stat_freq_files/figure-pdf/unnamed-chunk-21-1.png  used on input line 2962.
(luatex.def)             Requested size: 374.87764pt x 231.53156pt.

LaTeX Warning: Citation `ref-gelman2006difference' on page 43 undefined on input line 2969.

[43<./chapters/limits/01_limits_stat_freq_files/figure-pdf/unnamed-chunk-21-1.png>]
<chapters/limits/01_limits_stat_freq_files/figure-pdf/unnamed-chunk-22-1.png, id=418, 505.89pt x 312.4473pt>
File: chapters/limits/01_limits_stat_freq_files/figure-pdf/unnamed-chunk-22-1.png Graphic file (type png)
<use chapters/limits/01_limits_stat_freq_files/figure-pdf/unnamed-chunk-22-1.png>
Package luatex.def Info: chapters/limits/01_limits_stat_freq_files/figure-pdf/unnamed-chunk-22-1.png  used on input line 3079.
(luatex.def)             Requested size: 353.34865pt x 218.23485pt.
[44]
Missing character: There is no α (U+03B1) in font [lmmono10-regular]:!
Missing character: There is no α (U+03B1) in font [lmmono10-regular]:!
Missing character: There is no α (U+03B1) in font [lmmono10-regular]:!
Missing character: There is no α (U+03B1) in font [lmmono10-regular]:!
Missing character: There is no α (U+03B1) in font [lmmono10-regular]:!
Missing character: There is no α (U+03B1) in font [lmmono10-regular]:!
Missing character: There is no α (U+03B1) in font [lmmono10-regular]:!
Missing character: There is no ≈ (U+2248) in font [lmmono10-regular]:!
Missing character: There is no α (U+03B1) in font [lmmono10-regular]:!
Missing character: There is no π (U+03C0) in font [lmmono10-regular]:!
Missing character: There is no π (U+03C0) in font [lmmono10-regular]:!
Missing character: There is no π (U+03C0) in font [lmmono10-regular]:!
Missing character: There is no π (U+03C0) in font [lmmono10-regular]:!
Missing character: There is no π (U+03C0) in font [lmmono10-regular]:!
Missing character: There is no π (U+03C0) in font [lmmono10-regular]:!
Missing character: There is no π (U+03C0) in font [lmmono10-regular]:!
Missing character: There is no π (U+03C0) in font [lmmono10-regular]:!
Missing character: There is no π (U+03C0) in font [lmmono10-regular]:!
Missing character: There is no π (U+03C0) in font [lmmono10-regular]:!
Missing character: There is no π (U+03C0) in font [lmmono10-regular]:!
Missing character: There is no π (U+03C0) in font [lmmono10-regular]:!
Missing character: There is no π (U+03C0) in font [lmmono10-regular]:!
Missing character: There is no π (U+03C0) in font [lmmono10-regular]:!
Missing character: There is no ≥ (U+2265) in font [lmmono10-regular]:!
Missing character: There is no ≥ (U+2265) in font [lmmono10-regular]:!

Underfull \vbox (badness 10000) has occurred while \output is active []

[45<./chapters/limits/01_limits_stat_freq_files/figure-pdf/unnamed-chunk-22-1.png>]
Missing character: There is no δ (U+03B4) in font [lmmono10-regular]:!
Missing character: There is no σ (U+03C3) in font [lmmono10-regular]:!
Missing character: There is no δ (U+03B4) in font [lmmono10-regular]:!
Missing character: There is no δ (U+03B4) in font [lmmono10-regular]:!
Missing character: There is no δ (U+03B4) in font [lmmono10-regular]:!
Missing character: There is no μ (U+03BC) in font [lmmono10-regular]:!
Missing character: There is no σ (U+03C3) in font [lmmono10-regular]:!
Missing character: There is no ≤ (U+2264) in font [lmmono10-regular]:!
Missing character: There is no δ (U+03B4) in font [lmmono10-regular]:!
Missing character: There is no δ (U+03B4) in font [lmmono10-regular]:!
Missing character: There is no δ (U+03B4) in font [lmmono10-regular]:!
Missing character: There is no δ (U+03B4) in font [lmmono10-regular]:!

Underfull \vbox (badness 10000) has occurred while \output is active []

[46
Missing character: There is no α (U+03B1) in font [lmmono10-regular]:!
Missing character: There is no α (U+03B1) in font [lmmono10-regular]:!
Missing character: There is no α (U+03B1) in font [lmmono10-regular]:!
Missing character: There is no α (U+03B1) in font [lmmono10-regular]:!
Missing character: There is no α (U+03B1) in font [lmmono10-regular]:!
Missing character: There is no α (U+03B1) in font [lmmono10-regular]:!
Missing character: There is no α (U+03B1) in font [lmmono10-regular]:!
Missing character: There is no ≈ (U+2248) in font [lmmono10-regular]:!
Missing character: There is no α (U+03B1) in font [lmmono10-regular]:!
Missing character: There is no π (U+03C0) in font [lmmono10-regular]:!
Missing character: There is no π (U+03C0) in font [lmmono10-regular]:!
Missing character: There is no π (U+03C0) in font [lmmono10-regular]:!
Missing character: There is no π (U+03C0) in font [lmmono10-regular]:!
Missing character: There is no π (U+03C0) in font [lmmono10-regular]:!
Missing character: There is no π (U+03C0) in font [lmmono10-regular]:!
Missing character: There is no π (U+03C0) in font [lmmono10-regular]:!
Missing character: There is no π (U+03C0) in font [lmmono10-regular]:!
Missing character: There is no π (U+03C0) in font [lmmono10-regular]:!
Missing character: There is no π (U+03C0) in font [lmmono10-regular]:!
Missing character: There is no π (U+03C0) in font [lmmono10-regular]:!
Missing character: There is no π (U+03C0) in font [lmmono10-regular]:!
Missing character: There is no π (U+03C0) in font [lmmono10-regular]:!
Missing character: There is no π (U+03C0) in font [lmmono10-regular]:!
Missing character: There is no ≥ (U+2265) in font [lmmono10-regular]:!
Missing character: There is no ≥ (U+2265) in font [lmmono10-regular]:!
]
Underfull \vbox (badness 10000) has occurred while \output is active []

[47]

Package tcolorbox Warning: The upper box part has become overfull on input line 3260.

[48
Missing character: There is no δ (U+03B4) in font [lmmono10-regular]:!
Missing character: There is no σ (U+03C3) in font [lmmono10-regular]:!
Missing character: There is no δ (U+03B4) in font [lmmono10-regular]:!
Missing character: There is no δ (U+03B4) in font [lmmono10-regular]:!
Missing character: There is no δ (U+03B4) in font [lmmono10-regular]:!
Missing character: There is no μ (U+03BC) in font [lmmono10-regular]:!
Missing character: There is no σ (U+03C3) in font [lmmono10-regular]:!
Missing character: There is no ≤ (U+2264) in font [lmmono10-regular]:!
Missing character: There is no δ (U+03B4) in font [lmmono10-regular]:!
Missing character: There is no δ (U+03B4) in font [lmmono10-regular]:!
Missing character: There is no δ (U+03B4) in font [lmmono10-regular]:!
Missing character: There is no δ (U+03B4) in font [lmmono10-regular]:!
]
Underfull \vbox (badness 10000) has occurred while \output is active []

[49]
Underfull \vbox (badness 10000) has occurred while \output is active []

[50]

Package tcolorbox Warning: The upper box part has become overfull on input line 3324.

[51] [52

]
chapter 5.

LaTeX Warning: Hyper reference `sec-percorsi-lettura' on page 53 undefined on input line 3377.


Underfull \vbox (badness 10000) has occurred while \output is active []

[53

] [54]
<chapters/limits/02_effect_size_files/figure-pdf/fig-cohen-d-visual-1.png, id=478, 722.7pt x 722.7pt>
File: chapters/limits/02_effect_size_files/figure-pdf/fig-cohen-d-visual-1.png Graphic file (type png)
<use chapters/limits/02_effect_size_files/figure-pdf/fig-cohen-d-visual-1.png>
Package luatex.def Info: chapters/limits/02_effect_size_files/figure-pdf/fig-cohen-d-visual-1.png  used on input line 3510.
(luatex.def)             Requested size: 441.0228pt x 441.0228pt.

Underfull \vbox (badness 10000) has occurred while \output is active []

[55] [56<./chapters/limits/02_effect_size_files/figure-pdf/fig-cohen-d-visual-1.png>]

Package longtable Warning: Column widths have changed
(longtable)                in table 5.1 on input line 3619.

[57]
<chapters/limits/02_effect_size_files/figure-pdf/fig-correlations-visual-1.png, id=498, 578.16pt x 578.16pt>
File: chapters/limits/02_effect_size_files/figure-pdf/fig-correlations-visual-1.png Graphic file (type png)
<use chapters/limits/02_effect_size_files/figure-pdf/fig-correlations-visual-1.png>
Package luatex.def Info: chapters/limits/02_effect_size_files/figure-pdf/fig-correlations-visual-1.png  used on input line 3675.
(luatex.def)             Requested size: 441.01176pt x 441.01176pt.
[58] [59<./chapters/limits/02_effect_size_files/figure-pdf/fig-correlations-visual-1.png>] [60]
<chapters/limits/02_effect_size_files/figure-pdf/fig-r-vs-r2-1.png, id=519, 505.89pt x 312.4473pt>
File: chapters/limits/02_effect_size_files/figure-pdf/fig-r-vs-r2-1.png Graphic file (type png)
<use chapters/limits/02_effect_size_files/figure-pdf/fig-r-vs-r2-1.png>
Package luatex.def Info: chapters/limits/02_effect_size_files/figure-pdf/fig-r-vs-r2-1.png  used on input line 3825.
(luatex.def)             Requested size: 374.87764pt x 231.53156pt.
[61] [62<./chapters/limits/02_effect_size_files/figure-pdf/fig-r-vs-r2-1.png>]
Missing character: There is no ≈ (U+2248) in font [lmmono10-regular]:!
Missing character: There is no ≈ (U+2248) in font [lmmono10-regular]:!
Missing character: There is no ≈ (U+2248) in font [lmmono10-regular]:!

LaTeX Warning: Citation `ref-funder2019evaluating' on page 63 undefined on input line 3985.


Underfull \vbox (badness 3557) has occurred while \output is active []

[63
Missing character: There is no ≈ (U+2248) in font [lmmono10-regular]:!
Missing character: There is no ≈ (U+2248) in font [lmmono10-regular]:!
Missing character: There is no ≈ (U+2248) in font [lmmono10-regular]:!
] [64]
<chapters/limits/02_effect_size_files/figure-pdf/fig-benchmarks-1.png, id=549, 722.7pt x 446.6286pt>
File: chapters/limits/02_effect_size_files/figure-pdf/fig-benchmarks-1.png Graphic file (type png)
<use chapters/limits/02_effect_size_files/figure-pdf/fig-benchmarks-1.png>
Package luatex.def Info: chapters/limits/02_effect_size_files/figure-pdf/fig-benchmarks-1.png  used on input line 4058.
(luatex.def)             Requested size: 441.0228pt x 272.55208pt.
[65<./chapters/limits/02_effect_size_files/figure-pdf/fig-benchmarks-1.png>] [66]

LaTeX Warning: Citation `ref-tosh2021piranha' on page 67 undefined on input line 4194.

Missing character: There is no ≈ (U+2248) in font [lmmono10-regular]:!
[67
Missing character: There is no ≈ (U+2248) in font [lmmono10-regular]:!
]
<chapters/limits/02_effect_size_files/figure-pdf/fig-piranha-problem-1.png, id=567, 505.89pt x 312.4473pt>
File: chapters/limits/02_effect_size_files/figure-pdf/fig-piranha-problem-1.png Graphic file (type png)
<use chapters/limits/02_effect_size_files/figure-pdf/fig-piranha-problem-1.png>
Package luatex.def Info: chapters/limits/02_effect_size_files/figure-pdf/fig-piranha-problem-1.png  used on input line 4266.
(luatex.def)             Requested size: 374.87764pt x 231.53156pt.
[68<./chapters/limits/02_effect_size_files/figure-pdf/fig-piranha-problem-1.png>] [69]
<chapters/limits/02_effect_size_files/figure-pdf/unnamed-chunk-2-1.png, id=584, 505.89pt x 312.4473pt>
File: chapters/limits/02_effect_size_files/figure-pdf/unnamed-chunk-2-1.png Graphic file (type png)
<use chapters/limits/02_effect_size_files/figure-pdf/unnamed-chunk-2-1.png>
Package luatex.def Info: chapters/limits/02_effect_size_files/figure-pdf/unnamed-chunk-2-1.png  used on input line 4450.
(luatex.def)             Requested size: 353.34865pt x 218.23485pt.

Underfull \vbox (badness 10000) has occurred while \output is active []

[70] [71<./chapters/limits/02_effect_size_files/figure-pdf/unnamed-chunk-2-1.png>]
Missing character: There is no ≈ (U+2248) in font [lmmono10-regular]:!
Missing character: There is no ≈ (U+2248) in font [lmmono10-regular]:!

Underfull \hbox (badness 10000) in paragraph at lines 4531--4533

 []


Underfull \vbox (badness 10000) has occurred while \output is active []

[72
Missing character: There is no ≈ (U+2248) in font [lmmono10-regular]:!
Missing character: There is no ≈ (U+2248) in font [lmmono10-regular]:!
]
Underfull \vbox (badness 10000) has occurred while \output is active []

[73]
Underfull \vbox (badness 10000) has occurred while \output is active []

[74]

Package tcolorbox Warning: The upper box part has become overfull on input line 4651.

[75] [76

]
chapter 6.

LaTeX Warning: Citation `ref-loken2017measurement' on page 77 undefined on input line 4666.


LaTeX Warning: Hyper reference `sec-percorsi-lettura' on page 77 undefined on input line 4690.


LaTeX Warning: Citation `ref-McElreath_rethinking' on page 77 undefined on input line 4721.


Underfull \vbox (badness 10000) has occurred while \output is active []

[77

]

LaTeX Warning: Citation `ref-loken2017measurement' on page 78 undefined on input line 4770.

LaTeX Font Info:    Font shape `TU/LibertinusSans(0)/b/it' will be
(Font)              scaled to size 14.4pt on input line 4799.

LaTeX Warning: Citation `ref-loken2017measurement' on page 78 undefined on input line 4803.

[78]

LaTeX Warning: Citation `ref-loken2017measurement' on page 79 undefined on input line 4828.

[79]
Missing character: There is no ≈ (U+2248) in font [lmmono10-regular]:!
Missing character: There is no α (U+03B1) in font [lmmono10-regular]:!
[80
Missing character: There is no ≈ (U+2248) in font [lmmono10-regular]:!
Missing character: There is no α (U+03B1) in font [lmmono10-regular]:!
] [81] [82]
<chapters/limits/03_s_m_errors_files/figure-pdf/fig-type-m-error-1.png, id=669, 505.89pt x 312.4473pt>
File: chapters/limits/03_s_m_errors_files/figure-pdf/fig-type-m-error-1.png Graphic file (type png)
<use chapters/limits/03_s_m_errors_files/figure-pdf/fig-type-m-error-1.png>
Package luatex.def Info: chapters/limits/03_s_m_errors_files/figure-pdf/fig-type-m-error-1.png  used on input line 5111.
(luatex.def)             Requested size: 374.87764pt x 231.53156pt.
[83<./chapters/limits/03_s_m_errors_files/figure-pdf/fig-type-m-error-1.png>]
<chapters/limits/03_s_m_errors_files/figure-pdf/fig-type-s-error-1.png, id=676, 505.89pt x 312.4473pt>
File: chapters/limits/03_s_m_errors_files/figure-pdf/fig-type-s-error-1.png Graphic file (type png)
<use chapters/limits/03_s_m_errors_files/figure-pdf/fig-type-s-error-1.png>
Package luatex.def Info: chapters/limits/03_s_m_errors_files/figure-pdf/fig-type-s-error-1.png  used on input line 5187.
(luatex.def)             Requested size: 374.87764pt x 231.53156pt.

Underfull \vbox (badness 2401) has occurred while \output is active []

[84]
Missing character: There is no ≈ (U+2248) in font [lmmono10-regular]:!
[85<./chapters/limits/03_s_m_errors_files/figure-pdf/fig-type-s-error-1.png>]
<chapters/limits/03_s_m_errors_files/figure-pdf/fig-all-studies-1.png, id=687, 505.89pt x 312.4473pt>
File: chapters/limits/03_s_m_errors_files/figure-pdf/fig-all-studies-1.png Graphic file (type png)
<use chapters/limits/03_s_m_errors_files/figure-pdf/fig-all-studies-1.png>
Package luatex.def Info: chapters/limits/03_s_m_errors_files/figure-pdf/fig-all-studies-1.png  used on input line 5251.
(luatex.def)             Requested size: 374.87764pt x 231.53156pt.

LaTeX Warning: Citation `ref-gelman2006difference' on page 86 undefined on input line 5281.


Underfull \vbox (badness 1661) has occurred while \output is active []

[86
Missing character: There is no ≈ (U+2248) in font [lmmono10-regular]:!
<./chapters/limits/03_s_m_errors_files/figure-pdf/fig-all-studies-1.png>] [87]
<chapters/limits/03_s_m_errors_files/figure-pdf/fig-freq-vs-bayes-1.png, id=700, 505.89pt x 312.4473pt>
File: chapters/limits/03_s_m_errors_files/figure-pdf/fig-freq-vs-bayes-1.png Graphic file (type png)
<use chapters/limits/03_s_m_errors_files/figure-pdf/fig-freq-vs-bayes-1.png>
Package luatex.def Info: chapters/limits/03_s_m_errors_files/figure-pdf/fig-freq-vs-bayes-1.png  used on input line 5393.
(luatex.def)             Requested size: 374.87764pt x 231.53156pt.

Underfull \vbox (badness 10000) has occurred while \output is active []

[88] [89<./chapters/limits/03_s_m_errors_files/figure-pdf/fig-freq-vs-bayes-1.png>]
Underfull \vbox (badness 10000) detected at line 5505
 []


Underfull \vbox (badness 10000) detected at line 5505
 []

[90]
<chapters/limits/03_s_m_errors_files/figure-pdf/unnamed-chunk-10-1.png, id=718, 505.89pt x 312.4473pt>
File: chapters/limits/03_s_m_errors_files/figure-pdf/unnamed-chunk-10-1.png Graphic file (type png)
<use chapters/limits/03_s_m_errors_files/figure-pdf/unnamed-chunk-10-1.png>
Package luatex.def Info: chapters/limits/03_s_m_errors_files/figure-pdf/unnamed-chunk-10-1.png  used on input line 5514.
(luatex.def)             Requested size: 374.87764pt x 231.53156pt.
<chapters/limits/03_s_m_errors_files/figure-pdf/unnamed-chunk-11-1.png, id=719, 505.89pt x 312.4473pt>
File: chapters/limits/03_s_m_errors_files/figure-pdf/unnamed-chunk-11-1.png Graphic file (type png)
<use chapters/limits/03_s_m_errors_files/figure-pdf/unnamed-chunk-11-1.png>
Package luatex.def Info: chapters/limits/03_s_m_errors_files/figure-pdf/unnamed-chunk-11-1.png  used on input line 5524.
(luatex.def)             Requested size: 374.87764pt x 231.53156pt.
[91<./chapters/limits/03_s_m_errors_files/figure-pdf/unnamed-chunk-10-1.png><./chapters/limits/03_s_m_errors_files/figure-pdf/unnamed-chunk-11-1.png>]
<chapters/limits/03_s_m_errors_files/figure-pdf/unnamed-chunk-12-1.png, id=726, 505.89pt x 312.4473pt>
File: chapters/limits/03_s_m_errors_files/figure-pdf/unnamed-chunk-12-1.png Graphic file (type png)
<use chapters/limits/03_s_m_errors_files/figure-pdf/unnamed-chunk-12-1.png>
Package luatex.def Info: chapters/limits/03_s_m_errors_files/figure-pdf/unnamed-chunk-12-1.png  used on input line 5534.
(luatex.def)             Requested size: 374.87764pt x 231.53156pt.
[92<./chapters/limits/03_s_m_errors_files/figure-pdf/unnamed-chunk-12-1.png>]

LaTeX Warning: Citation `ref-loken2017measurement' on page 93 undefined on input line 5618.

[93] [94]
Underfull \vbox (badness 10000) has occurred while \output is active []

[95]
Underfull \hbox (badness 1259) in paragraph at lines 5954--5956
[]\TU/LibertinusSerif(2)/m/n/10.95 Con-fron-ta-re que-sto ap-proc-cio con un’a-na-li-si Baye-sia-na per evi-den-zia-re il ruo-lo
 []


Underfull \vbox (badness 10000) has occurred while \output is active []

[96]
Underfull \vbox (badness 10000) has occurred while \output is active []

[97]

Package tcolorbox Warning: The upper box part has become overfull on input line 5964.

[98]
Underfull \vbox (badness 10000) has occurred while \output is active []

[99]
Underfull \vbox (badness 10000) has occurred while \output is active []

[100]

Package tcolorbox Warning: The upper box part has become overfull on input line 6027.

[101] [102

]
chapter 7.
LaTeX Font Info:    Font shape `TU/latinmodern-math.otf(1)/m/n' will be
(Font)              scaled to size 20.6438pt on input line 6034.
LaTeX Font Info:    Font shape `TU/latinmodern-math.otf(2)/m/n' will be
(Font)              scaled to size 20.6438pt on input line 6034.
LaTeX Font Info:    Font shape `TU/latinmodern-math.otf(3)/m/n' will be
(Font)              scaled to size 20.6438pt on input line 6034.

LaTeX Warning: Citation `ref-gelman2006difference' on page 103 undefined on input line 6046.


LaTeX Warning: Hyper reference `sec-percorsi-lettura' on page 103 undefined on input line 6085.


Underfull \hbox (badness 1168) in paragraph at lines 6100--6103
[]\TU/LibertinusSerif(2)/m/n/10.95 com-pren-de-re per-ché la dif-fe-ren-za tra ``si-gni-fi-ca-ti-vo'' e ``non si-gni-fi-ca-ti-vo'' non è
 []


Underfull \vbox (badness 10000) has occurred while \output is active []

[103

]
Missing character: There is no μ (U+03BC) in font [lmmono10-regular]:!
Missing character: There is no σ (U+03C3) in font [lmmono10-regular]:!
Missing character: There is no μ (U+03BC) in font [lmmono10-regular]:!
Missing character: There is no σ (U+03C3) in font [lmmono10-regular]:!
[104]
<chapters/limits/04_p_values_files/figure-pdf/fig-pvalue-variability-1.png, id=825, 505.89pt x 312.4473pt>
File: chapters/limits/04_p_values_files/figure-pdf/fig-pvalue-variability-1.png Graphic file (type png)
<use chapters/limits/04_p_values_files/figure-pdf/fig-pvalue-variability-1.png>
Package luatex.def Info: chapters/limits/04_p_values_files/figure-pdf/fig-pvalue-variability-1.png  used on input line 6246.
(luatex.def)             Requested size: 374.87764pt x 231.53156pt.
[105
Missing character: There is no μ (U+03BC) in font [lmmono10-regular]:!
Missing character: There is no σ (U+03C3) in font [lmmono10-regular]:!
]
Missing character: There is no ₀ (U+2080) in font [lmmono10-regular]:!
[106<./chapters/limits/04_p_values_files/figure-pdf/fig-pvalue-variability-1.png>]
<chapters/limits/04_p_values_files/figure-pdf/fig-pvalue-under-h0-1.png, id=838, 505.89pt x 312.4473pt>
File: chapters/limits/04_p_values_files/figure-pdf/fig-pvalue-under-h0-1.png Graphic file (type png)
<use chapters/limits/04_p_values_files/figure-pdf/fig-pvalue-under-h0-1.png>
Package luatex.def Info: chapters/limits/04_p_values_files/figure-pdf/fig-pvalue-under-h0-1.png  used on input line 6347.
(luatex.def)             Requested size: 374.87764pt x 231.53156pt.

Underfull \vbox (badness 10000) has occurred while \output is active []

[107
Missing character: There is no ₀ (U+2080) in font [lmmono10-regular]:!
] [108<./chapters/limits/04_p_values_files/figure-pdf/fig-pvalue-under-h0-1.png>]
<chapters/limits/04_p_values_files/figure-pdf/fig-pvalue-distributions-1.png, id=850, 505.89pt x 312.4473pt>
File: chapters/limits/04_p_values_files/figure-pdf/fig-pvalue-distributions-1.png Graphic file (type png)
<use chapters/limits/04_p_values_files/figure-pdf/fig-pvalue-distributions-1.png>
Package luatex.def Info: chapters/limits/04_p_values_files/figure-pdf/fig-pvalue-distributions-1.png  used on input line 6433.
(luatex.def)             Requested size: 374.87764pt x 231.53156pt.

Underfull \vbox (badness 10000) has occurred while \output is active []

[109] [110<./chapters/limits/04_p_values_files/figure-pdf/fig-pvalue-distributions-1.png>]

LaTeX Warning: Citation `ref-gelman2006difference' on page 111 undefined on input line 6533.

[111]
<chapters/limits/04_p_values_files/figure-pdf/fig-two-studies-1.png, id=871, 505.89pt x 312.4473pt>
File: chapters/limits/04_p_values_files/figure-pdf/fig-two-studies-1.png Graphic file (type png)
<use chapters/limits/04_p_values_files/figure-pdf/fig-two-studies-1.png>
Package luatex.def Info: chapters/limits/04_p_values_files/figure-pdf/fig-two-studies-1.png  used on input line 6620.
(luatex.def)             Requested size: 374.87764pt x 231.53156pt.

Underfull \vbox (badness 10000) has occurred while \output is active []

[112]

LaTeX Warning: Citation `ref-gelman2006difference' on page 113 undefined on input line 6641.

[113<./chapters/limits/04_p_values_files/figure-pdf/fig-two-studies-1.png>]
Missing character: There is no μ (U+03BC) in font [lmmono10-regular]:!
Missing character: There is no μ (U+03BC) in font [lmmono10-regular]:!
[114]
<chapters/limits/04_p_values_files/figure-pdf/fig-freq-stability-1.png, id=888, 505.89pt x 312.4473pt>
File: chapters/limits/04_p_values_files/figure-pdf/fig-freq-stability-1.png Graphic file (type png)
<use chapters/limits/04_p_values_files/figure-pdf/fig-freq-stability-1.png>
Package luatex.def Info: chapters/limits/04_p_values_files/figure-pdf/fig-freq-stability-1.png  used on input line 6785.
(luatex.def)             Requested size: 374.87764pt x 231.53156pt.
<chapters/limits/04_p_values_files/figure-pdf/fig-bayes-stability-1.png, id=889, 505.89pt x 312.4473pt>
File: chapters/limits/04_p_values_files/figure-pdf/fig-bayes-stability-1.png Graphic file (type png)
<use chapters/limits/04_p_values_files/figure-pdf/fig-bayes-stability-1.png>
Package luatex.def Info: chapters/limits/04_p_values_files/figure-pdf/fig-bayes-stability-1.png  used on input line 6799.
(luatex.def)             Requested size: 374.87764pt x 231.53156pt.
<chapters/limits/04_p_values_files/figure-pdf/fig-freq-vs-bayes-stability-1.png, id=890, 505.89pt x 312.4473pt>
File: chapters/limits/04_p_values_files/figure-pdf/fig-freq-vs-bayes-stability-1.png Graphic file (type png)
<use chapters/limits/04_p_values_files/figure-pdf/fig-freq-vs-bayes-stability-1.png>
Package luatex.def Info: chapters/limits/04_p_values_files/figure-pdf/fig-freq-vs-bayes-stability-1.png  used on input line 6813.
(luatex.def)             Requested size: 374.87764pt x 231.53156pt.
Missing character: There is no μ (U+03BC) in font [lmmono10-regular]:!
Missing character: There is no μ (U+03BC) in font [lmmono10-regular]:!
Missing character: There is no μ (U+03BC) in font [lmmono10-regular]:!
Missing character: There is no μ (U+03BC) in font [lmmono10-regular]:!
[115
Missing character: There is no μ (U+03BC) in font [lmmono10-regular]:!
Missing character: There is no μ (U+03BC) in font [lmmono10-regular]:!
Missing character: There is no μ (U+03BC) in font [lmmono10-regular]:!
Missing character: There is no μ (U+03BC) in font [lmmono10-regular]:!
] [116<./chapters/limits/04_p_values_files/figure-pdf/fig-freq-stability-1.png><./chapters/limits/04_p_values_files/figure-pdf/fig-bayes-stability-1.png>] [117<./chapters/limits/04_p_values_files/figure-pdf/fig-freq-vs-bayes-stability-1.png>]
Missing character: There is no α (U+03B1) in font [lmmono10-regular]:!
Missing character: There is no α (U+03B1) in font [lmmono10-regular]:!
[118
Missing character: There is no α (U+03B1) in font [lmmono10-regular]:!
]
<chapters/limits/04_p_values_files/figure-pdf/fig-sample-size-pvalue-1.png, id=916, 505.89pt x 312.4473pt>
File: chapters/limits/04_p_values_files/figure-pdf/fig-sample-size-pvalue-1.png Graphic file (type png)
<use chapters/limits/04_p_values_files/figure-pdf/fig-sample-size-pvalue-1.png>
Package luatex.def Info: chapters/limits/04_p_values_files/figure-pdf/fig-sample-size-pvalue-1.png  used on input line 6948.
(luatex.def)             Requested size: 374.87764pt x 231.53156pt.

Package longtable Warning: Column widths have changed
(longtable)                in table 7.1 on input line 6988.

[119
Missing character: There is no α (U+03B1) in font [lmmono10-regular]:!
<./chapters/limits/04_p_values_files/figure-pdf/fig-sample-size-pvalue-1.png>]

LaTeX Warning: Citation `ref-gelman2006difference' on page 120 undefined on input line 7055.

[120]

Package longtable Warning: Column widths have changed
(longtable)                in none 15 on input line 7133.

[121]
Missing character: There is no μ (U+03BC) in font [lmmono10-regular]:!
Missing character: There is no μ (U+03BC) in font [lmmono10-regular]:!

Underfull \vbox (badness 10000) has occurred while \output is active []

[122]
Underfull \vbox (badness 10000) has occurred while \output is active []

[123]

Package tcolorbox Warning: The upper box part has become overfull on input line 7215.

[124
Missing character: There is no μ (U+03BC) in font [lmmono10-regular]:!
Missing character: There is no μ (U+03BC) in font [lmmono10-regular]:!
]

Package longtable Warning: Column widths have changed
(longtable)                in table 7.2 on input line 7307.


Underfull \vbox (badness 10000) has occurred while \output is active []

[125

]
Underfull \vbox (badness 10000) has occurred while \output is active []

[126] [127]
Underfull \vbox (badness 10000) has occurred while \output is active []

[128]
Underfull \vbox (badness 10000) has occurred while \output is active []

[129]

Package tcolorbox Warning: The upper box part has become overfull on input line 7377.

[130] [131

]
chapter 8.

LaTeX Warning: Citation `ref-gelman2013garden' on page 132 undefined on input line 7413.


LaTeX Warning: Citation `ref-simmons2011false' on page 132 undefined on input line 7414.


LaTeX Warning: Citation `ref-wicherts2016degrees' on page 132 undefined on input line 7415.


LaTeX Warning: Citation `ref-gould2025same' on page 132 undefined on input line 7418.


LaTeX Warning: Citation `ref-gelman2013garden' on page 132 undefined on input line 7435.


LaTeX Warning: Citation `ref-simmons2011false' on page 132 undefined on input line 7436.


LaTeX Warning: Hyper reference `sec-percorsi-lettura' on page 132 undefined on input line 7472.

[132

]

LaTeX Warning: Citation `ref-silberzahn2018many' on page 133 undefined on input line 7510.


LaTeX Warning: Citation `ref-McElreath_rethinking' on page 133 undefined on input line 7561.

[133]

LaTeX Warning: Citation `ref-gould2025same' on page 134 undefined on input line 7594.

[134] [135] [136] [137] [138]
<chapters/limits/05_degrees_of_freedom_files/figure-pdf/fig-specification-curve-1.png, id=1020, 505.89pt x 312.4473pt>
File: chapters/limits/05_degrees_of_freedom_files/figure-pdf/fig-specification-curve-1.png Graphic file (type png)
<use chapters/limits/05_degrees_of_freedom_files/figure-pdf/fig-specification-curve-1.png>
Package luatex.def Info: chapters/limits/05_degrees_of_freedom_files/figure-pdf/fig-specification-curve-1.png  used on input line 7915.
(luatex.def)             Requested size: 374.87764pt x 231.53156pt.

Underfull \vbox (badness 10000) has occurred while \output is active []

[139]
<chapters/limits/05_degrees_of_freedom_files/figure-pdf/fig-estimate-distribution-1.png, id=1026, 505.89pt x 312.4473pt>
File: chapters/limits/05_degrees_of_freedom_files/figure-pdf/fig-estimate-distribution-1.png Graphic file (type png)
<use chapters/limits/05_degrees_of_freedom_files/figure-pdf/fig-estimate-distribution-1.png>
Package luatex.def Info: chapters/limits/05_degrees_of_freedom_files/figure-pdf/fig-estimate-distribution-1.png  used on input line 7954.
(luatex.def)             Requested size: 374.87764pt x 231.53156pt.

Underfull \vbox (badness 10000) has occurred while \output is active []

[140<./chapters/limits/05_degrees_of_freedom_files/figure-pdf/fig-specification-curve-1.png>] [141<./chapters/limits/05_degrees_of_freedom_files/figure-pdf/fig-estimate-distribution-1.png>]
<chapters/limits/05_degrees_of_freedom_files/figure-pdf/fig-choice-impact-1.png, id=1039, 505.89pt x 312.4473pt>
File: chapters/limits/05_degrees_of_freedom_files/figure-pdf/fig-choice-impact-1.png Graphic file (type png)
<use chapters/limits/05_degrees_of_freedom_files/figure-pdf/fig-choice-impact-1.png>
Package luatex.def Info: chapters/limits/05_degrees_of_freedom_files/figure-pdf/fig-choice-impact-1.png  used on input line 8010.
(luatex.def)             Requested size: 374.87764pt x 231.53156pt.
[142<./chapters/limits/05_degrees_of_freedom_files/figure-pdf/fig-choice-impact-1.png>]
Underfull \vbox (badness 2503) detected at line 8129
 []

[143]
<chapters/limits/05_degrees_of_freedom_files/figure-pdf/fig-many-analysts-1.png, id=1052, 505.89pt x 312.4473pt>
File: chapters/limits/05_degrees_of_freedom_files/figure-pdf/fig-many-analysts-1.png Graphic file (type png)
<use chapters/limits/05_degrees_of_freedom_files/figure-pdf/fig-many-analysts-1.png>
Package luatex.def Info: chapters/limits/05_degrees_of_freedom_files/figure-pdf/fig-many-analysts-1.png  used on input line 8135.
(luatex.def)             Requested size: 374.87764pt x 231.53156pt.

LaTeX Warning: Citation `ref-gould2025same' on page 144 undefined on input line 8160.

[144<./chapters/limits/05_degrees_of_freedom_files/figure-pdf/fig-many-analysts-1.png>]

LaTeX Warning: Citation `ref-gould2025same' on page 145 undefined on input line 8189.


LaTeX Warning: Citation `ref-gould2025same' on page 145 undefined on input line 8205.

[145]

LaTeX Warning: Citation `ref-gould2025same' on page 146 undefined on input line 8247.

[146]
Underfull \hbox (badness 10000) in paragraph at lines 8387--8389

 []


Underfull \vbox (badness 10000) has occurred while \output is active []

[147]
Underfull \vbox (badness 10000) has occurred while \output is active []

[148]
Underfull \vbox (badness 10000) has occurred while \output is active []

[149]
Underfull \vbox (badness 10000) has occurred while \output is active []

[150]
Underfull \vbox (badness 10000) has occurred while \output is active []

[151]

Package tcolorbox Warning: The upper box part has become overfull on input line 8619.

[152] [153

]
part III.
Package scrkbase Info: You've told me to use the font selection of the element
(scrkbase)             `partprefix' that is an alias of element `partnumber'
(scrkbase)              on input line 8625.
[154

]
Missing character: There is no 📍 (U+1F4CD) in font "name:Libertinus Sans/B:mode=node;script=latn;language=dflt;+tlig;"!
Missing character: There is no 📍 (U+1F4CD) in font "name:Libertinus Sans/B:mode=node;script=latn;language=dflt;+tlig;"!
Missing character: There is no 🎯 (U+1F3AF) in font "name:Libertinus Serif:mode=node;script=latn;language=ITA;+tlig;family=rm;"!
Missing character: There is no 🎯 (U+1F3AF) in font "name:Libertinus Serif:mode=node;script=latn;language=ITA;+tlig;family=rm;"!
Missing character: There is no 📖 (U+1F4D6) in font "name:Libertinus Serif:mode=node;script=latn;language=ITA;+tlig;family=rm;"!
Missing character: There is no 📖 (U+1F4D6) in font "name:Libertinus Serif:mode=node;script=latn;language=ITA;+tlig;family=rm;"!
Missing character: There is no 💡 (U+1F4A1) in font "name:Libertinus Serif:mode=node;script=latn;language=ITA;+tlig;family=rm;"!
Missing character: There is no 💡 (U+1F4A1) in font "name:Libertinus Serif:mode=node;script=latn;language=ITA;+tlig;family=rm;"!
Missing character: There is no 💡 (U+1F4A1) in font "name:Libertinus Serif:mode=node;script=latn;language=ITA;+tlig;family=rm;"!
[155

Missing character: There is no 📍 (U+1F4CD) in font "name:Libertinus Sans/B:mode=node;script=latn;language=dflt;+tlig;"!
Missing character: There is no 🎯 (U+1F3AF) in font "name:Libertinus Serif:mode=node;script=latn;language=ITA;+tlig;family=rm;"!
Missing character: There is no 📖 (U+1F4D6) in font "name:Libertinus Serif:mode=node;script=latn;language=ITA;+tlig;family=rm;"!
Missing character: There is no 💡 (U+1F4A1) in font "name:Libertinus Serif:mode=node;script=latn;language=ITA;+tlig;family=rm;"!
]
chapter 9.

LaTeX Warning: Hyper reference `sec-percorsi-lettura' on page 156 undefined on input line 8776.


LaTeX Warning: Citation `ref-nosek2018' on page 156 undefined on input line 8794.


LaTeX Warning: Citation `ref-osc2015' on page 156 undefined on input line 8794.


LaTeX Warning: Citation `ref-gelman2014' on page 156 undefined on input line 8799.

[156

]

LaTeX Warning: Citation `ref-vasishth2018' on page 157 undefined on input line 8806.


LaTeX Warning: Citation `ref-wagenmakers2016' on page 157 undefined on input line 8814.


LaTeX Warning: Citation `ref-gelman2013bayesian' on page 157 undefined on input line 8827.


LaTeX Warning: Citation `ref-McElreath_rethinking' on page 157 undefined on input line 8828.


LaTeX Warning: Citation `ref-gelman2014' on page 157 undefined on input line 8842.


LaTeX Warning: Citation `ref-McElreath_rethinking' on page 157 undefined on input line 8843.


LaTeX Warning: Citation `ref-gelman2017priors' on page 157 undefined on input line 8853.

[157]

LaTeX Warning: Citation `ref-ramsey1926' on page 158 undefined on input line 8890.


LaTeX Warning: Citation `ref-ramsey1926' on page 158 undefined on input line 8924.

[158]

LaTeX Warning: Citation `ref-lewis1980' on page 159 undefined on input line 8947.

[159]

LaTeX Warning: Citation `ref-domini20033' on page 160 undefined on input line 9060.

[160] [161]
chapter 10.

Underfull \hbox (badness 2057) in paragraph at lines 9171--9175
\TU/LibertinusSerif(2)/m/n/10.95 il con-fron-to si-ste-ma-ti-co tra so-lu-zio-ne di-scre-ta e con-ti-nua e l’e-ser-ci-zio com-ple-to sul
 []


LaTeX Warning: Hyper reference `sec-percorsi-lettura' on page 162 undefined on input line 9176.


Underfull \vbox (badness 10000) has occurred while \output is active []

[162

]

LaTeX Warning: Citation `ref-foot1967' on page 163 undefined on input line 9199.


LaTeX Warning: Citation `ref-thomson1976' on page 163 undefined on input line 9199.

[163]
Missing character: There is no θ (U+03B8) in font [lmmono10-regular]:!
[164]
<chapters/bayesian_inference/01_grid_approx_files/figure-pdf/unnamed-chunk-4-1.png, id=1183, 505.89pt x 312.4473pt>
File: chapters/bayesian_inference/01_grid_approx_files/figure-pdf/unnamed-chunk-4-1.png Graphic file (type png)
<use chapters/bayesian_inference/01_grid_approx_files/figure-pdf/unnamed-chunk-4-1.png>
Package luatex.def Info: chapters/bayesian_inference/01_grid_approx_files/figure-pdf/unnamed-chunk-4-1.png  used on input line 9345.
(luatex.def)             Requested size: 374.87764pt x 231.53156pt.
[165
Missing character: There is no θ (U+03B8) in font [lmmono10-regular]:!
<./chapters/bayesian_inference/01_grid_approx_files/figure-pdf/unnamed-chunk-4-1.png>]
<chapters/bayesian_inference/01_grid_approx_files/figure-pdf/unnamed-chunk-6-1.png, id=1190, 505.89pt x 312.4473pt>
File: chapters/bayesian_inference/01_grid_approx_files/figure-pdf/unnamed-chunk-6-1.png Graphic file (type png)
<use chapters/bayesian_inference/01_grid_approx_files/figure-pdf/unnamed-chunk-6-1.png>
Package luatex.def Info: chapters/bayesian_inference/01_grid_approx_files/figure-pdf/unnamed-chunk-6-1.png  used on input line 9424.
(luatex.def)             Requested size: 374.87764pt x 231.53156pt.

Underfull \vbox (badness 1960) has occurred while \output is active []

[166] [167<./chapters/bayesian_inference/01_grid_approx_files/figure-pdf/unnamed-chunk-6-1.png>]
<chapters/bayesian_inference/01_grid_approx_files/figure-pdf/unnamed-chunk-9-1.png, id=1201, 505.89pt x 312.4473pt>
File: chapters/bayesian_inference/01_grid_approx_files/figure-pdf/unnamed-chunk-9-1.png Graphic file (type png)
<use chapters/bayesian_inference/01_grid_approx_files/figure-pdf/unnamed-chunk-9-1.png>
Package luatex.def Info: chapters/bayesian_inference/01_grid_approx_files/figure-pdf/unnamed-chunk-9-1.png  used on input line 9509.
(luatex.def)             Requested size: 374.87764pt x 231.53156pt.
[168<./chapters/bayesian_inference/01_grid_approx_files/figure-pdf/unnamed-chunk-9-1.png>] [169]
<chapters/bayesian_inference/01_grid_approx_files/figure-pdf/unnamed-chunk-11-1.png, id=1214, 505.89pt x 312.4473pt>
File: chapters/bayesian_inference/01_grid_approx_files/figure-pdf/unnamed-chunk-11-1.png Graphic file (type png)
<use chapters/bayesian_inference/01_grid_approx_files/figure-pdf/unnamed-chunk-11-1.png>
Package luatex.def Info: chapters/bayesian_inference/01_grid_approx_files/figure-pdf/unnamed-chunk-11-1.png  used on input line 9617.
(luatex.def)             Requested size: 374.87764pt x 231.53156pt.
[170<./chapters/bayesian_inference/01_grid_approx_files/figure-pdf/unnamed-chunk-11-1.png>]
Missing character: There is no α (U+03B1) in font [lmmono10-regular]:!
Missing character: There is no β (U+03B2) in font [lmmono10-regular]:!
Missing character: There is no α (U+03B1) in font [lmmono10-regular]:!
Missing character: There is no α (U+03B1) in font [lmmono10-regular]:!
Missing character: There is no β (U+03B2) in font [lmmono10-regular]:!
Missing character: There is no α (U+03B1) in font [lmmono10-regular]:!
Missing character: There is no β (U+03B2) in font [lmmono10-regular]:!
Missing character: There is no α (U+03B1) in font [lmmono10-regular]:!
Missing character: There is no β (U+03B2) in font [lmmono10-regular]:!
Missing character: There is no α (U+03B1) in font [lmmono10-regular]:!
Missing character: There is no β (U+03B2) in font [lmmono10-regular]:!
Missing character: There is no α (U+03B1) in font [lmmono10-regular]:!
Missing character: There is no β (U+03B2) in font [lmmono10-regular]:!
[171
Missing character: There is no α (U+03B1) in font [lmmono10-regular]:!
Missing character: There is no β (U+03B2) in font [lmmono10-regular]:!
Missing character: There is no α (U+03B1) in font [lmmono10-regular]:!
Missing character: There is no α (U+03B1) in font [lmmono10-regular]:!
Missing character: There is no β (U+03B2) in font [lmmono10-regular]:!
Missing character: There is no α (U+03B1) in font [lmmono10-regular]:!
Missing character: There is no β (U+03B2) in font [lmmono10-regular]:!
Missing character: There is no α (U+03B1) in font [lmmono10-regular]:!
Missing character: There is no β (U+03B2) in font [lmmono10-regular]:!
Missing character: There is no α (U+03B1) in font [lmmono10-regular]:!
Missing character: There is no β (U+03B2) in font [lmmono10-regular]:!
Missing character: There is no α (U+03B1) in font [lmmono10-regular]:!
Missing character: There is no β (U+03B2) in font [lmmono10-regular]:!
] [172]
<chapters/bayesian_inference/01_grid_approx_files/figure-pdf/unnamed-chunk-14-1.png, id=1232, 505.89pt x 312.4473pt>
File: chapters/bayesian_inference/01_grid_approx_files/figure-pdf/unnamed-chunk-14-1.png Graphic file (type png)
<use chapters/bayesian_inference/01_grid_approx_files/figure-pdf/unnamed-chunk-14-1.png>
Package luatex.def Info: chapters/bayesian_inference/01_grid_approx_files/figure-pdf/unnamed-chunk-14-1.png  used on input line 9786.
(luatex.def)             Requested size: 374.87764pt x 231.53156pt.

Underfull \vbox (badness 10000) has occurred while \output is active []

[173] [174<./chapters/bayesian_inference/01_grid_approx_files/figure-pdf/unnamed-chunk-14-1.png>]
Missing character: There is no θ (U+03B8) in font [lmmono10-regular]:!
Missing character: There is no θ (U+03B8) in font [lmmono10-regular]:!
Missing character: There is no ≤ (U+2264) in font [lmmono10-regular]:!
[175
Missing character: There is no θ (U+03B8) in font [lmmono10-regular]:!
Missing character: There is no θ (U+03B8) in font [lmmono10-regular]:!
Missing character: There is no ≤ (U+2264) in font [lmmono10-regular]:!
] [176] [177]
Underfull \vbox (badness 10000) detected at line 10078
 []


Underfull \vbox (badness 10000) detected at line 10078
 []

[178]
<chapters/bayesian_inference/01_grid_approx_files/figure-pdf/unnamed-chunk-20-1.png, id=1264, 578.16pt x 357.2547pt>
File: chapters/bayesian_inference/01_grid_approx_files/figure-pdf/unnamed-chunk-20-1.png Graphic file (type png)
<use chapters/bayesian_inference/01_grid_approx_files/figure-pdf/unnamed-chunk-20-1.png>
Package luatex.def Info: chapters/bayesian_inference/01_grid_approx_files/figure-pdf/unnamed-chunk-20-1.png  used on input line 10081.
(luatex.def)             Requested size: 374.86441pt x 231.63496pt.
[179<./chapters/bayesian_inference/01_grid_approx_files/figure-pdf/unnamed-chunk-20-1.png>]

LaTeX Warning: Citation `ref-Goligher2024' on page 180 undefined on input line 10169.

[180]
chapter 11.

LaTeX Warning: Hyper reference `sec-percorsi-lettura' on page 181 undefined on input line 10211.

[181

] [182]

LaTeX Warning: Citation `ref-milgram1963behavioral' on page 183 undefined on input line 10411.

[183] [184]
<chapters/bayesian_inference/02_conjugate_families_files/figure-pdf/unnamed-chunk-7-1.png, id=1305, 650.43pt x 401.8212pt>
File: chapters/bayesian_inference/02_conjugate_families_files/figure-pdf/unnamed-chunk-7-1.png Graphic file (type png)
<use chapters/bayesian_inference/02_conjugate_families_files/figure-pdf/unnamed-chunk-7-1.png>
Package luatex.def Info: chapters/bayesian_inference/02_conjugate_families_files/figure-pdf/unnamed-chunk-7-1.png  used on input line 10542.
(luatex.def)             Requested size: 374.87764pt x 231.59106pt.
[185] [186<./chapters/bayesian_inference/02_conjugate_families_files/figure-pdf/unnamed-chunk-7-1.png>]
<chapters/bayesian_inference/02_conjugate_families_files/figure-pdf/unnamed-chunk-11-1.png, id=1319, 650.43pt x 401.8212pt>
File: chapters/bayesian_inference/02_conjugate_families_files/figure-pdf/unnamed-chunk-11-1.png Graphic file (type png)
<use chapters/bayesian_inference/02_conjugate_families_files/figure-pdf/unnamed-chunk-11-1.png>
Package luatex.def Info: chapters/bayesian_inference/02_conjugate_families_files/figure-pdf/unnamed-chunk-11-1.png  used on input line 10672.
(luatex.def)             Requested size: 374.87764pt x 231.59106pt.
[187] [188<./chapters/bayesian_inference/02_conjugate_families_files/figure-pdf/unnamed-chunk-11-1.png>]
<chapters/bayesian_inference/02_conjugate_families_files/figure-pdf/unnamed-chunk-14-1.png, id=1331, 650.43pt x 401.8212pt>
File: chapters/bayesian_inference/02_conjugate_families_files/figure-pdf/unnamed-chunk-14-1.png Graphic file (type png)
<use chapters/bayesian_inference/02_conjugate_families_files/figure-pdf/unnamed-chunk-14-1.png>
Package luatex.def Info: chapters/bayesian_inference/02_conjugate_families_files/figure-pdf/unnamed-chunk-14-1.png  used on input line 10769.
(luatex.def)             Requested size: 374.87764pt x 231.59106pt.

Underfull \vbox (badness 10000) has occurred while \output is active []

[189] [190<./chapters/bayesian_inference/02_conjugate_families_files/figure-pdf/unnamed-chunk-14-1.png>]
Underfull \vbox (badness 10000) has occurred while \output is active []

[191]
Underfull \vbox (badness 10000) has occurred while \output is active []

[192] [193]
chapter 12.

LaTeX Warning: Hyper reference `sec-percorsi-lettura' on page 194 undefined on input line 11067.

[194

]
LaTeX Font Info:    Font shape `TU/LibertinusSerif(1)/m/n' will be
(Font)              scaled to size 10.95pt on input line 11135.
LaTeX Font Info:    Font shape `TU/LibertinusSerif(1)/m/n' will be
(Font)              scaled to size 7.665pt on input line 11135.
LaTeX Font Info:    Font shape `TU/LibertinusSerif(1)/m/n' will be
(Font)              scaled to size 5.475pt on input line 11135.
[195] [196] [197]
Underfull \hbox (badness 10000) in paragraph at lines 11330--11334

 []


Underfull \hbox (badness 10000) in paragraph at lines 11334--11340

 []


Underfull \hbox (badness 10000) in paragraph at lines 11353--11358

 []

[198]
Underfull \hbox (badness 10000) in paragraph at lines 11358--11362

 []


Underfull \hbox (badness 10000) in paragraph at lines 11375--11379

 []


Underfull \hbox (badness 10000) in paragraph at lines 11379--11383

 []


LaTeX Warning: Citation `ref-zetsche_2019future' on page 199 undefined on input line 11423.

[199]
<chapters/bayesian_inference/03_summary_posterior_files/figure-pdf/unnamed-chunk-4-1.png, id=1400, 505.89pt x 312.4473pt>
File: chapters/bayesian_inference/03_summary_posterior_files/figure-pdf/unnamed-chunk-4-1.png Graphic file (type png)
<use chapters/bayesian_inference/03_summary_posterior_files/figure-pdf/unnamed-chunk-4-1.png>
Package luatex.def Info: chapters/bayesian_inference/03_summary_posterior_files/figure-pdf/unnamed-chunk-4-1.png  used on input line 11491.
(luatex.def)             Requested size: 374.87764pt x 231.53156pt.
[200] [201<./chapters/bayesian_inference/03_summary_posterior_files/figure-pdf/unnamed-chunk-4-1.png>] [202] [203]
Underfull \hbox (badness 10000) in paragraph at lines 11839--11842

 []


Underfull \hbox (badness 10000) in paragraph at lines 11842--11845

 []


Underfull \hbox (badness 10000) in paragraph at lines 11854--11855

 []


Underfull \hbox (badness 10000) in paragraph at lines 11859--11862

 []


Underfull \hbox (badness 10000) in paragraph at lines 11871--11873

 []

Missing character: There is no 💡 (U+1F4A1) in font "name:Libertinus Serif:mode=node;script=latn;language=ITA;+tlig;family=rm;"!
Missing character: There is no 💡 (U+1F4A1) in font "name:Libertinus Serif:mode=node;script=latn;language=ITA;+tlig;family=rm;"!
Missing character: There is no 💡 (U+1F4A1) in font "name:Libertinus Serif:mode=node;script=latn;language=ITA;+tlig;family=rm;"!
Missing character: There is no 💡 (U+1F4A1) in font "name:Libertinus Serif:mode=node;script=latn;language=ITA;+tlig;family=rm;"!
Missing character: There is no 💡 (U+1F4A1) in font "name:Libertinus Serif:mode=node;script=latn;language=ITA;+tlig;family=rm;"!

Underfull \hbox (badness 10000) in paragraph at lines 11927--11931

 []

Missing character: There is no 💡 (U+1F4A1) in font "name:Libertinus Serif:mode=node;script=latn;language=ITA;+tlig;family=rm;"!
Missing character: There is no 💡 (U+1F4A1) in font "name:Libertinus Serif:mode=node;script=latn;language=ITA;+tlig;family=rm;"!

Underfull \hbox (badness 10000) in paragraph at lines 11978--11981

 []

Missing character: There is no 💡 (U+1F4A1) in font "name:Libertinus Serif:mode=node;script=latn;language=ITA;+tlig;family=rm;"!
Missing character: There is no 💡 (U+1F4A1) in font "name:Libertinus Serif:mode=node;script=latn;language=ITA;+tlig;family=rm;"!
Missing character: There is no 💡 (U+1F4A1) in font "name:Libertinus Serif:mode=node;script=latn;language=ITA;+tlig;family=rm;"!
Missing character: There is no 💡 (U+1F4A1) in font "name:Libertinus Serif:mode=node;script=latn;language=ITA;+tlig;family=rm;"!
[204]
Underfull \vbox (badness 10000) has occurred while \output is active []

[205
Missing character: There is no 💡 (U+1F4A1) in font "name:Libertinus Serif:mode=node;script=latn;language=ITA;+tlig;family=rm;"!
] [206] [207
Missing character: There is no 💡 (U+1F4A1) in font "name:Libertinus Serif:mode=node;script=latn;language=ITA;+tlig;family=rm;"!
] [208] [209
Missing character: There is no 💡 (U+1F4A1) in font "name:Libertinus Serif:mode=node;script=latn;language=ITA;+tlig;family=rm;"!
Missing character: There is no 💡 (U+1F4A1) in font "name:Libertinus Serif:mode=node;script=latn;language=ITA;+tlig;family=rm;"!
] [210
Missing character: There is no 💡 (U+1F4A1) in font "name:Libertinus Serif:mode=node;script=latn;language=ITA;+tlig;family=rm;"!
]
Underfull \vbox (badness 10000) has occurred while \output is active []

[211]
Underfull \vbox (badness 10000) has occurred while \output is active []

[212]

Package tcolorbox Warning: The upper box part has become overfull on input line 12309.

[213] [214

]
chapter 13.
LaTeX Font Info:    Font shape `TU/LibertinusSerif(2)/m/n' will be
(Font)              scaled to size 9.0pt on input line 12349.
LaTeX Font Info:    Font shape `TU/latinmodern-math.otf(1)/m/n' will be
(Font)              scaled to size 8.95825pt on input line 12349.
LaTeX Font Info:    Font shape `TU/latinmodern-math.otf(1)/m/n' will be
(Font)              scaled to size 4.9768pt on input line 12349.
LaTeX Font Info:    Font shape `TU/LibertinusSerif(1)/m/n' will be
(Font)              scaled to size 9.0pt on input line 12349.
LaTeX Font Info:    Font shape `TU/LibertinusSerif(1)/m/n' will be
(Font)              scaled to size 6.0pt on input line 12349.
LaTeX Font Info:    Font shape `TU/LibertinusSerif(1)/m/n' will be
(Font)              scaled to size 5.0pt on input line 12349.
LaTeX Font Info:    Font shape `TU/latinmodern-math.otf(2)/m/n' will be
(Font)              scaled to size 8.95825pt on input line 12349.
LaTeX Font Info:    Font shape `TU/latinmodern-math.otf(2)/m/n' will be
(Font)              scaled to size 4.9768pt on input line 12349.
LaTeX Font Info:    Font shape `TU/latinmodern-math.otf(3)/m/n' will be
(Font)              scaled to size 8.95825pt on input line 12349.
LaTeX Font Info:    Font shape `TU/latinmodern-math.otf(3)/m/n' will be
(Font)              scaled to size 4.9768pt on input line 12349.
LaTeX Font Info:    Font shape `TU/LibertinusSerif(2)/m/n' will be
(Font)              scaled to size 6.0pt on input line 12349.
LaTeX Font Info:    Font shape `TU/LibertinusSerif(2)/m/it' will be
(Font)              scaled to size 9.0pt on input line 12349.
LaTeX Font Info:    Font shape `TU/LibertinusSerif(2)/b/n' will be
(Font)              scaled to size 9.0pt on input line 12349.

LaTeX Warning: Citation `ref-gelman2014beyond' on page 215 undefined on input line 12349.


LaTeX Warning: Citation `ref-ioannidis2005contradicted' on page 215 undefined on input line 12349.


LaTeX Warning: Hyper reference `sec-percorsi-lettura' on page 215 undefined on input line 12374.


Overfull \hbox (67.20003pt too wide) in paragraph at lines 12394--12394
[]    \TU/lmtt/m/n/10.95 /var/folders/gw/hc72by314msbfbhm58gh0fgc0000gn/T//RtmpPBZapT/downloaded_packages[] 
 []

[215

] [216]
<chapters/bayesian_inference/04_balance_prior_post_files/figure-pdf/unnamed-chunk-3-1.png, id=1497, 505.89pt x 312.4473pt>
File: chapters/bayesian_inference/04_balance_prior_post_files/figure-pdf/unnamed-chunk-3-1.png Graphic file (type png)
<use chapters/bayesian_inference/04_balance_prior_post_files/figure-pdf/unnamed-chunk-3-1.png>
Package luatex.def Info: chapters/bayesian_inference/04_balance_prior_post_files/figure-pdf/unnamed-chunk-3-1.png  used on input line 12492.
(luatex.def)             Requested size: 374.87764pt x 231.53156pt.
[217<./chapters/bayesian_inference/04_balance_prior_post_files/figure-pdf/unnamed-chunk-3-1.png>]
<chapters/bayesian_inference/04_balance_prior_post_files/figure-pdf/unnamed-chunk-4-1.png, id=1506, 505.89pt x 312.4473pt>
File: chapters/bayesian_inference/04_balance_prior_post_files/figure-pdf/unnamed-chunk-4-1.png Graphic file (type png)
<use chapters/bayesian_inference/04_balance_prior_post_files/figure-pdf/unnamed-chunk-4-1.png>
Package luatex.def Info: chapters/bayesian_inference/04_balance_prior_post_files/figure-pdf/unnamed-chunk-4-1.png  used on input line 12510.
(luatex.def)             Requested size: 374.87764pt x 231.53156pt.
<chapters/bayesian_inference/04_balance_prior_post_files/figure-pdf/unnamed-chunk-5-1.png, id=1507, 505.89pt x 312.4473pt>
File: chapters/bayesian_inference/04_balance_prior_post_files/figure-pdf/unnamed-chunk-5-1.png Graphic file (type png)
<use chapters/bayesian_inference/04_balance_prior_post_files/figure-pdf/unnamed-chunk-5-1.png>
Package luatex.def Info: chapters/bayesian_inference/04_balance_prior_post_files/figure-pdf/unnamed-chunk-5-1.png  used on input line 12529.
(luatex.def)             Requested size: 374.87764pt x 231.53156pt.
[218<./chapters/bayesian_inference/04_balance_prior_post_files/figure-pdf/unnamed-chunk-4-1.png><./chapters/bayesian_inference/04_balance_prior_post_files/figure-pdf/unnamed-chunk-5-1.png>] [219]
<chapters/bayesian_inference/04_balance_prior_post_files/figure-pdf/unnamed-chunk-6-1.png, id=1523, 505.89pt x 312.4473pt>
File: chapters/bayesian_inference/04_balance_prior_post_files/figure-pdf/unnamed-chunk-6-1.png Graphic file (type png)
<use chapters/bayesian_inference/04_balance_prior_post_files/figure-pdf/unnamed-chunk-6-1.png>
Package luatex.def Info: chapters/bayesian_inference/04_balance_prior_post_files/figure-pdf/unnamed-chunk-6-1.png  used on input line 12635.
(luatex.def)             Requested size: 374.87764pt x 231.53156pt.
[220<./chapters/bayesian_inference/04_balance_prior_post_files/figure-pdf/unnamed-chunk-6-1.png>]
Missing character: There is no β (U+03B2) in font [lmmono10-regular]:!
Missing character: There is no β (U+03B2) in font [lmmono10-regular]:!
Missing character: There is no β (U+03B2) in font [lmmono10-regular]:!
Missing character: There is no β (U+03B2) in font [lmmono10-regular]:!
Missing character: There is no β (U+03B2) in font [lmmono10-regular]:!
Missing character: There is no β (U+03B2) in font [lmmono10-regular]:!
[221] [222
Missing character: There is no β (U+03B2) in font [lmmono10-regular]:!
Missing character: There is no β (U+03B2) in font [lmmono10-regular]:!
Missing character: There is no β (U+03B2) in font [lmmono10-regular]:!
Missing character: There is no β (U+03B2) in font [lmmono10-regular]:!
Missing character: There is no β (U+03B2) in font [lmmono10-regular]:!
Missing character: There is no β (U+03B2) in font [lmmono10-regular]:!
]
Missing character: There is no β (U+03B2) in font [lmmono10-regular]:!
[223]
<chapters/bayesian_inference/04_balance_prior_post_files/figure-pdf/unnamed-chunk-8-1.png, id=1553, 505.89pt x 312.4473pt>
File: chapters/bayesian_inference/04_balance_prior_post_files/figure-pdf/unnamed-chunk-8-1.png Graphic file (type png)
<use chapters/bayesian_inference/04_balance_prior_post_files/figure-pdf/unnamed-chunk-8-1.png>
Package luatex.def Info: chapters/bayesian_inference/04_balance_prior_post_files/figure-pdf/unnamed-chunk-8-1.png  used on input line 12880.
(luatex.def)             Requested size: 374.87764pt x 231.53156pt.

LaTeX Warning: Citation `ref-zwet2022proposal' on page 224 undefined on input line 12919.

[224
Missing character: There is no β (U+03B2) in font [lmmono10-regular]:!
<./chapters/bayesian_inference/04_balance_prior_post_files/figure-pdf/unnamed-chunk-8-1.png>] [225] [226] [227] [228] [229]
Underfull \vbox (badness 10000) has occurred while \output is active []

[230]
Underfull \vbox (badness 10000) has occurred while \output is active []

[231]

Package tcolorbox Warning: The upper box part has become overfull on input line 13348.

[232] [233

]
chapter 14.

LaTeX Warning: Citation `ref-gelman2020bayesianworkflow' on page 234 undefined on input line 13374.


LaTeX Warning: Hyper reference `implementazione-in-stan' on page 234 undefined on input line 13402.


LaTeX Warning: Hyper reference `sec-percorsi-lettura' on page 234 undefined on input line 13408.


Underfull \vbox (badness 10000) has occurred while \output is active []

[234

] [235]

LaTeX Warning: Reference `eq-prior-predictive-distribution' on page 236 undefined on input line 13522.

[236] [237] [238] [239]
<chapters/bayesian_inference/05_prior_pred_distr_files/figure-pdf/unnamed-chunk-2-1.png, id=1680, 505.89pt x 312.4473pt>
File: chapters/bayesian_inference/05_prior_pred_distr_files/figure-pdf/unnamed-chunk-2-1.png Graphic file (type png)
<use chapters/bayesian_inference/05_prior_pred_distr_files/figure-pdf/unnamed-chunk-2-1.png>
Package luatex.def Info: chapters/bayesian_inference/05_prior_pred_distr_files/figure-pdf/unnamed-chunk-2-1.png  used on input line 13886.
(luatex.def)             Requested size: 374.87764pt x 231.53156pt.
[240<./chapters/bayesian_inference/05_prior_pred_distr_files/figure-pdf/unnamed-chunk-2-1.png>]
<chapters/bayesian_inference/05_prior_pred_distr_files/figure-pdf/unnamed-chunk-3-1.png, id=1687, 505.89pt x 312.4473pt>
File: chapters/bayesian_inference/05_prior_pred_distr_files/figure-pdf/unnamed-chunk-3-1.png Graphic file (type png)
<use chapters/bayesian_inference/05_prior_pred_distr_files/figure-pdf/unnamed-chunk-3-1.png>
Package luatex.def Info: chapters/bayesian_inference/05_prior_pred_distr_files/figure-pdf/unnamed-chunk-3-1.png  used on input line 13971.
(luatex.def)             Requested size: 374.87764pt x 231.53156pt.

Underfull \vbox (badness 10000) has occurred while \output is active []

[241] [242<./chapters/bayesian_inference/05_prior_pred_distr_files/figure-pdf/unnamed-chunk-3-1.png>]
Missing character: There is no ✓ (U+2713) in font "name:Libertinus Serif:mode=node;script=latn;language=ITA;+tlig;family=rm;"!
Missing character: There is no ✓ (U+2713) in font "name:Libertinus Serif:mode=node;script=latn;language=ITA;+tlig;family=rm;"!
Missing character: There is no ✓ (U+2713) in font "name:Libertinus Serif:mode=node;script=latn;language=ITA;+tlig;family=rm;"!
Missing character: There is no ✓ (U+2713) in font "name:Libertinus Serif:mode=node;script=latn;language=ITA;+tlig;family=rm;"!
Missing character: There is no ✓ (U+2713) in font "name:Libertinus Serif:mode=node;script=latn;language=ITA;+tlig;family=rm;"!
Missing character: There is no ✓ (U+2713) in font "name:Libertinus Serif:mode=node;script=latn;language=ITA;+tlig;family=rm;"!
[243
Missing character: There is no ✓ (U+2713) in font "name:Libertinus Serif:mode=node;script=latn;language=ITA;+tlig;family=rm;"!
Missing character: There is no ✓ (U+2713) in font "name:Libertinus Serif:mode=node;script=latn;language=ITA;+tlig;family=rm;"!
Missing character: There is no ✓ (U+2713) in font "name:Libertinus Serif:mode=node;script=latn;language=ITA;+tlig;family=rm;"!
] [244]
<chapters/bayesian_inference/05_prior_pred_distr_files/figure-pdf/unnamed-chunk-8-1.png, id=1721, 505.89pt x 312.4473pt>
File: chapters/bayesian_inference/05_prior_pred_distr_files/figure-pdf/unnamed-chunk-8-1.png Graphic file (type png)
<use chapters/bayesian_inference/05_prior_pred_distr_files/figure-pdf/unnamed-chunk-8-1.png>
Package luatex.def Info: chapters/bayesian_inference/05_prior_pred_distr_files/figure-pdf/unnamed-chunk-8-1.png  used on input line 14231.
(luatex.def)             Requested size: 374.87764pt x 231.53156pt.
[245<./chapters/bayesian_inference/05_prior_pred_distr_files/figure-pdf/unnamed-chunk-8-1.png>]
<chapters/bayesian_inference/05_prior_pred_distr_files/figure-pdf/unnamed-chunk-9-1.png, id=1728, 505.89pt x 312.4473pt>
File: chapters/bayesian_inference/05_prior_pred_distr_files/figure-pdf/unnamed-chunk-9-1.png Graphic file (type png)
<use chapters/bayesian_inference/05_prior_pred_distr_files/figure-pdf/unnamed-chunk-9-1.png>
Package luatex.def Info: chapters/bayesian_inference/05_prior_pred_distr_files/figure-pdf/unnamed-chunk-9-1.png  used on input line 14257.
(luatex.def)             Requested size: 374.87764pt x 231.53156pt.
[246<./chapters/bayesian_inference/05_prior_pred_distr_files/figure-pdf/unnamed-chunk-9-1.png>]

LaTeX Warning: Reference `sec-apx-prior-predictive-check' on page 247 undefined on input line 14319.


Underfull \vbox (badness 10000) has occurred while \output is active []

[247]
Underfull \vbox (badness 10000) has occurred while \output is active []

[248]

Package tcolorbox Warning: The upper box part has become overfull on input line 14396.

[249] [250

]
chapter 15.

LaTeX Warning: Hyper reference `sec-percorsi-lettura' on page 251 undefined on input line 14482.

[251

]

LaTeX Warning: Reference `eq-post-pred-distr' on page 252 undefined on input line 14558.

[252]

LaTeX Warning: Reference `eq-post-pred-distr' on page 253 undefined on input line 14613.

[253] [254] [255] [256] [257] [258] [259]
<chapters/bayesian_inference/06_post_pred_distr_files/figure-pdf/unnamed-chunk-3-1.png, id=1814, 505.89pt x 312.4473pt>
File: chapters/bayesian_inference/06_post_pred_distr_files/figure-pdf/unnamed-chunk-3-1.png Graphic file (type png)
<use chapters/bayesian_inference/06_post_pred_distr_files/figure-pdf/unnamed-chunk-3-1.png>
Package luatex.def Info: chapters/bayesian_inference/06_post_pred_distr_files/figure-pdf/unnamed-chunk-3-1.png  used on input line 15166.
(luatex.def)             Requested size: 374.87764pt x 231.53156pt.
[260<./chapters/bayesian_inference/06_post_pred_distr_files/figure-pdf/unnamed-chunk-3-1.png>]
<chapters/bayesian_inference/06_post_pred_distr_files/figure-pdf/unnamed-chunk-4-1.png, id=1820, 505.89pt x 312.4473pt>
File: chapters/bayesian_inference/06_post_pred_distr_files/figure-pdf/unnamed-chunk-4-1.png Graphic file (type png)
<use chapters/bayesian_inference/06_post_pred_distr_files/figure-pdf/unnamed-chunk-4-1.png>
Package luatex.def Info: chapters/bayesian_inference/06_post_pred_distr_files/figure-pdf/unnamed-chunk-4-1.png  used on input line 15192.
(luatex.def)             Requested size: 374.87764pt x 231.53156pt.
[261<./chapters/bayesian_inference/06_post_pred_distr_files/figure-pdf/unnamed-chunk-4-1.png>]
<chapters/bayesian_inference/06_post_pred_distr_files/figure-pdf/unnamed-chunk-5-1.png, id=1826, 505.89pt x 312.4473pt>
File: chapters/bayesian_inference/06_post_pred_distr_files/figure-pdf/unnamed-chunk-5-1.png Graphic file (type png)
<use chapters/bayesian_inference/06_post_pred_distr_files/figure-pdf/unnamed-chunk-5-1.png>
Package luatex.def Info: chapters/bayesian_inference/06_post_pred_distr_files/figure-pdf/unnamed-chunk-5-1.png  used on input line 15234.
(luatex.def)             Requested size: 374.87764pt x 231.53156pt.
[262<./chapters/bayesian_inference/06_post_pred_distr_files/figure-pdf/unnamed-chunk-5-1.png>] [263] [264]
Underfull \hbox (badness 10000) in paragraph at lines 15480--15482

 []


Underfull \hbox (badness 10000) in paragraph at lines 15482--15485

 []


Underfull \hbox (badness 10000) in paragraph at lines 15494--15498

 []


Underfull \hbox (badness 10000) in paragraph at lines 15503--15505

 []


Underfull \hbox (badness 10000) in paragraph at lines 15505--15508

 []


Underfull \hbox (badness 10000) in paragraph at lines 15508--15514

 []


Underfull \hbox (badness 10000) in paragraph at lines 15576--15582

 []


Underfull \hbox (badness 10000) in paragraph at lines 15582--15587

 []


Underfull \hbox (badness 10000) in paragraph at lines 15587--15590

 []

[265] [266]
Underfull \hbox (badness 10000) in paragraph at lines 15619--15621

 []


Underfull \hbox (badness 10000) in paragraph at lines 15621--15624

 []


Underfull \hbox (badness 10000) in paragraph at lines 15663--15666

 []


Underfull \hbox (badness 10000) in paragraph at lines 15687--15690

 []


Underfull \vbox (badness 10000) has occurred while \output is active []

[267]
Underfull \vbox (badness 10000) has occurred while \output is active []

[268]
Underfull \vbox (badness 10000) has occurred while \output is active []

[269]

Package tcolorbox Warning: The upper box part has become overfull on input line 15766.

[270] [271

]
chapter 16.

LaTeX Warning: Hyper reference `sec-percorsi-lettura' on page 272 undefined on input line 15810.

[272

] [273]

LaTeX Warning: Citation `ref-Kelley1923' on page 274 undefined on input line 15957.

[274]
<chapters/bayesian_inference/07_singolo_paziente_files/figure-pdf/unnamed-chunk-5-1.png, id=1906, 505.89pt x 312.4473pt>
File: chapters/bayesian_inference/07_singolo_paziente_files/figure-pdf/unnamed-chunk-5-1.png Graphic file (type png)
<use chapters/bayesian_inference/07_singolo_paziente_files/figure-pdf/unnamed-chunk-5-1.png>
Package luatex.def Info: chapters/bayesian_inference/07_singolo_paziente_files/figure-pdf/unnamed-chunk-5-1.png  used on input line 16021.
(luatex.def)             Requested size: 374.87764pt x 231.53156pt.
[275<./chapters/bayesian_inference/07_singolo_paziente_files/figure-pdf/unnamed-chunk-5-1.png>] [276]

LaTeX Warning: Citation `ref-Kelley1923' on page 277 undefined on input line 16115.

<chapters/bayesian_inference/07_singolo_paziente_files/figure-pdf/unnamed-chunk-8-1.png, id=1920, 505.89pt x 312.4473pt>
File: chapters/bayesian_inference/07_singolo_paziente_files/figure-pdf/unnamed-chunk-8-1.png Graphic file (type png)
<use chapters/bayesian_inference/07_singolo_paziente_files/figure-pdf/unnamed-chunk-8-1.png>
Package luatex.def Info: chapters/bayesian_inference/07_singolo_paziente_files/figure-pdf/unnamed-chunk-8-1.png  used on input line 16171.
(luatex.def)             Requested size: 374.87764pt x 231.53156pt.
[277] [278<./chapters/bayesian_inference/07_singolo_paziente_files/figure-pdf/unnamed-chunk-8-1.png>]
<chapters/bayesian_inference/07_singolo_paziente_files/figure-pdf/unnamed-chunk-10-1.png, id=1935, 505.89pt x 312.4473pt>
File: chapters/bayesian_inference/07_singolo_paziente_files/figure-pdf/unnamed-chunk-10-1.png Graphic file (type png)
<use chapters/bayesian_inference/07_singolo_paziente_files/figure-pdf/unnamed-chunk-10-1.png>
Package luatex.def Info: chapters/bayesian_inference/07_singolo_paziente_files/figure-pdf/unnamed-chunk-10-1.png  used on input line 16243.
(luatex.def)             Requested size: 374.87764pt x 231.53156pt.
[279<./chapters/bayesian_inference/07_singolo_paziente_files/figure-pdf/unnamed-chunk-10-1.png>] [280]
<chapters/bayesian_inference/07_singolo_paziente_files/figure-pdf/unnamed-chunk-12-1.png, id=1949, 505.89pt x 312.4473pt>
File: chapters/bayesian_inference/07_singolo_paziente_files/figure-pdf/unnamed-chunk-12-1.png Graphic file (type png)
<use chapters/bayesian_inference/07_singolo_paziente_files/figure-pdf/unnamed-chunk-12-1.png>
Package luatex.def Info: chapters/bayesian_inference/07_singolo_paziente_files/figure-pdf/unnamed-chunk-12-1.png  used on input line 16353.
(luatex.def)             Requested size: 374.87764pt x 231.53156pt.
[281<./chapters/bayesian_inference/07_singolo_paziente_files/figure-pdf/unnamed-chunk-12-1.png>]

LaTeX Warning: Citation `ref-Kelley1923' on page 282 undefined on input line 16436.


Underfull \vbox (badness 5519) has occurred while \output is active []

[282]
Underfull \vbox (badness 10000) has occurred while \output is active []

[283]

Package tcolorbox Warning: The upper box part has become overfull on input line 16521.

[284] [285

] [286

]
part IV.
Package scrkbase Info: You've told me to use the font selection of the element
(scrkbase)             `partprefix' that is an alias of element `partnumber'
(scrkbase)              on input line 16582.
[287

]
Missing character: There is no 📍 (U+1F4CD) in font "name:Libertinus Sans/B:mode=node;script=latn;language=dflt;+tlig;"!
Missing character: There is no 📍 (U+1F4CD) in font "name:Libertinus Sans/B:mode=node;script=latn;language=dflt;+tlig;"!
Missing character: There is no 🎯 (U+1F3AF) in font "name:Libertinus Serif:mode=node;script=latn;language=ITA;+tlig;family=rm;"!
Missing character: There is no 🎯 (U+1F3AF) in font "name:Libertinus Serif:mode=node;script=latn;language=ITA;+tlig;family=rm;"!
Missing character: There is no 📖 (U+1F4D6) in font "name:Libertinus Serif:mode=node;script=latn;language=ITA;+tlig;family=rm;"!
Missing character: There is no 📖 (U+1F4D6) in font "name:Libertinus Serif:mode=node;script=latn;language=ITA;+tlig;family=rm;"!
Missing character: There is no ⚠ (U+26A0) in font "name:Libertinus Serif:mode=node;script=latn;language=ITA;+tlig;family=rm;"!
Missing character: There is no ⚠ (U+26A0) in font "name:Libertinus Serif:mode=node;script=latn;language=ITA;+tlig;family=rm;"!
Missing character: There is no ⚠ (U+26A0) in font "name:Libertinus Serif:mode=node;script=latn;language=ITA;+tlig;family=rm;"!
[288

Missing character: There is no 📍 (U+1F4CD) in font "name:Libertinus Sans/B:mode=node;script=latn;language=dflt;+tlig;"!
Missing character: There is no 🎯 (U+1F3AF) in font "name:Libertinus Serif:mode=node;script=latn;language=ITA;+tlig;family=rm;"!
Missing character: There is no 📖 (U+1F4D6) in font "name:Libertinus Serif:mode=node;script=latn;language=ITA;+tlig;family=rm;"!
Missing character: There is no ⚠ (U+26A0) in font "name:Libertinus Serif:mode=node;script=latn;language=ITA;+tlig;family=rm;"!
]
chapter 17.

LaTeX Warning: Reference `sec-calibrazione-proposta' on page 289 undefined on input line 16688.


LaTeX Warning: Reference `sec-catene-multiple' on page 289 undefined on input line 16689.


LaTeX Warning: Hyper reference `sec-percorsi-lettura' on page 289 undefined on input line 16691.

[289

] [290]

LaTeX Warning: Citation `ref-Johnson2022bayesrules' on page 291 undefined on input line 16861.

[291]
<chapters/mcmc/01_metropolis_files/figure-pdf/fig-prior-posterior-1.png, id=2021, 505.89pt x 312.4473pt>
File: chapters/mcmc/01_metropolis_files/figure-pdf/fig-prior-posterior-1.png Graphic file (type png)
<use chapters/mcmc/01_metropolis_files/figure-pdf/fig-prior-posterior-1.png>
Package luatex.def Info: chapters/mcmc/01_metropolis_files/figure-pdf/fig-prior-posterior-1.png  used on input line 16906.
(luatex.def)             Requested size: 374.87764pt x 231.53156pt.
[292<./chapters/mcmc/01_metropolis_files/figure-pdf/fig-prior-posterior-1.png>] [293]
<chapters/mcmc/01_metropolis_files/figure-pdf/fig-burnin-1.png, id=2033, 505.89pt x 312.4473pt>
File: chapters/mcmc/01_metropolis_files/figure-pdf/fig-burnin-1.png Graphic file (type png)
<use chapters/mcmc/01_metropolis_files/figure-pdf/fig-burnin-1.png>
Package luatex.def Info: chapters/mcmc/01_metropolis_files/figure-pdf/fig-burnin-1.png  used on input line 17039.
(luatex.def)             Requested size: 374.87764pt x 231.53156pt.
[294<./chapters/mcmc/01_metropolis_files/figure-pdf/fig-burnin-1.png>]
<chapters/mcmc/01_metropolis_files/figure-pdf/fig-calibrazione-1.png, id=2041, 505.89pt x 312.4473pt>
File: chapters/mcmc/01_metropolis_files/figure-pdf/fig-calibrazione-1.png Graphic file (type png)
<use chapters/mcmc/01_metropolis_files/figure-pdf/fig-calibrazione-1.png>
Package luatex.def Info: chapters/mcmc/01_metropolis_files/figure-pdf/fig-calibrazione-1.png  used on input line 17116.
(luatex.def)             Requested size: 374.87764pt x 231.53156pt.

Underfull \vbox (badness 2884) has occurred while \output is active []

[295]
<chapters/mcmc/01_metropolis_files/figure-pdf/fig-acf-1.png, id=2047, 505.89pt x 312.4473pt>
File: chapters/mcmc/01_metropolis_files/figure-pdf/fig-acf-1.png Graphic file (type png)
<use chapters/mcmc/01_metropolis_files/figure-pdf/fig-acf-1.png>
Package luatex.def Info: chapters/mcmc/01_metropolis_files/figure-pdf/fig-acf-1.png  used on input line 17171.
(luatex.def)             Requested size: 374.87764pt x 231.53156pt.
[296<./chapters/mcmc/01_metropolis_files/figure-pdf/fig-calibrazione-1.png>] [297<./chapters/mcmc/01_metropolis_files/figure-pdf/fig-acf-1.png>]
<chapters/mcmc/01_metropolis_files/figure-pdf/fig-catene-1.png, id=2062, 505.89pt x 312.4473pt>
File: chapters/mcmc/01_metropolis_files/figure-pdf/fig-catene-1.png Graphic file (type png)
<use chapters/mcmc/01_metropolis_files/figure-pdf/fig-catene-1.png>
Package luatex.def Info: chapters/mcmc/01_metropolis_files/figure-pdf/fig-catene-1.png  used on input line 17255.
(luatex.def)             Requested size: 374.87764pt x 231.53156pt.
[298<./chapters/mcmc/01_metropolis_files/figure-pdf/fig-catene-1.png>]
<chapters/mcmc/01_metropolis_files/figure-pdf/fig-validazione-1.png, id=2069, 505.89pt x 312.4473pt>
File: chapters/mcmc/01_metropolis_files/figure-pdf/fig-validazione-1.png Graphic file (type png)
<use chapters/mcmc/01_metropolis_files/figure-pdf/fig-validazione-1.png>
Package luatex.def Info: chapters/mcmc/01_metropolis_files/figure-pdf/fig-validazione-1.png  used on input line 17299.
(luatex.def)             Requested size: 374.87764pt x 231.53156pt.
[299<./chapters/mcmc/01_metropolis_files/figure-pdf/fig-validazione-1.png>]

LaTeX Warning: Citation `ref-geman_geman_1984' on page 300 undefined on input line 17367.


LaTeX Warning: Citation `ref-duane1987hybrid' on page 300 undefined on input line 17369.


LaTeX Warning: Citation `ref-hoffman2014no' on page 300 undefined on input line 17372.

[300]
Underfull \vbox (badness 10000) has occurred while \output is active []

[301]
Underfull \vbox (badness 10000) has occurred while \output is active []

[302]

Package tcolorbox Warning: The upper box part has become overfull on input line 17513.

[303] [304

]
chapter 18.

LaTeX Warning: Hyper reference `sec-percorsi-lettura' on page 305 undefined on input line 17557.

[305

] [306]
chapter 19.

LaTeX Warning: Hyper reference `sec-percorsi-lettura' on page 307 undefined on input line 17641.


LaTeX Warning: Citation `ref-nicenboim2025introduction' on page 307 undefined on input line 17700.

[307

] [308]

Package longtable Warning: Column widths have changed
(longtable)                in none 28 on input line 17796.

[309] [310]
chapter 20.

LaTeX Warning: Hyper reference `sec-percorsi-lettura' on page 311 undefined on input line 17977.


Underfull \hbox (badness 10000) in paragraph at lines 17990--17992

 []


Underfull \hbox (badness 10000) in paragraph at lines 17992--17995

 []

[311

]

LaTeX Warning: Citation `ref-hoffmann2022bayesian' on page 312 undefined on input line 18023.


Package longtable Warning: Column widths have changed
(longtable)                in none 29 on input line 18052.

[312] [313] [314]
<chapters/mcmc/04_stan_odds_ratio_stan_files/figure-pdf/unnamed-chunk-6-1.png, id=2175, 505.89pt x 312.4473pt>
File: chapters/mcmc/04_stan_odds_ratio_stan_files/figure-pdf/unnamed-chunk-6-1.png Graphic file (type png)
<use chapters/mcmc/04_stan_odds_ratio_stan_files/figure-pdf/unnamed-chunk-6-1.png>
Package luatex.def Info: chapters/mcmc/04_stan_odds_ratio_stan_files/figure-pdf/unnamed-chunk-6-1.png  used on input line 18261.
(luatex.def)             Requested size: 374.87764pt x 231.53156pt.

Underfull \vbox (badness 10000) has occurred while \output is active []

[315]
<chapters/mcmc/04_stan_odds_ratio_stan_files/figure-pdf/unnamed-chunk-8-1.png, id=2180, 505.89pt x 312.4473pt>
File: chapters/mcmc/04_stan_odds_ratio_stan_files/figure-pdf/unnamed-chunk-8-1.png Graphic file (type png)
<use chapters/mcmc/04_stan_odds_ratio_stan_files/figure-pdf/unnamed-chunk-8-1.png>
Package luatex.def Info: chapters/mcmc/04_stan_odds_ratio_stan_files/figure-pdf/unnamed-chunk-8-1.png  used on input line 18303.
(luatex.def)             Requested size: 374.87764pt x 231.53156pt.
[316<./chapters/mcmc/04_stan_odds_ratio_stan_files/figure-pdf/unnamed-chunk-6-1.png>] [317<./chapters/mcmc/04_stan_odds_ratio_stan_files/figure-pdf/unnamed-chunk-8-1.png>] [318]
<chapters/mcmc/04_stan_odds_ratio_stan_files/figure-pdf/unnamed-chunk-14-1.png, id=2200, 505.89pt x 312.4473pt>
File: chapters/mcmc/04_stan_odds_ratio_stan_files/figure-pdf/unnamed-chunk-14-1.png Graphic file (type png)
<use chapters/mcmc/04_stan_odds_ratio_stan_files/figure-pdf/unnamed-chunk-14-1.png>
Package luatex.def Info: chapters/mcmc/04_stan_odds_ratio_stan_files/figure-pdf/unnamed-chunk-14-1.png  used on input line 18465.
(luatex.def)             Requested size: 374.87764pt x 231.53156pt.

Underfull \vbox (badness 1527) has occurred while \output is active []

[319]
<chapters/mcmc/04_stan_odds_ratio_stan_files/figure-pdf/unnamed-chunk-15-1.png, id=2207, 505.89pt x 312.4473pt>
File: chapters/mcmc/04_stan_odds_ratio_stan_files/figure-pdf/unnamed-chunk-15-1.png Graphic file (type png)
<use chapters/mcmc/04_stan_odds_ratio_stan_files/figure-pdf/unnamed-chunk-15-1.png>
Package luatex.def Info: chapters/mcmc/04_stan_odds_ratio_stan_files/figure-pdf/unnamed-chunk-15-1.png  used on input line 18490.
(luatex.def)             Requested size: 374.87764pt x 231.53156pt.

Underfull \vbox (badness 10000) has occurred while \output is active []

[320<./chapters/mcmc/04_stan_odds_ratio_stan_files/figure-pdf/unnamed-chunk-14-1.png>] [321<./chapters/mcmc/04_stan_odds_ratio_stan_files/figure-pdf/unnamed-chunk-15-1.png>]
<chapters/mcmc/04_stan_odds_ratio_stan_files/figure-pdf/unnamed-chunk-17-1.png, id=2220, 505.89pt x 312.4473pt>
File: chapters/mcmc/04_stan_odds_ratio_stan_files/figure-pdf/unnamed-chunk-17-1.png Graphic file (type png)
<use chapters/mcmc/04_stan_odds_ratio_stan_files/figure-pdf/unnamed-chunk-17-1.png>
Package luatex.def Info: chapters/mcmc/04_stan_odds_ratio_stan_files/figure-pdf/unnamed-chunk-17-1.png  used on input line 18545.
(luatex.def)             Requested size: 374.87764pt x 231.53156pt.
[322<./chapters/mcmc/04_stan_odds_ratio_stan_files/figure-pdf/unnamed-chunk-17-1.png>]
Underfull \vbox (badness 10000) has occurred while \output is active []

[323]
Underfull \vbox (badness 10000) has occurred while \output is active []

[324]

Package tcolorbox Warning: The upper box part has become overfull on input line 18689.

[325] [326

]
chapter 21.

LaTeX Warning: Hyper reference `sec-percorsi-lettura' on page 327 undefined on input line 18745.

[327

] [328] [329] [330] [331] [332] [333] [334] [335] [336] [337]
<chapters/mcmc/05_stan_two_means_files/figure-pdf/unnamed-chunk-19-1.png, id=2302, 505.89pt x 312.4473pt>
File: chapters/mcmc/05_stan_two_means_files/figure-pdf/unnamed-chunk-19-1.png Graphic file (type png)
<use chapters/mcmc/05_stan_two_means_files/figure-pdf/unnamed-chunk-19-1.png>
Package luatex.def Info: chapters/mcmc/05_stan_two_means_files/figure-pdf/unnamed-chunk-19-1.png  used on input line 19452.
(luatex.def)             Requested size: 374.87764pt x 231.53156pt.
<chapters/mcmc/05_stan_two_means_files/figure-pdf/unnamed-chunk-20-1.png, id=2303, 505.89pt x 312.4473pt>
File: chapters/mcmc/05_stan_two_means_files/figure-pdf/unnamed-chunk-20-1.png Graphic file (type png)
<use chapters/mcmc/05_stan_two_means_files/figure-pdf/unnamed-chunk-20-1.png>
Package luatex.def Info: chapters/mcmc/05_stan_two_means_files/figure-pdf/unnamed-chunk-20-1.png  used on input line 19464.
(luatex.def)             Requested size: 374.87764pt x 231.53156pt.
[338<./chapters/mcmc/05_stan_two_means_files/figure-pdf/unnamed-chunk-19-1.png><./chapters/mcmc/05_stan_two_means_files/figure-pdf/unnamed-chunk-20-1.png>]
Underfull \vbox (badness 2119) has occurred while \output is active []

[339]
Underfull \vbox (badness 10000) has occurred while \output is active []

[340]

Package tcolorbox Warning: The upper box part has become overfull on input line 19592.

[341] [342

]
chapter 22.

LaTeX Warning: Hyper reference `sec-percorsi-lettura' on page 343 undefined on input line 19641.

[343

]
<chapters/mcmc/../../figures/boxes_loop.png, id=2339, 1430.34375pt x 615.29875pt>
File: chapters/mcmc/../../figures/boxes_loop.png Graphic file (type png)
<use chapters/mcmc/../../figures/boxes_loop.png>
Package luatex.def Info: chapters/mcmc/../../figures/boxes_loop.png  used on input line 19699.
(luatex.def)             Requested size: 1430.34027pt x 615.29724pt.

LaTeX Warning: Citation `ref-blei2014build' on page 344 undefined on input line 19703.


LaTeX Warning: Citation `ref-blei2014build' on page 344 undefined on input line 19703.

[344<./chapters/mcmc/../../figures/boxes_loop.png>] [345]

LaTeX Warning: Citation `ref-bayesianworkflow2026' on page 346 undefined on input line 19785.

[346

]
part V.
Package scrkbase Info: You've told me to use the font selection of the element
(scrkbase)             `partprefix' that is an alias of element `partnumber'
(scrkbase)              on input line 19797.
[347

] [348

] [349] [350] [351] [352]
chapter 23.

LaTeX Warning: Hyper reference `sec-percorsi-lettura' on page 353 undefined on input line 20267.

[353

]

LaTeX Warning: Citation `ref-gelman2021regression' on page 354 undefined on input line 20307.

[354]
<chapters/linear_models/01_modello_lineare_generativo_files/figure-pdf/fig-kidiq-scatter-generative-1.png, id=2413, 505.89pt x 312.4473pt>
File: chapters/linear_models/01_modello_lineare_generativo_files/figure-pdf/fig-kidiq-scatter-generative-1.png Graphic file (type png)
<use chapters/linear_models/01_modello_lineare_generativo_files/figure-pdf/fig-kidiq-scatter-generative-1.png>
Package luatex.def Info: chapters/linear_models/01_modello_lineare_generativo_files/figure-pdf/fig-kidiq-scatter-generative-1.png  used on input line 20387.
(luatex.def)             Requested size: 374.87764pt x 231.53156pt.
[355<./chapters/linear_models/01_modello_lineare_generativo_files/figure-pdf/fig-kidiq-scatter-generative-1.png>] [356] [357]
<chapters/linear_models/01_modello_lineare_generativo_files/figure-pdf/fig-observed-simulated-linear-1.png, id=2436, 578.16pt x 357.2547pt>
File: chapters/linear_models/01_modello_lineare_generativo_files/figure-pdf/fig-observed-simulated-linear-1.png Graphic file (type png)
<use chapters/linear_models/01_modello_lineare_generativo_files/figure-pdf/fig-observed-simulated-linear-1.png>
Package luatex.def Info: chapters/linear_models/01_modello_lineare_generativo_files/figure-pdf/fig-observed-simulated-linear-1.png  used on input line 20575.
(luatex.def)             Requested size: 374.86441pt x 231.63496pt.
[358<./chapters/linear_models/01_modello_lineare_generativo_files/figure-pdf/fig-observed-simulated-linear-1.png>] [359] [360]
<chapters/linear_models/01_modello_lineare_generativo_files/figure-pdf/fig-linear-residuals-1.png, id=2454, 505.89pt x 312.4473pt>
File: chapters/linear_models/01_modello_lineare_generativo_files/figure-pdf/fig-linear-residuals-1.png Graphic file (type png)
<use chapters/linear_models/01_modello_lineare_generativo_files/figure-pdf/fig-linear-residuals-1.png>
Package luatex.def Info: chapters/linear_models/01_modello_lineare_generativo_files/figure-pdf/fig-linear-residuals-1.png  used on input line 20784.
(luatex.def)             Requested size: 374.87764pt x 231.53156pt.

Underfull \vbox (badness 2753) has occurred while \output is active []

[361]

LaTeX Warning: Reference `eq-linear-generative' on page 362 undefined on input line 20806.

[362<./chapters/linear_models/01_modello_lineare_generativo_files/figure-pdf/fig-linear-residuals-1.png>] [363] [364]
Underfull \hbox (badness 3108) in paragraph at lines 21074--21078
\TU/LibertinusSerif(2)/m/n/10.95 di-zio-nal-men-te in-di-pen-den-ti. Oc-cor-re una strut-tu-ra mul-ti-li-vel-lo con ef-fet-ti di
 []


Underfull \vbox (badness 10000) has occurred while \output is active []

[365]
Underfull \vbox (badness 10000) has occurred while \output is active []

[366]
Underfull \vbox (badness 10000) has occurred while \output is active []

[367]

Package tcolorbox Warning: The upper box part has become overfull on input line 21150.

[368] [369

]
chapter 24.

LaTeX Warning: Hyper reference `sec-percorsi-lettura' on page 370 undefined on input line 21205.

[370

] [371]
<chapters/linear_models/02_regressione_verso_media_files/figure-pdf/fig-rtm-galton-1.png, id=2540, 505.89pt x 312.4473pt>
File: chapters/linear_models/02_regressione_verso_media_files/figure-pdf/fig-rtm-galton-1.png Graphic file (type png)
<use chapters/linear_models/02_regressione_verso_media_files/figure-pdf/fig-rtm-galton-1.png>
Package luatex.def Info: chapters/linear_models/02_regressione_verso_media_files/figure-pdf/fig-rtm-galton-1.png  used on input line 21358.
(luatex.def)             Requested size: 374.87764pt x 231.53156pt.

Underfull \vbox (badness 6252) has occurred while \output is active []

[372] [373<./chapters/linear_models/02_regressione_verso_media_files/figure-pdf/fig-rtm-galton-1.png>]

LaTeX Warning: Reference `eq-regression-toward-mean-standardized' on page 374 undefined on input line 21463.

[374]
<chapters/linear_models/02_regressione_verso_media_files/figure-pdf/fig-rtm-correlation-simulation-1.png, id=2559, 578.16pt x 357.2547pt>
File: chapters/linear_models/02_regressione_verso_media_files/figure-pdf/fig-rtm-correlation-simulation-1.png Graphic file (type png)
<use chapters/linear_models/02_regressione_verso_media_files/figure-pdf/fig-rtm-correlation-simulation-1.png>
Package luatex.def Info: chapters/linear_models/02_regressione_verso_media_files/figure-pdf/fig-rtm-correlation-simulation-1.png  used on input line 21527.
(luatex.def)             Requested size: 374.86441pt x 231.63496pt.

Underfull \vbox (badness 10000) has occurred while \output is active []

[375] [376<./chapters/linear_models/02_regressione_verso_media_files/figure-pdf/fig-rtm-correlation-simulation-1.png>] [377]
<chapters/linear_models/02_regressione_verso_media_files/figure-pdf/fig-rtm-pre-post-1.png, id=2575, 469.755pt x 290.2845pt>
File: chapters/linear_models/02_regressione_verso_media_files/figure-pdf/fig-rtm-pre-post-1.png Graphic file (type png)
<use chapters/linear_models/02_regressione_verso_media_files/figure-pdf/fig-rtm-pre-post-1.png>
Package luatex.def Info: chapters/linear_models/02_regressione_verso_media_files/figure-pdf/fig-rtm-pre-post-1.png  used on input line 21652.
(luatex.def)             Requested size: 374.86552pt x 231.64766pt.
[378<./chapters/linear_models/02_regressione_verso_media_files/figure-pdf/fig-rtm-pre-post-1.png>] [379] [380] [381]
Underfull \vbox (badness 10000) has occurred while \output is active []

[382]
Underfull \vbox (badness 10000) has occurred while \output is active []

[383]

Package tcolorbox Warning: The upper box part has become overfull on input line 22067.

[384] [385

]
chapter 25.
LaTeX Font Info:    Font shape `TU/lmtt/bx/n' in size <20.74> not available
(Font)              Font shape `TU/lmtt/b/n' tried instead on input line 22075.

LaTeX Warning: Hyper reference `sec-percorsi-lettura' on page 386 undefined on input line 22127.


LaTeX Warning: Reference `sec-linear-generative' on page 386 undefined on input line 22137.


LaTeX Warning: Reference `sec-linear-models-regression-toward_mean' on page 386 undefined on input line 22140.


LaTeX Warning: Reference `sec-apx-install-cmdstan' on page 386 undefined on input line 22143.


LaTeX Warning: Reference `sec-apx-like-regression' on page 386 undefined on input line 22146.


LaTeX Warning: Citation `ref-Johnson2022bayesrules' on page 386 undefined on input line 22150.


LaTeX Warning: Citation `ref-gelman2021regression' on page 386 undefined on input line 22152.

[386

] [387] [388]
<chapters/linear_models/03_regressione_bayesiana_brms_files/figure-pdf/fig-sleep-anxiety-scatter-1.png, id=2661, 505.89pt x 312.4473pt>
File: chapters/linear_models/03_regressione_bayesiana_brms_files/figure-pdf/fig-sleep-anxiety-scatter-1.png Graphic file (type png)
<use chapters/linear_models/03_regressione_bayesiana_brms_files/figure-pdf/fig-sleep-anxiety-scatter-1.png>
Package luatex.def Info: chapters/linear_models/03_regressione_bayesiana_brms_files/figure-pdf/fig-sleep-anxiety-scatter-1.png  used on input line 22317.
(luatex.def)             Requested size: 374.87764pt x 231.53156pt.
[389<./chapters/linear_models/03_regressione_bayesiana_brms_files/figure-pdf/fig-sleep-anxiety-scatter-1.png>]

LaTeX Warning: Citation `ref-gelman2021regression' on page 390 undefined on input line 22383.

LaTeX Font Info:    Font shape `TU/LibertinusSerif(1)/b/n' will be
(Font)              scaled to size 10.84874pt on input line 22398.
LaTeX Font Info:    Font shape `TU/LibertinusSerif(1)/b/n' will be
(Font)              scaled to size 7.59412pt on input line 22398.
LaTeX Font Info:    Font shape `TU/LibertinusSerif(1)/b/n' will be
(Font)              scaled to size 5.42438pt on input line 22398.
[390]
LaTeX Font Info:    Font shape `TU/LibertinusSerif(1)/m/n' will be
(Font)              scaled to size 12.0pt on input line 22475.
LaTeX Font Info:    Font shape `TU/LibertinusSerif(1)/m/n' will be
(Font)              scaled to size 8.0pt on input line 22475.
LaTeX Font Info:    Font shape `TU/LibertinusSerif(1)/b/n' will be
(Font)              scaled to size 11.88904pt on input line 22475.
LaTeX Font Info:    Font shape `TU/LibertinusSerif(1)/b/n' will be
(Font)              scaled to size 7.92603pt on input line 22475.
LaTeX Font Info:    Font shape `TU/LibertinusSerif(1)/b/n' will be
(Font)              scaled to size 5.94452pt on input line 22475.
[391] [392]
LaTeX Font Info:    Font shape `TU/LibertinusSerif(1)/b/n' will be
(Font)              scaled to size 8.91678pt on input line 22571.
LaTeX Font Info:    Font shape `TU/LibertinusSerif(1)/b/n' will be
(Font)              scaled to size 4.95377pt on input line 22571.
[393]
<chapters/linear_models/03_regressione_bayesiana_brms_files/figure-pdf/fig-prior-predictive-sleep-anxiety-1.png, id=2710, 505.89pt x 312.4473pt>
File: chapters/linear_models/03_regressione_bayesiana_brms_files/figure-pdf/fig-prior-predictive-sleep-anxiety-1.png Graphic file (type png)
<use chapters/linear_models/03_regressione_bayesiana_brms_files/figure-pdf/fig-prior-predictive-sleep-anxiety-1.png>
Package luatex.def Info: chapters/linear_models/03_regressione_bayesiana_brms_files/figure-pdf/fig-prior-predictive-sleep-anxiety-1.png  used on input line 22655.
(luatex.def)             Requested size: 374.87764pt x 231.53156pt.
[394<./chapters/linear_models/03_regressione_bayesiana_brms_files/figure-pdf/fig-prior-predictive-sleep-anxiety-1.png>]
LaTeX Font Info:    Font shape `TU/lmtt/bx/n' in size <14.4> not available
(Font)              Font shape `TU/lmtt/b/n' tried instead on input line 22692.
[395] [396]
LaTeX Font Info:    Font shape `TU/LibertinusSerif(2)/b/n' will be
(Font)              scaled to size 7.665pt on input line 22829.
LaTeX Font Info:    Font shape `TU/LibertinusSerif(2)/b/n' will be
(Font)              scaled to size 5.475pt on input line 22829.
<chapters/linear_models/03_regressione_bayesiana_brms_files/figure-pdf/fig-mcmc-trace-sleep-anxiety-1.png, id=2728, 578.16pt x 357.2547pt>
File: chapters/linear_models/03_regressione_bayesiana_brms_files/figure-pdf/fig-mcmc-trace-sleep-anxiety-1.png Graphic file (type png)
<use chapters/linear_models/03_regressione_bayesiana_brms_files/figure-pdf/fig-mcmc-trace-sleep-anxiety-1.png>
Package luatex.def Info: chapters/linear_models/03_regressione_bayesiana_brms_files/figure-pdf/fig-mcmc-trace-sleep-anxiety-1.png  used on input line 22875.
(luatex.def)             Requested size: 374.86441pt x 231.63496pt.

Underfull \vbox (badness 4479) has occurred while \output is active []

[397]
<chapters/linear_models/03_regressione_bayesiana_brms_files/figure-pdf/fig-mcmc-rank-sleep-anxiety-1.png, id=2734, 578.16pt x 357.2547pt>
File: chapters/linear_models/03_regressione_bayesiana_brms_files/figure-pdf/fig-mcmc-rank-sleep-anxiety-1.png Graphic file (type png)
<use chapters/linear_models/03_regressione_bayesiana_brms_files/figure-pdf/fig-mcmc-rank-sleep-anxiety-1.png>
Package luatex.def Info: chapters/linear_models/03_regressione_bayesiana_brms_files/figure-pdf/fig-mcmc-rank-sleep-anxiety-1.png  used on input line 22903.
(luatex.def)             Requested size: 374.86441pt x 231.63496pt.
[398<./chapters/linear_models/03_regressione_bayesiana_brms_files/figure-pdf/fig-mcmc-trace-sleep-anxiety-1.png><./chapters/linear_models/03_regressione_bayesiana_brms_files/figure-pdf/fig-mcmc-rank-sleep-anxiety-1.png>] [399] [400] [401]
LaTeX Font Info:    Font shape `TU/LibertinusSans(0)/b/n' will be
(Font)              scaled to size 8.0pt on input line 23138.
LaTeX Font Info:    Font shape `TU/LibertinusSans(0)/b/n' will be
(Font)              scaled to size 6.0pt on input line 23138.
[402]
<chapters/linear_models/03_regressione_bayesiana_brms_files/figure-pdf/fig-expected-predictive-sleep-anxiety-1.png, id=2771, 578.16pt x 357.2547pt>
File: chapters/linear_models/03_regressione_bayesiana_brms_files/figure-pdf/fig-expected-predictive-sleep-anxiety-1.png Graphic file (type png)
<use chapters/linear_models/03_regressione_bayesiana_brms_files/figure-pdf/fig-expected-predictive-sleep-anxiety-1.png>
Package luatex.def Info: chapters/linear_models/03_regressione_bayesiana_brms_files/figure-pdf/fig-expected-predictive-sleep-anxiety-1.png  used on input line 23226.
(luatex.def)             Requested size: 374.86441pt x 231.63496pt.

Underfull \vbox (badness 10000) has occurred while \output is active []

[403] [404<./chapters/linear_models/03_regressione_bayesiana_brms_files/figure-pdf/fig-expected-predictive-sleep-anxiety-1.png>]
<chapters/linear_models/03_regressione_bayesiana_brms_files/figure-pdf/fig-ppc-density-sleep-anxiety-1.png, id=2783, 505.89pt x 312.4473pt>
File: chapters/linear_models/03_regressione_bayesiana_brms_files/figure-pdf/fig-ppc-density-sleep-anxiety-1.png Graphic file (type png)
<use chapters/linear_models/03_regressione_bayesiana_brms_files/figure-pdf/fig-ppc-density-sleep-anxiety-1.png>
Package luatex.def Info: chapters/linear_models/03_regressione_bayesiana_brms_files/figure-pdf/fig-ppc-density-sleep-anxiety-1.png  used on input line 23304.
(luatex.def)             Requested size: 374.87764pt x 231.53156pt.
<chapters/linear_models/03_regressione_bayesiana_brms_files/figure-pdf/fig-ppc-statistics-sleep-anxiety-1.png, id=2784, 578.16pt x 357.2547pt>
File: chapters/linear_models/03_regressione_bayesiana_brms_files/figure-pdf/fig-ppc-statistics-sleep-anxiety-1.png Graphic file (type png)
<use chapters/linear_models/03_regressione_bayesiana_brms_files/figure-pdf/fig-ppc-statistics-sleep-anxiety-1.png>
Package luatex.def Info: chapters/linear_models/03_regressione_bayesiana_brms_files/figure-pdf/fig-ppc-statistics-sleep-anxiety-1.png  used on input line 23339.
(luatex.def)             Requested size: 374.86441pt x 231.63496pt.
[405<./chapters/linear_models/03_regressione_bayesiana_brms_files/figure-pdf/fig-ppc-density-sleep-anxiety-1.png>]
<chapters/linear_models/03_regressione_bayesiana_brms_files/figure-pdf/fig-ppc-statistics-sleep-anxiety-2.png, id=2793, 578.16pt x 357.2547pt>
File: chapters/linear_models/03_regressione_bayesiana_brms_files/figure-pdf/fig-ppc-statistics-sleep-anxiety-2.png Graphic file (type png)
<use chapters/linear_models/03_regressione_bayesiana_brms_files/figure-pdf/fig-ppc-statistics-sleep-anxiety-2.png>
Package luatex.def Info: chapters/linear_models/03_regressione_bayesiana_brms_files/figure-pdf/fig-ppc-statistics-sleep-anxiety-2.png  used on input line 23354.
(luatex.def)             Requested size: 374.86441pt x 231.63496pt.

Underfull \vbox (badness 7221) has occurred while \output is active []

[406<./chapters/linear_models/03_regressione_bayesiana_brms_files/figure-pdf/fig-ppc-statistics-sleep-anxiety-1.png><./chapters/linear_models/03_regressione_bayesiana_brms_files/figure-pdf/fig-ppc-statistics-sleep-anxiety-2.png>]
<chapters/linear_models/03_regressione_bayesiana_brms_files/figure-pdf/fig-ppc-slope-sleep-anxiety-1.png, id=2802, 505.89pt x 312.4473pt>
File: chapters/linear_models/03_regressione_bayesiana_brms_files/figure-pdf/fig-ppc-slope-sleep-anxiety-1.png Graphic file (type png)
<use chapters/linear_models/03_regressione_bayesiana_brms_files/figure-pdf/fig-ppc-slope-sleep-anxiety-1.png>
Package luatex.def Info: chapters/linear_models/03_regressione_bayesiana_brms_files/figure-pdf/fig-ppc-slope-sleep-anxiety-1.png  used on input line 23400.
(luatex.def)             Requested size: 374.87764pt x 231.53156pt.
[407<./chapters/linear_models/03_regressione_bayesiana_brms_files/figure-pdf/fig-ppc-slope-sleep-anxiety-1.png>] [408]
<chapters/linear_models/03_regressione_bayesiana_brms_files/figure-pdf/fig-prior-sensitivity-slope-1.png, id=2815, 505.89pt x 312.4473pt>
File: chapters/linear_models/03_regressione_bayesiana_brms_files/figure-pdf/fig-prior-sensitivity-slope-1.png Graphic file (type png)
<use chapters/linear_models/03_regressione_bayesiana_brms_files/figure-pdf/fig-prior-sensitivity-slope-1.png>
Package luatex.def Info: chapters/linear_models/03_regressione_bayesiana_brms_files/figure-pdf/fig-prior-sensitivity-slope-1.png  used on input line 23503.
(luatex.def)             Requested size: 374.87764pt x 231.53156pt.
[409<./chapters/linear_models/03_regressione_bayesiana_brms_files/figure-pdf/fig-prior-sensitivity-slope-1.png>]
Underfull \hbox (badness 1048) in paragraph at lines 23548--23562
\TU/lmtt/m/n/10.95 della Posterior] \TU/LibertinusSerif(2)/m/n/10.95 pun-ti, con un in-ter-val-lo di cre-di-bi-li-tà al 95% com-pre-so tra
 []

[410] [411] [412]
Underfull \vbox (badness 10000) has occurred while \output is active []

[413]
Underfull \vbox (badness 10000) has occurred while \output is active []

[414]

Package tcolorbox Warning: The upper box part has become overfull on input line 23935.

[415] [416

]
chapter 26.
LaTeX Font Info:    Font shape `TU/latinmodern-math.otf(1)/b/n' will be
(Font)              scaled to size 10.8992pt on input line 23958.
LaTeX Font Info:    Font shape `TU/latinmodern-math.otf(1)/b/n' will be
(Font)              scaled to size 7.62943pt on input line 23958.
LaTeX Font Info:    Font shape `TU/latinmodern-math.otf(1)/b/n' will be
(Font)              scaled to size 5.4496pt on input line 23958.
LaTeX Font Info:    Font shape `TU/latinmodern-math.otf(2)/b/n' will be
(Font)              scaled to size 10.8992pt on input line 23958.
LaTeX Font Info:    Font shape `TU/latinmodern-math.otf(2)/b/n' will be
(Font)              scaled to size 7.62943pt on input line 23958.
LaTeX Font Info:    Font shape `TU/latinmodern-math.otf(2)/b/n' will be
(Font)              scaled to size 5.4496pt on input line 23958.
LaTeX Font Info:    Font shape `TU/latinmodern-math.otf(3)/b/n' will be
(Font)              scaled to size 10.8992pt on input line 23958.
LaTeX Font Info:    Font shape `TU/latinmodern-math.otf(3)/b/n' will be
(Font)              scaled to size 7.62943pt on input line 23958.
LaTeX Font Info:    Font shape `TU/latinmodern-math.otf(3)/b/n' will be
(Font)              scaled to size 5.4496pt on input line 23958.

Overfull \hbox (52.20775pt too wide) detected at line 23970
[] \TU/latinmodern-math.otf(1)/b/n/10.95 ⟶ [] ⟶ [] ⟶ [] ⟶ [].
 []


LaTeX Warning: Hyper reference `sec-formula-stan-direct' on page 417 undefined on input line 23999.


LaTeX Warning: Hyper reference `sec-formula-tradeoffs' on page 417 undefined on input line 24003.


LaTeX Warning: Hyper reference `sec-percorsi-lettura' on page 417 undefined on input line 24006.

[417

]

LaTeX Warning: Hyper reference `sec-percorsi-lettura' on page 418 undefined on input line 24025.


LaTeX Warning: Citation `ref-wilkinson1973symbolic' on page 418 undefined on input line 24039.

[418] [419] [420]
<chapters/linear_models/04_dalla_formula_al_programma_files/figure-pdf/fig-stress-predictors-1.png, id=2924, 578.16pt x 357.2547pt>
File: chapters/linear_models/04_dalla_formula_al_programma_files/figure-pdf/fig-stress-predictors-1.png Graphic file (type png)
<use chapters/linear_models/04_dalla_formula_al_programma_files/figure-pdf/fig-stress-predictors-1.png>
Package luatex.def Info: chapters/linear_models/04_dalla_formula_al_programma_files/figure-pdf/fig-stress-predictors-1.png  used on input line 24234.
(luatex.def)             Requested size: 374.86441pt x 231.63496pt.
[421<./chapters/linear_models/04_dalla_formula_al_programma_files/figure-pdf/fig-stress-predictors-1.png>]

LaTeX Warning: Reference `sec-apx-matrix-algebra' on page 422 undefined on input line 24350.

[422]
Underfull \hbox (badness 2443) in paragraph at lines 24392--24395
[]\TU/LibertinusSerif(2)/b/n/10.95 As-so-cia-zio-ne biu-ni-vo-ca: \TU/LibertinusSerif(2)/m/n/10.95 Cia-scun coef-fi-cien-te sti-ma-to dal mo-del-lo mol-ti-pli-ca
 []

[423] [424] [425] [426] [427] [428]

LaTeX Warning: Hyper reference `sec-formula-tradeoffs' on page 429 undefined on input line 24782.

[429] [430] [431] [432]
LaTeX Font Info:    Font shape `TU/lmtt/bx/n' in size <12> not available
(Font)              Font shape `TU/lmtt/b/n' tried instead on input line 25041.
[433]

LaTeX Warning: Reference `sec-linmod-bayesian-reg' on page 434 undefined on input line 25141.


LaTeX Warning: Reference `sec-apx-mcmc-diagnostics' on page 434 undefined on input line 25142.

<chapters/linear_models/04_dalla_formula_al_programma_files/figure-pdf/ppc-brms-multiple-1.png, id=3001, 505.89pt x 312.4473pt>
File: chapters/linear_models/04_dalla_formula_al_programma_files/figure-pdf/ppc-brms-multiple-1.png Graphic file (type png)
<use chapters/linear_models/04_dalla_formula_al_programma_files/figure-pdf/ppc-brms-multiple-1.png>
Package luatex.def Info: chapters/linear_models/04_dalla_formula_al_programma_files/figure-pdf/ppc-brms-multiple-1.png  used on input line 25160.
(luatex.def)             Requested size: 374.87764pt x 231.53156pt.

Underfull \vbox (badness 7522) has occurred while \output is active []

[434]
<chapters/linear_models/04_dalla_formula_al_programma_files/figure-pdf/ppc-stan-multiple-1.png, id=3011, 505.89pt x 312.4473pt>
File: chapters/linear_models/04_dalla_formula_al_programma_files/figure-pdf/ppc-stan-multiple-1.png Graphic file (type png)
<use chapters/linear_models/04_dalla_formula_al_programma_files/figure-pdf/ppc-stan-multiple-1.png>
Package luatex.def Info: chapters/linear_models/04_dalla_formula_al_programma_files/figure-pdf/ppc-stan-multiple-1.png  used on input line 25187.
(luatex.def)             Requested size: 374.87764pt x 231.53156pt.

Underfull \vbox (badness 10000) has occurred while \output is active []

[435<./chapters/linear_models/04_dalla_formula_al_programma_files/figure-pdf/ppc-brms-multiple-1.png>] [436<./chapters/linear_models/04_dalla_formula_al_programma_files/figure-pdf/ppc-stan-multiple-1.png>] [437
warning  (pdf backend): ignoring duplicate destination with the name 'subsection.26.9.1'
] [438] [439]
Underfull \vbox (badness 10000) has occurred while \output is active []

[440]

Package tcolorbox Warning: The upper box part has become overfull on input line 25540.

[441] [442

]
chapter 27.

LaTeX Warning: Hyper reference `sec-percorsi-lettura' on page 443 undefined on input line 25614.


Underfull \hbox (badness 1715) in paragraph at lines 25637--25640
[]\TU/LibertinusSerif(2)/m/n/10.95 di-stin-gue-re l’in-cer-tez-za sul-la me-dia dal-la di-stri-bu-zio-ne pre-dit-ti-va di una nuo-va
 []

[443

]

LaTeX Warning: Reference `sec-linear-generative' on page 444 undefined on input line 25666.


LaTeX Warning: Reference `sec-linmod-bayesian-reg' on page 444 undefined on input line 25669.


LaTeX Warning: Reference `sec-linar-models-brms' on page 444 undefined on input line 25672.


Underfull \hbox (badness 1412) in paragraph at lines 25671--25674
[]\TU/LibertinusSerif(2)/m/n/10.95 La re-la-zio-ne tra for-mu-le R, ma-tri-ce del mo-del-lo e pro-gram-ma Stan è di-scus-sa
 []


LaTeX Warning: Citation `ref-McElreath_rethinking' on page 444 undefined on input line 25679.


LaTeX Warning: Citation `ref-McElreath_rethinking' on page 444 undefined on input line 25692.

[444] [445]
<chapters/linear_models/05_inferenza_su_una_media_files/figure-pdf/plot-howell-height-1.png, id=3096, 505.89pt x 312.4473pt>
File: chapters/linear_models/05_inferenza_su_una_media_files/figure-pdf/plot-howell-height-1.png Graphic file (type png)
<use chapters/linear_models/05_inferenza_su_una_media_files/figure-pdf/plot-howell-height-1.png>
Package luatex.def Info: chapters/linear_models/05_inferenza_su_una_media_files/figure-pdf/plot-howell-height-1.png  used on input line 25788.
(luatex.def)             Requested size: 374.87764pt x 231.53156pt.

LaTeX Warning: Citation `ref-caudek2001statistica' on page 446 undefined on input line 25822.

[446<./chapters/linear_models/05_inferenza_su_una_media_files/figure-pdf/plot-howell-height-1.png>] [447]
<chapters/linear_models/05_inferenza_su_una_media_files/figure-pdf/prior-predictive-one-mean-1.png, id=3110, 505.89pt x 312.4473pt>
File: chapters/linear_models/05_inferenza_su_una_media_files/figure-pdf/prior-predictive-one-mean-1.png Graphic file (type png)
<use chapters/linear_models/05_inferenza_su_una_media_files/figure-pdf/prior-predictive-one-mean-1.png>
Package luatex.def Info: chapters/linear_models/05_inferenza_su_una_media_files/figure-pdf/prior-predictive-one-mean-1.png  used on input line 25931.
(luatex.def)             Requested size: 374.87764pt x 231.53156pt.
[448<./chapters/linear_models/05_inferenza_su_una_media_files/figure-pdf/prior-predictive-one-mean-1.png>] [449]
<chapters/linear_models/05_inferenza_su_una_media_files/figure-pdf/trace-one-mean-fit-1.png, id=3123, 505.89pt x 312.4473pt>
File: chapters/linear_models/05_inferenza_su_una_media_files/figure-pdf/trace-one-mean-fit-1.png Graphic file (type png)
<use chapters/linear_models/05_inferenza_su_una_media_files/figure-pdf/trace-one-mean-fit-1.png>
Package luatex.def Info: chapters/linear_models/05_inferenza_su_una_media_files/figure-pdf/trace-one-mean-fit-1.png  used on input line 26049.
(luatex.def)             Requested size: 374.87764pt x 231.53156pt.
[450<./chapters/linear_models/05_inferenza_su_una_media_files/figure-pdf/trace-one-mean-fit-1.png>]
<chapters/linear_models/05_inferenza_su_una_media_files/figure-pdf/plot-one-mean-posterior-1.png, id=3130, 505.89pt x 312.4473pt>
File: chapters/linear_models/05_inferenza_su_una_media_files/figure-pdf/plot-one-mean-posterior-1.png Graphic file (type png)
<use chapters/linear_models/05_inferenza_su_una_media_files/figure-pdf/plot-one-mean-posterior-1.png>
Package luatex.def Info: chapters/linear_models/05_inferenza_su_una_media_files/figure-pdf/plot-one-mean-posterior-1.png  used on input line 26129.
(luatex.def)             Requested size: 374.87764pt x 231.53156pt.

Underfull \vbox (badness 10000) has occurred while \output is active []

[451] [452<./chapters/linear_models/05_inferenza_su_una_media_files/figure-pdf/plot-one-mean-posterior-1.png>]
<chapters/linear_models/05_inferenza_su_una_media_files/figure-pdf/compare-mean-and-new-height-1.png, id=3147, 505.89pt x 312.4473pt>
File: chapters/linear_models/05_inferenza_su_una_media_files/figure-pdf/compare-mean-and-new-height-1.png Graphic file (type png)
<use chapters/linear_models/05_inferenza_su_una_media_files/figure-pdf/compare-mean-and-new-height-1.png>
Package luatex.def Info: chapters/linear_models/05_inferenza_su_una_media_files/figure-pdf/compare-mean-and-new-height-1.png  used on input line 26243.
(luatex.def)             Requested size: 374.87764pt x 231.53156pt.

Underfull \vbox (badness 10000) has occurred while \output is active []

[453]
<chapters/linear_models/05_inferenza_su_una_media_files/figure-pdf/posterior-predictive-density-height-1.png, id=3152, 505.89pt x 312.4473pt>
File: chapters/linear_models/05_inferenza_su_una_media_files/figure-pdf/posterior-predictive-density-height-1.png Graphic file (type png)
<use chapters/linear_models/05_inferenza_su_una_media_files/figure-pdf/posterior-predictive-density-height-1.png>
Package luatex.def Info: chapters/linear_models/05_inferenza_su_una_media_files/figure-pdf/posterior-predictive-density-height-1.png  used on input line 26289.
(luatex.def)             Requested size: 374.87764pt x 231.53156pt.

Underfull \vbox (badness 3229) has occurred while \output is active []

[454<./chapters/linear_models/05_inferenza_su_una_media_files/figure-pdf/compare-mean-and-new-height-1.png>]
<chapters/linear_models/05_inferenza_su_una_media_files/figure-pdf/posterior-predictive-stat-height-1.png, id=3160, 505.89pt x 312.4473pt>
File: chapters/linear_models/05_inferenza_su_una_media_files/figure-pdf/posterior-predictive-stat-height-1.png Graphic file (type png)
<use chapters/linear_models/05_inferenza_su_una_media_files/figure-pdf/posterior-predictive-stat-height-1.png>
Package luatex.def Info: chapters/linear_models/05_inferenza_su_una_media_files/figure-pdf/posterior-predictive-stat-height-1.png  used on input line 26316.
(luatex.def)             Requested size: 374.87764pt x 231.53156pt.
[455<./chapters/linear_models/05_inferenza_su_una_media_files/figure-pdf/posterior-predictive-density-height-1.png><./chapters/linear_models/05_inferenza_su_una_media_files/figure-pdf/posterior-predictive-stat-height-1.png>]
LaTeX Font Info:    Font shape `TU/LibertinusSerif(1)/m/n' will be
(Font)              scaled to size 14.4pt on input line 26336.
LaTeX Font Info:    Font shape `TU/LibertinusSerif(1)/m/n' will be
(Font)              scaled to size 10.0pt on input line 26336.
LaTeX Font Info:    Font shape `TU/LibertinusSerif(1)/m/n' will be
(Font)              scaled to size 7.0pt on input line 26336.
LaTeX Font Info:    Font shape `TU/LibertinusSerif(1)/b/n' will be
(Font)              scaled to size 14.26683pt on input line 26336.
LaTeX Font Info:    Font shape `TU/LibertinusSerif(1)/b/n' will be
(Font)              scaled to size 9.90753pt on input line 26336.
LaTeX Font Info:    Font shape `TU/LibertinusSerif(1)/b/n' will be
(Font)              scaled to size 6.93527pt on input line 26336.
[456]
<chapters/linear_models/05_inferenza_su_una_media_files/figure-pdf/compare-normal-student-mu-1.png, id=3174, 505.89pt x 312.4473pt>
File: chapters/linear_models/05_inferenza_su_una_media_files/figure-pdf/compare-normal-student-mu-1.png Graphic file (type png)
<use chapters/linear_models/05_inferenza_su_una_media_files/figure-pdf/compare-normal-student-mu-1.png>
Package luatex.def Info: chapters/linear_models/05_inferenza_su_una_media_files/figure-pdf/compare-normal-student-mu-1.png  used on input line 26402.
(luatex.def)             Requested size: 374.87764pt x 231.53156pt.
<chapters/linear_models/05_inferenza_su_una_media_files/figure-pdf/compare-normal-student-tails-1.png, id=3175, 505.89pt x 312.4473pt>
File: chapters/linear_models/05_inferenza_su_una_media_files/figure-pdf/compare-normal-student-tails-1.png Graphic file (type png)
<use chapters/linear_models/05_inferenza_su_una_media_files/figure-pdf/compare-normal-student-tails-1.png>
Package luatex.def Info: chapters/linear_models/05_inferenza_su_una_media_files/figure-pdf/compare-normal-student-tails-1.png  used on input line 26427.
(luatex.def)             Requested size: 374.87764pt x 231.53156pt.

Underfull \vbox (badness 10000) has occurred while \output is active []

[457<./chapters/linear_models/05_inferenza_su_una_media_files/figure-pdf/compare-normal-student-mu-1.png>]
<chapters/linear_models/05_inferenza_su_una_media_files/figure-pdf/compare-normal-student-tails-2.png, id=3182, 505.89pt x 312.4473pt>
File: chapters/linear_models/05_inferenza_su_una_media_files/figure-pdf/compare-normal-student-tails-2.png Graphic file (type png)
<use chapters/linear_models/05_inferenza_su_una_media_files/figure-pdf/compare-normal-student-tails-2.png>
Package luatex.def Info: chapters/linear_models/05_inferenza_su_una_media_files/figure-pdf/compare-normal-student-tails-2.png  used on input line 26438.
(luatex.def)             Requested size: 374.87764pt x 231.53156pt.

Underfull \vbox (badness 10000) has occurred while \output is active []

[458<./chapters/linear_models/05_inferenza_su_una_media_files/figure-pdf/compare-normal-student-tails-1.png><./chapters/linear_models/05_inferenza_su_una_media_files/figure-pdf/compare-normal-student-tails-2.png>]
<chapters/linear_models/05_inferenza_su_una_media_files/figure-pdf/compare-one-mean-priors-1.png, id=3191, 505.89pt x 312.4473pt>
File: chapters/linear_models/05_inferenza_su_una_media_files/figure-pdf/compare-one-mean-priors-1.png Graphic file (type png)
<use chapters/linear_models/05_inferenza_su_una_media_files/figure-pdf/compare-one-mean-priors-1.png>
Package luatex.def Info: chapters/linear_models/05_inferenza_su_una_media_files/figure-pdf/compare-one-mean-priors-1.png  used on input line 26512.
(luatex.def)             Requested size: 374.87764pt x 231.53156pt.

Underfull \vbox (badness 10000) has occurred while \output is active []

[459]
Underfull \hbox (badness 1303) in paragraph at lines 26595--26598
[]\TU/LibertinusSerif(2)/b/n/10.95 Sce-glie-re prior sen-za con-si-de-rar-ne le con-se-guen-ze os-ser-va-bi-li. \TU/LibertinusSerif(2)/m/n/10.95 Pa-ra-me-tri
 []

[460<./chapters/linear_models/05_inferenza_su_una_media_files/figure-pdf/compare-one-mean-priors-1.png>] [461]
Underfull \hbox (badness 5893) in paragraph at lines 26721--26724
\TU/LibertinusSerif(2)/m/n/10.95 Con-fron-ta l’in-ter-val-lo di cre-di-bi-li-tà di \TU/lmtt/m/n/10.95 b_Intercept \TU/LibertinusSerif(2)/m/n/10.95 con l’in-ter-val-lo pre-dit-ti-vo di
 []


Underfull \vbox (badness 10000) has occurred while \output is active []

[462]
Underfull \vbox (badness 10000) has occurred while \output is active []

[463]
Underfull \vbox (badness 10000) has occurred while \output is active []

[464]

Package tcolorbox Warning: The upper box part has become overfull on input line 26862.

[465] [466

]
chapter 28.

LaTeX Warning: Reference `sec-mcmc-one-mean' on page 467 undefined on input line 26877.


LaTeX Warning: Hyper reference `sec-percorsi-lettura' on page 467 undefined on input line 26925.

[467

]

LaTeX Warning: Reference `sec-mcmc-one-mean' on page 468 undefined on input line 26982.


LaTeX Warning: Reference `sec-linmod-bayesian-reg' on page 468 undefined on input line 26985.


LaTeX Warning: Citation `ref-gelman2021regression' on page 468 undefined on input line 26992.


LaTeX Warning: Citation `ref-kruschke2013bayesian' on page 468 undefined on input line 26995.


LaTeX Warning: Citation `ref-gelman2021regression' on page 468 undefined on input line 27010.

[468] [469]
<chapters/linear_models/06_due_gruppi_rilevanza_pratica_files/figure-pdf/fig-kidiq-two-groups-1.png, id=3284, 505.89pt x 312.4473pt>
File: chapters/linear_models/06_due_gruppi_rilevanza_pratica_files/figure-pdf/fig-kidiq-two-groups-1.png Graphic file (type png)
<use chapters/linear_models/06_due_gruppi_rilevanza_pratica_files/figure-pdf/fig-kidiq-two-groups-1.png>
Package luatex.def Info: chapters/linear_models/06_due_gruppi_rilevanza_pratica_files/figure-pdf/fig-kidiq-two-groups-1.png  used on input line 27141.
(luatex.def)             Requested size: 374.87764pt x 231.53156pt.

Underfull \vbox (badness 10000) has occurred while \output is active []

[470] [471<./chapters/linear_models/06_due_gruppi_rilevanza_pratica_files/figure-pdf/fig-kidiq-two-groups-1.png>] [472] [473]
<chapters/linear_models/06_due_gruppi_rilevanza_pratica_files/figure-pdf/fig-prior-predictive-two-groups-1.png, id=3312, 505.89pt x 312.4473pt>
File: chapters/linear_models/06_due_gruppi_rilevanza_pratica_files/figure-pdf/fig-prior-predictive-two-groups-1.png Graphic file (type png)
<use chapters/linear_models/06_due_gruppi_rilevanza_pratica_files/figure-pdf/fig-prior-predictive-two-groups-1.png>
Package luatex.def Info: chapters/linear_models/06_due_gruppi_rilevanza_pratica_files/figure-pdf/fig-prior-predictive-two-groups-1.png  used on input line 27389.
(luatex.def)             Requested size: 374.87764pt x 231.53156pt.
[474<./chapters/linear_models/06_due_gruppi_rilevanza_pratica_files/figure-pdf/fig-prior-predictive-two-groups-1.png>]

LaTeX Warning: Reference `sec-linmod-bayesian-reg' on page 475 undefined on input line 27433.

[475]
<chapters/linear_models/06_due_gruppi_rilevanza_pratica_files/figure-pdf/fig-posterior-delta-two-groups-1.png, id=3325, 505.89pt x 312.4473pt>
File: chapters/linear_models/06_due_gruppi_rilevanza_pratica_files/figure-pdf/fig-posterior-delta-two-groups-1.png Graphic file (type png)
<use chapters/linear_models/06_due_gruppi_rilevanza_pratica_files/figure-pdf/fig-posterior-delta-two-groups-1.png>
Package luatex.def Info: chapters/linear_models/06_due_gruppi_rilevanza_pratica_files/figure-pdf/fig-posterior-delta-two-groups-1.png  used on input line 27542.
(luatex.def)             Requested size: 374.87764pt x 231.53156pt.
[476] [477<./chapters/linear_models/06_due_gruppi_rilevanza_pratica_files/figure-pdf/fig-posterior-delta-two-groups-1.png>]

LaTeX Warning: Reference `eq-standardized-difference' on page 478 undefined on input line 27603.

<chapters/linear_models/06_due_gruppi_rilevanza_pratica_files/figure-pdf/fig-posterior-standardized-difference-1.png, id=3340, 505.89pt x 312.4473pt>
File: chapters/linear_models/06_due_gruppi_rilevanza_pratica_files/figure-pdf/fig-posterior-standardized-difference-1.png Graphic file (type png)
<use chapters/linear_models/06_due_gruppi_rilevanza_pratica_files/figure-pdf/fig-posterior-standardized-difference-1.png>
Package luatex.def Info: chapters/linear_models/06_due_gruppi_rilevanza_pratica_files/figure-pdf/fig-posterior-standardized-difference-1.png  used on input line 27639.
(luatex.def)             Requested size: 374.87764pt x 231.53156pt.
[478<./chapters/linear_models/06_due_gruppi_rilevanza_pratica_files/figure-pdf/fig-posterior-standardized-difference-1.png>] [479] [480]
<chapters/linear_models/06_due_gruppi_rilevanza_pratica_files/figure-pdf/fig-ppc-two-groups-1.png, id=3359, 505.89pt x 312.4473pt>
File: chapters/linear_models/06_due_gruppi_rilevanza_pratica_files/figure-pdf/fig-ppc-two-groups-1.png Graphic file (type png)
<use chapters/linear_models/06_due_gruppi_rilevanza_pratica_files/figure-pdf/fig-ppc-two-groups-1.png>
Package luatex.def Info: chapters/linear_models/06_due_gruppi_rilevanza_pratica_files/figure-pdf/fig-ppc-two-groups-1.png  used on input line 27832.
(luatex.def)             Requested size: 374.87764pt x 231.53156pt.
[481<./chapters/linear_models/06_due_gruppi_rilevanza_pratica_files/figure-pdf/fig-ppc-two-groups-1.png>]

LaTeX Warning: Citation `ref-kruschke2013bayesian' on page 482 undefined on input line 27916.

[482]

LaTeX Warning: Reference `eq-standardized-difference' on page 483 undefined on input line 27947.

[483]

LaTeX Warning: Citation `ref-tarrats2025efficacy' on page 484 undefined on input line 28005.

[484] [485] [486] [487] [488]
Underfull \vbox (badness 10000) has occurred while \output is active []

[489]
Underfull \vbox (badness 10000) has occurred while \output is active []

[490]

Package tcolorbox Warning: The upper box part has become overfull on input line 28512.

[491] [492

]
chapter 29.

LaTeX Warning: Hyper reference `sec-percorsi-lettura' on page 493 undefined on input line 28577.

[493

]

LaTeX Warning: Reference `sec-linear-models-two-groups' on page 494 undefined on input line 28625.


LaTeX Warning: Reference `sec-bayesian-effect-size' on page 494 undefined on input line 28626.


LaTeX Warning: Reference `sec-linmod-bayesian-reg' on page 494 undefined on input line 28628.


LaTeX Warning: Citation `ref-McElreath_rethinking' on page 494 undefined on input line 28630.

[494] [495]
<chapters/linear_models/07_piu_gruppi_contrasti_anova_files/figure-pdf/fig-anova-observed-groups-1.png, id=3484, 505.89pt x 312.4473pt>
File: chapters/linear_models/07_piu_gruppi_contrasti_anova_files/figure-pdf/fig-anova-observed-groups-1.png Graphic file (type png)
<use chapters/linear_models/07_piu_gruppi_contrasti_anova_files/figure-pdf/fig-anova-observed-groups-1.png>
Package luatex.def Info: chapters/linear_models/07_piu_gruppi_contrasti_anova_files/figure-pdf/fig-anova-observed-groups-1.png  used on input line 28766.
(luatex.def)             Requested size: 374.87764pt x 231.53156pt.
[496<./chapters/linear_models/07_piu_gruppi_contrasti_anova_files/figure-pdf/fig-anova-observed-groups-1.png>] [497] [498]
<chapters/linear_models/07_piu_gruppi_contrasti_anova_files/figure-pdf/fig-anova-prior-predictive-1.png, id=3505, 505.89pt x 312.4473pt>
File: chapters/linear_models/07_piu_gruppi_contrasti_anova_files/figure-pdf/fig-anova-prior-predictive-1.png Graphic file (type png)
<use chapters/linear_models/07_piu_gruppi_contrasti_anova_files/figure-pdf/fig-anova-prior-predictive-1.png>
Package luatex.def Info: chapters/linear_models/07_piu_gruppi_contrasti_anova_files/figure-pdf/fig-anova-prior-predictive-1.png  used on input line 28992.
(luatex.def)             Requested size: 374.87764pt x 231.53156pt.
[499] [500<./chapters/linear_models/07_piu_gruppi_contrasti_anova_files/figure-pdf/fig-anova-prior-predictive-1.png>]
Underfull \hbox (badness 1527) in paragraph at lines 29072--29078
\TU/lmtt/m/n/10.95 condizionepsicoterapia1 \TU/LibertinusSerif(2)/m/n/10.95 e \TU/lmtt/m/n/10.95 condizionepsicoterapia2 \TU/LibertinusSerif(2)/m/n/10.95 cor-ri-spon-do-no di-ret-ta-men-te al-le
 []

<chapters/linear_models/07_piu_gruppi_contrasti_anova_files/figure-pdf/fig-anova-trace-1.png, id=3519, 578.16pt x 357.2547pt>
File: chapters/linear_models/07_piu_gruppi_contrasti_anova_files/figure-pdf/fig-anova-trace-1.png Graphic file (type png)
<use chapters/linear_models/07_piu_gruppi_contrasti_anova_files/figure-pdf/fig-anova-trace-1.png>
Package luatex.def Info: chapters/linear_models/07_piu_gruppi_contrasti_anova_files/figure-pdf/fig-anova-trace-1.png  used on input line 29104.
(luatex.def)             Requested size: 374.86441pt x 231.63496pt.
[501]
<chapters/linear_models/07_piu_gruppi_contrasti_anova_files/figure-pdf/fig-anova-posterior-predictive-1.png, id=3526, 505.89pt x 312.4473pt>
File: chapters/linear_models/07_piu_gruppi_contrasti_anova_files/figure-pdf/fig-anova-posterior-predictive-1.png Graphic file (type png)
<use chapters/linear_models/07_piu_gruppi_contrasti_anova_files/figure-pdf/fig-anova-posterior-predictive-1.png>
Package luatex.def Info: chapters/linear_models/07_piu_gruppi_contrasti_anova_files/figure-pdf/fig-anova-posterior-predictive-1.png  used on input line 29154.
(luatex.def)             Requested size: 374.87764pt x 231.53156pt.

Underfull \vbox (badness 2027) has occurred while \output is active []

[502<./chapters/linear_models/07_piu_gruppi_contrasti_anova_files/figure-pdf/fig-anova-trace-1.png>] [503<./chapters/linear_models/07_piu_gruppi_contrasti_anova_files/figure-pdf/fig-anova-posterior-predictive-1.png>]
<chapters/linear_models/07_piu_gruppi_contrasti_anova_files/figure-pdf/fig-anova-groupwise-mean-ppc-1.png, id=3540, 578.16pt x 357.2547pt>
File: chapters/linear_models/07_piu_gruppi_contrasti_anova_files/figure-pdf/fig-anova-groupwise-mean-ppc-1.png Graphic file (type png)
<use chapters/linear_models/07_piu_gruppi_contrasti_anova_files/figure-pdf/fig-anova-groupwise-mean-ppc-1.png>
Package luatex.def Info: chapters/linear_models/07_piu_gruppi_contrasti_anova_files/figure-pdf/fig-anova-groupwise-mean-ppc-1.png  used on input line 29242.
(luatex.def)             Requested size: 374.86441pt x 231.63496pt.

Underfull \vbox (badness 10000) has occurred while \output is active []

[504] [505<./chapters/linear_models/07_piu_gruppi_contrasti_anova_files/figure-pdf/fig-anova-groupwise-mean-ppc-1.png>] [506]
Overfull \hbox (2.38586pt too wide) in paragraph at lines 29388--29391
[]\TU/LibertinusSerif(2)/m/n/10.95 Per cal-co-la-re le pro-ba-bi-li-tà di in-te-res-se, estra-ia-mo i draw dei con-tra-sti dal-l’og-get-to \TU/lmtt/m/n/10.95 subset_contrasts
 []

[507] [508] [509] [510] [511] [512]
Underfull \vbox (badness 4072) has occurred while \output is active []

[513]
Underfull \vbox (badness 10000) has occurred while \output is active []

[514]

Package tcolorbox Warning: The upper box part has become overfull on input line 29912.

[515] [516

]
chapter 30.

LaTeX Warning: Hyper reference `sec-percorsi-lettura' on page 517 undefined on input line 29978.

[517

]

LaTeX Warning: Reference `sec-anova1via' on page 518 undefined on input line 30029.


LaTeX Warning: Reference `sec-linmod-bayesian-reg' on page 518 undefined on input line 30034.


LaTeX Warning: Reference `sec-linar-models-brms' on page 518 undefined on input line 30037.


LaTeX Warning: Citation `ref-McElreath_rethinking' on page 518 undefined on input line 30041.


LaTeX Warning: Citation `ref-belenky2003patterns' on page 518 undefined on input line 30054.

[518]
<chapters/linear_models/08_modelli_multilivello_partial_pooling_files/figure-pdf/fig-sleep-trajectories-1.png, id=3639, 578.16pt x 357.2547pt>
File: chapters/linear_models/08_modelli_multilivello_partial_pooling_files/figure-pdf/fig-sleep-trajectories-1.png Graphic file (type png)
<use chapters/linear_models/08_modelli_multilivello_partial_pooling_files/figure-pdf/fig-sleep-trajectories-1.png>
Package luatex.def Info: chapters/linear_models/08_modelli_multilivello_partial_pooling_files/figure-pdf/fig-sleep-trajectories-1.png  used on input line 30104.
(luatex.def)             Requested size: 374.86441pt x 231.63496pt.
[519<./chapters/linear_models/08_modelli_multilivello_partial_pooling_files/figure-pdf/fig-sleep-trajectories-1.png>] [520]
<chapters/linear_models/08_modelli_multilivello_partial_pooling_files/figure-pdf/fig-complete-pooling-1.png, id=3654, 578.16pt x 357.2547pt>
File: chapters/linear_models/08_modelli_multilivello_partial_pooling_files/figure-pdf/fig-complete-pooling-1.png Graphic file (type png)
<use chapters/linear_models/08_modelli_multilivello_partial_pooling_files/figure-pdf/fig-complete-pooling-1.png>
Package luatex.def Info: chapters/linear_models/08_modelli_multilivello_partial_pooling_files/figure-pdf/fig-complete-pooling-1.png  used on input line 30201.
(luatex.def)             Requested size: 374.86441pt x 231.63496pt.
[521<./chapters/linear_models/08_modelli_multilivello_partial_pooling_files/figure-pdf/fig-complete-pooling-1.png>]
<chapters/linear_models/08_modelli_multilivello_partial_pooling_files/figure-pdf/fig-no-pooling-1.png, id=3662, 578.16pt x 357.2547pt>
File: chapters/linear_models/08_modelli_multilivello_partial_pooling_files/figure-pdf/fig-no-pooling-1.png Graphic file (type png)
<use chapters/linear_models/08_modelli_multilivello_partial_pooling_files/figure-pdf/fig-no-pooling-1.png>
Package luatex.def Info: chapters/linear_models/08_modelli_multilivello_partial_pooling_files/figure-pdf/fig-no-pooling-1.png  used on input line 30289.
(luatex.def)             Requested size: 374.86441pt x 231.63496pt.

Underfull \vbox (badness 10000) has occurred while \output is active []

[522] [523<./chapters/linear_models/08_modelli_multilivello_partial_pooling_files/figure-pdf/fig-no-pooling-1.png>]
Missing character: There is no 𝛴 (U+1D6F4) in font "name:Libertinus Serif/B:mode=base;script=latn;language=dflt;"!
Missing character: There is no 𝛴 (U+1D6F4) in font "name:Libertinus Serif/B:mode=base;script=latn;language=dflt;"!
Missing character: There is no 𝛴 (U+1D6F4) in font "name:Libertinus Serif/B:mode=base;script=latn;language=dflt;"!
[524] [525] [526]
<chapters/linear_models/08_modelli_multilivello_partial_pooling_files/figure-pdf/fig-prior-trajectories-multilevel-1.png, id=3693, 578.16pt x 357.2547pt>
File: chapters/linear_models/08_modelli_multilivello_partial_pooling_files/figure-pdf/fig-prior-trajectories-multilevel-1.png Graphic file (type png)
<use chapters/linear_models/08_modelli_multilivello_partial_pooling_files/figure-pdf/fig-prior-trajectories-multilevel-1.png>
Package luatex.def Info: chapters/linear_models/08_modelli_multilivello_partial_pooling_files/figure-pdf/fig-prior-trajectories-multilevel-1.png  used on input line 30607.
(luatex.def)             Requested size: 374.86441pt x 231.63496pt.
[527<./chapters/linear_models/08_modelli_multilivello_partial_pooling_files/figure-pdf/fig-prior-trajectories-multilevel-1.png>] [528]
<chapters/linear_models/08_modelli_multilivello_partial_pooling_files/figure-pdf/plots-mcmc-partial-pooling-1.png, id=3706, 505.89pt x 312.4473pt>
File: chapters/linear_models/08_modelli_multilivello_partial_pooling_files/figure-pdf/plots-mcmc-partial-pooling-1.png Graphic file (type png)
<use chapters/linear_models/08_modelli_multilivello_partial_pooling_files/figure-pdf/plots-mcmc-partial-pooling-1.png>
Package luatex.def Info: chapters/linear_models/08_modelli_multilivello_partial_pooling_files/figure-pdf/plots-mcmc-partial-pooling-1.png  used on input line 30702.
(luatex.def)             Requested size: 374.87764pt x 231.53156pt.
<chapters/linear_models/08_modelli_multilivello_partial_pooling_files/figure-pdf/plots-mcmc-partial-pooling-2.png, id=3707, 505.89pt x 312.4473pt>
File: chapters/linear_models/08_modelli_multilivello_partial_pooling_files/figure-pdf/plots-mcmc-partial-pooling-2.png Graphic file (type png)
<use chapters/linear_models/08_modelli_multilivello_partial_pooling_files/figure-pdf/plots-mcmc-partial-pooling-2.png>
Package luatex.def Info: chapters/linear_models/08_modelli_multilivello_partial_pooling_files/figure-pdf/plots-mcmc-partial-pooling-2.png  used on input line 30706.
(luatex.def)             Requested size: 374.87764pt x 231.53156pt.
[529<./chapters/linear_models/08_modelli_multilivello_partial_pooling_files/figure-pdf/plots-mcmc-partial-pooling-1.png><./chapters/linear_models/08_modelli_multilivello_partial_pooling_files/figure-pdf/plots-mcmc-partial-pooling-2.png>] [530] [531] [532] [533] [534]
<chapters/linear_models/08_modelli_multilivello_partial_pooling_files/figure-pdf/fig-shrinkage-1.png, id=3741, 505.89pt x 312.4473pt>
File: chapters/linear_models/08_modelli_multilivello_partial_pooling_files/figure-pdf/fig-shrinkage-1.png Graphic file (type png)
<use chapters/linear_models/08_modelli_multilivello_partial_pooling_files/figure-pdf/fig-shrinkage-1.png>
Package luatex.def Info: chapters/linear_models/08_modelli_multilivello_partial_pooling_files/figure-pdf/fig-shrinkage-1.png  used on input line 31057.
(luatex.def)             Requested size: 374.87764pt x 231.53156pt.
[535<./chapters/linear_models/08_modelli_multilivello_partial_pooling_files/figure-pdf/fig-shrinkage-1.png>] [536]
<chapters/linear_models/08_modelli_multilivello_partial_pooling_files/figure-pdf/fig-partial-pooling-trajectories-1.png, id=3753, 578.16pt x 357.2547pt>
File: chapters/linear_models/08_modelli_multilivello_partial_pooling_files/figure-pdf/fig-partial-pooling-trajectories-1.png Graphic file (type png)
<use chapters/linear_models/08_modelli_multilivello_partial_pooling_files/figure-pdf/fig-partial-pooling-trajectories-1.png>
Package luatex.def Info: chapters/linear_models/08_modelli_multilivello_partial_pooling_files/figure-pdf/fig-partial-pooling-trajectories-1.png  used on input line 31188.
(luatex.def)             Requested size: 374.86441pt x 231.63496pt.

Underfull \vbox (badness 10000) has occurred while \output is active []

[537] [538<./chapters/linear_models/08_modelli_multilivello_partial_pooling_files/figure-pdf/fig-partial-pooling-trajectories-1.png>] [539]
<chapters/linear_models/08_modelli_multilivello_partial_pooling_files/figure-pdf/ppc-density-multilevel-1.png, id=3773, 505.89pt x 312.4473pt>
File: chapters/linear_models/08_modelli_multilivello_partial_pooling_files/figure-pdf/ppc-density-multilevel-1.png Graphic file (type png)
<use chapters/linear_models/08_modelli_multilivello_partial_pooling_files/figure-pdf/ppc-density-multilevel-1.png>
Package luatex.def Info: chapters/linear_models/08_modelli_multilivello_partial_pooling_files/figure-pdf/ppc-density-multilevel-1.png  used on input line 31346.
(luatex.def)             Requested size: 374.87764pt x 231.53156pt.

Underfull \vbox (badness 10000) has occurred while \output is active []

[540]
<chapters/linear_models/08_modelli_multilivello_partial_pooling_files/figure-pdf/ppc-subject-means-multilevel-1.png, id=3779, 505.89pt x 312.4473pt>
File: chapters/linear_models/08_modelli_multilivello_partial_pooling_files/figure-pdf/ppc-subject-means-multilevel-1.png Graphic file (type png)
<use chapters/linear_models/08_modelli_multilivello_partial_pooling_files/figure-pdf/ppc-subject-means-multilevel-1.png>
Package luatex.def Info: chapters/linear_models/08_modelli_multilivello_partial_pooling_files/figure-pdf/ppc-subject-means-multilevel-1.png  used on input line 31368.
(luatex.def)             Requested size: 374.87764pt x 231.53156pt.
[541<./chapters/linear_models/08_modelli_multilivello_partial_pooling_files/figure-pdf/ppc-density-multilevel-1.png><./chapters/linear_models/08_modelli_multilivello_partial_pooling_files/figure-pdf/ppc-subject-means-multilevel-1.png>]
<chapters/linear_models/08_modelli_multilivello_partial_pooling_files/figure-pdf/ppc-subject-sd-multilevel-1.png, id=3786, 505.89pt x 312.4473pt>
File: chapters/linear_models/08_modelli_multilivello_partial_pooling_files/figure-pdf/ppc-subject-sd-multilevel-1.png Graphic file (type png)
<use chapters/linear_models/08_modelli_multilivello_partial_pooling_files/figure-pdf/ppc-subject-sd-multilevel-1.png>
Package luatex.def Info: chapters/linear_models/08_modelli_multilivello_partial_pooling_files/figure-pdf/ppc-subject-sd-multilevel-1.png  used on input line 31384.
(luatex.def)             Requested size: 374.87764pt x 231.53156pt.
[542<./chapters/linear_models/08_modelli_multilivello_partial_pooling_files/figure-pdf/ppc-subject-sd-multilevel-1.png>]

LaTeX Warning: Citation `ref-richters2021incredible' on page 543 undefined on input line 31483.

[543] [544]
Underfull \hbox (badness 1383) in paragraph at lines 31643--31645
\TU/LibertinusSerif(2)/m/n/10.95 Per cia-scu-no dei se-guen-ti stu-di, iden-ti-fi-ca il li-vel-lo del-le os-ser-va-zio-ni e il fat-to-re di
 []


LaTeX Warning: Reference `eq-multilevel-observation' on page 545 undefined on input line 31668.


LaTeX Warning: Reference `eq-multilevel-group' on page 545 undefined on input line 31669.

[545]
Underfull \hbox (badness 1688) in paragraph at lines 31746--31749
[]\TU/LibertinusSerif(2)/m/n/10.95 Lo sh-rin-ka-ge do-vreb-be au-men-ta-re quan-do di-mi-nui-sce la pre-ci-sio-ne del-la sti-ma
 []


Underfull \vbox (badness 10000) has occurred while \output is active []

[546]
Underfull \vbox (badness 10000) has occurred while \output is active []

[547]
Underfull \vbox (badness 10000) has occurred while \output is active []

[548]

Package tcolorbox Warning: The upper box part has become overfull on input line 31820.

[549] [550

]
chapter 31.

LaTeX Warning: Reference `sec-measurement-error-method-appendix' on page 551 undefined on input line 31846.


LaTeX Warning: Hyper reference `sec-percorsi-lettura' on page 551 undefined on input line 31872.


Underfull \vbox (badness 1297) has occurred while \output is active []

[551

]

LaTeX Warning: Reference `sec-linmod-bayesian-reg' on page 552 undefined on input line 31899.


LaTeX Warning: Reference `sec-multiple-regression' on page 552 undefined on input line 31900.


LaTeX Warning: Reference `sec-multilevel' on page 552 undefined on input line 31901.

[552] [553]
<chapters/linear_models/09_quando_il_modello_sbaglia_files/figure-pdf/fig-nonlinearity-check-1.png, id=3872, 505.89pt x 312.4473pt>
File: chapters/linear_models/09_quando_il_modello_sbaglia_files/figure-pdf/fig-nonlinearity-check-1.png Graphic file (type png)
<use chapters/linear_models/09_quando_il_modello_sbaglia_files/figure-pdf/fig-nonlinearity-check-1.png>
Package luatex.def Info: chapters/linear_models/09_quando_il_modello_sbaglia_files/figure-pdf/fig-nonlinearity-check-1.png  used on input line 32062.
(luatex.def)             Requested size: 374.87764pt x 231.53156pt.

Underfull \vbox (badness 10000) has occurred while \output is active []

[554] [555<./chapters/linear_models/09_quando_il_modello_sbaglia_files/figure-pdf/fig-nonlinearity-check-1.png>]

LaTeX Warning: Reference `sec-multilevel' on page 556 undefined on input line 32157.

[556]

LaTeX Warning: Reference `sec-measurement-error-method-appendix' on page 557 undefined on input line 32191.


LaTeX Warning: Reference `sec-association-prediction-causality' on page 557 undefined on input line 32229.

[557] [558]
Underfull \vbox (badness 10000) has occurred while \output is active []

[559]
Underfull \vbox (badness 10000) has occurred while \output is active []

[560]

Package tcolorbox Warning: The upper box part has become overfull on input line 32398.

[561] [562

]
chapter 32.

LaTeX Warning: Hyper reference `sec-percorsi-lettura' on page 563 undefined on input line 32464.


Underfull \hbox (badness 6825) in paragraph at lines 32490--32493
[]\TU/LibertinusSerif(2)/m/n/10.95 spie-ga-re per-ché l’in-fe-ren-za baye-sia-na quan-ti-fi-ca l’in-cer-tez-za ma non ri-sol-ve
 []

[563

]

LaTeX Warning: Reference `sec-causality-propedeutics' on page 564 undefined on input line 32506.


LaTeX Warning: Reference `sec-eda-causality' on page 564 undefined on input line 32507.

[564]
LaTeX Font Info:    Font shape `TU/LibertinusSans(1)/m/n' will be
(Font)              scaled to size 10.21198pt on input line 32592.
LaTeX Font Info:    Font shape `TU/LibertinusSans(1)/m/n' will be
(Font)              scaled to size 7.14838pt on input line 32592.
LaTeX Font Info:    Font shape `TU/LibertinusSans(1)/m/n' will be
(Font)              scaled to size 5.10599pt on input line 32592.
[565]

LaTeX Warning: Citation `ref-hernan2020' on page 566 undefined on input line 32710.

[566] [567]

LaTeX Warning: Citation `ref-wilms2021omitted' on page 568 undefined on input line 32846.

[568]
<chapters/linear_models/10_associazione_previsione_effetto_causale_files/figure-pdf/fig-observational-confounding-1.png, id=3967, 578.16pt x 357.2547pt>
File: chapters/linear_models/10_associazione_previsione_effetto_causale_files/figure-pdf/fig-observational-confounding-1.png Graphic file (type png)
<use chapters/linear_models/10_associazione_previsione_effetto_causale_files/figure-pdf/fig-observational-confounding-1.png>
Package luatex.def Info: chapters/linear_models/10_associazione_previsione_effetto_causale_files/figure-pdf/fig-observational-confounding-1.png  used on input line 32876.
(luatex.def)             Requested size: 374.86441pt x 231.63496pt.
[569<./chapters/linear_models/10_associazione_previsione_effetto_causale_files/figure-pdf/fig-observational-confounding-1.png>] [570] [571]

LaTeX Warning: Reference `sec-eda-causality' on page 572 undefined on input line 33058.

[572]

LaTeX Warning: Reference `sec-causality-propedeutics' on page 573 undefined on input line 33157.


LaTeX Warning: Reference `sec-eda-causality' on page 573 undefined on input line 33159.


LaTeX Warning: Citation `ref-hernan2020' on page 573 undefined on input line 33161.


LaTeX Warning: Citation `ref-McElreath_rethinking' on page 573 undefined on input line 33162.


LaTeX Warning: Citation `ref-byrnes2024causal' on page 573 undefined on input line 33163.


LaTeX Warning: Citation `ref-riedererdesignpatterns' on page 573 undefined on input line 33164.


LaTeX Warning: Citation `ref-alexander2023telling' on page 573 undefined on input line 33165.

[573]
Underfull \hbox (badness 1466) in paragraph at lines 33287--33289
[]\TU/LibertinusSerif(2)/m/n/10.95 Di quan-to cam-bie-reb-be l’an-sia se as-se-gnas-si-mo le per-so-ne a ot-to set-ti-ma-ne di
 []

[574] [575]
Underfull \hbox (badness 1546) in paragraph at lines 33387--33390
[]\TU/LibertinusSerif(2)/m/n/10.95 Le ore di stu-dio ap-par-ten-go-no al per-cor-so at-tra-ver-so cui il pro-gram-ma agi-sce.
 []


Underfull \vbox (badness 10000) has occurred while \output is active []

[576]
Underfull \vbox (badness 10000) has occurred while \output is active []

[577]

Package tcolorbox Warning: The upper box part has become overfull on input line 33475.

[578] [579

] [580

] [581] [582] [583] [584] [585]
part VI.
Package scrkbase Info: You've told me to use the font selection of the element
(scrkbase)             `partprefix' that is an alias of element `partnumber'
(scrkbase)              on input line 33969.
[586

]
Missing character: There is no 📍 (U+1F4CD) in font "name:Libertinus Sans/B:mode=node;script=latn;language=dflt;+tlig;"!
Missing character: There is no 📍 (U+1F4CD) in font "name:Libertinus Sans/B:mode=node;script=latn;language=dflt;+tlig;"!

LaTeX Warning: Reference `sec-association-prediction-causality' on page 587 undefined on input line 33982.

Missing character: There is no 🎯 (U+1F3AF) in font "name:Libertinus Serif:mode=node;script=latn;language=ITA;+tlig;family=rm;"!
Missing character: There is no 🎯 (U+1F3AF) in font "name:Libertinus Serif:mode=node;script=latn;language=ITA;+tlig;family=rm;"!

LaTeX Warning: Reference `sec-causality-propedeutics' on page 587 undefined on input line 34000.


LaTeX Warning: Reference `sec-eda-causality' on page 587 undefined on input line 34011.

Missing character: There is no 🔗 (U+1F517) in font "name:Libertinus Serif:mode=node;script=latn;language=ITA;+tlig;family=rm;"!
Missing character: There is no 🔗 (U+1F517) in font "name:Libertinus Serif:mode=node;script=latn;language=ITA;+tlig;family=rm;"!

LaTeX Warning: Reference `sec-model-misspecification' on page 587 undefined on input line 34025.


Overfull \hbox (146.82417pt too wide) detected at line 34061
[] \TU/latinmodern-math.otf(1)/b/n/10.95 ⟶ [] ⟶ [] ⟶ [] ⟶ [] ⟶ [].
 []

[587

Missing character: There is no 📍 (U+1F4CD) in font "name:Libertinus Sans/B:mode=node;script=latn;language=dflt;+tlig;"!
Missing character: There is no 🎯 (U+1F3AF) in font "name:Libertinus Serif:mode=node;script=latn;language=ITA;+tlig;family=rm;"!
Missing character: There is no 🔗 (U+1F517) in font "name:Libertinus Serif:mode=node;script=latn;language=ITA;+tlig;family=rm;"!
]
Missing character: There is no 📖 (U+1F4D6) in font "name:Libertinus Serif:mode=node;script=latn;language=ITA;+tlig;family=rm;"!
Missing character: There is no 📖 (U+1F4D6) in font "name:Libertinus Serif:mode=node;script=latn;language=ITA;+tlig;family=rm;"!

LaTeX Warning: Citation `ref-hernan2020' on page 588 undefined on input line 34084.


LaTeX Warning: Citation `ref-byrnes2024causal' on page 588 undefined on input line 34090.


LaTeX Warning: Citation `ref-riedererdesignpatterns' on page 588 undefined on input line 34091.


LaTeX Warning: Citation `ref-alexander2023telling' on page 588 undefined on input line 34092.

Missing character: There is no 🔗 (U+1F517) in font "name:Libertinus Serif:mode=node;script=latn;language=ITA;+tlig;family=rm;"!
Missing character: There is no 🔗 (U+1F517) in font "name:Libertinus Serif:mode=node;script=latn;language=ITA;+tlig;family=rm;"!
Missing character: There is no 🔗 (U+1F517) in font "name:Libertinus Serif:mode=node;script=latn;language=ITA;+tlig;family=rm;"!
Missing character: There is no 📍 (U+1F4CD) in font "name:Libertinus Serif/I:mode=node;script=latn;language=ITA;+tlig;family=rm;"!
Missing character: There is no 📍 (U+1F4CD) in font "name:Libertinus Serif/I:mode=node;script=latn;language=ITA;+tlig;family=rm;"!
[588
Missing character: There is no 📍 (U+1F4CD) in font "name:Libertinus Serif/I:mode=node;script=latn;language=ITA;+tlig;family=rm;"!
Missing character: There is no 📖 (U+1F4D6) in font "name:Libertinus Serif:mode=node;script=latn;language=ITA;+tlig;family=rm;"!
Missing character: There is no 🔗 (U+1F517) in font "name:Libertinus Serif:mode=node;script=latn;language=ITA;+tlig;family=rm;"!
]
chapter 33.

LaTeX Warning: Reference `sec-model-misspecification' on page 589 undefined on input line 34106.


LaTeX Warning: Reference `sec-association-prediction-causality' on page 589 undefined on input line 34109.


LaTeX Warning: Hyper reference `sec-percorsi-lettura' on page 589 undefined on input line 34152.


LaTeX Warning: Reference `sec-association-prediction-causality' on page 589 undefined on input line 34185.


LaTeX Warning: Reference `sec-model-misspecification' on page 589 undefined on input line 34188.

[589

] [590] [591]
<chapters/causality/01_specification_error_files/figure-pdf/fig-mappa-bias-1.png, id=4151, 505.89pt x 312.4473pt>
File: chapters/causality/01_specification_error_files/figure-pdf/fig-mappa-bias-1.png Graphic file (type png)
<use chapters/causality/01_specification_error_files/figure-pdf/fig-mappa-bias-1.png>
Package luatex.def Info: chapters/causality/01_specification_error_files/figure-pdf/fig-mappa-bias-1.png  used on input line 34349.
(luatex.def)             Requested size: 374.87764pt x 231.53156pt.
[592<./chapters/causality/01_specification_error_files/figure-pdf/fig-mappa-bias-1.png>] [593]

LaTeX Warning: Reference `sec-causality-propedeutics' on page 594 undefined on input line 34501.


LaTeX Warning: Reference `sec-eda-causality' on page 594 undefined on input line 34512.

[594] [595]
Underfull \vbox (badness 10000) has occurred while \output is active []

[596]

Package tcolorbox Warning: The upper box part has become overfull on input line 34662.

[597] [598

]
chapter 34.

LaTeX Warning: Reference `sec-eda-causality' on page 599 undefined on input line 34713.


LaTeX Warning: Citation `ref-hernan2020' on page 599 undefined on input line 34717.

LaTeX Font Info:    Font shape `TU/LibertinusSans(1)/m/n' will be
(Font)              scaled to size 8.39342pt on input line 34736.
LaTeX Font Info:    Font shape `TU/LibertinusSans(1)/m/n' will be
(Font)              scaled to size 5.59561pt on input line 34736.
LaTeX Font Info:    Font shape `TU/LibertinusSans(1)/m/n' will be
(Font)              scaled to size 4.66301pt on input line 34736.

LaTeX Warning: Hyper reference `sec-percorsi-lettura' on page 599 undefined on input line 34766.

[599

] [600] [601] [602]

LaTeX Warning: Reference `sec-eda-causality' on page 603 undefined on input line 35017.

[603] [604]
<chapters/causality/02_propedeutic_causality_files/figure-pdf/sim-confounding-1.png, id=4227, 505.89pt x 312.4473pt>
File: chapters/causality/02_propedeutic_causality_files/figure-pdf/sim-confounding-1.png Graphic file (type png)
<use chapters/causality/02_propedeutic_causality_files/figure-pdf/sim-confounding-1.png>
Package luatex.def Info: chapters/causality/02_propedeutic_causality_files/figure-pdf/sim-confounding-1.png  used on input line 35165.
(luatex.def)             Requested size: 374.87764pt x 231.53156pt.
[605<./chapters/causality/02_propedeutic_causality_files/figure-pdf/sim-confounding-1.png>]
<chapters/causality/02_propedeutic_causality_files/figure-pdf/sim-randomization-null-1.png, id=4236, 867.24pt x 535.7616pt>
File: chapters/causality/02_propedeutic_causality_files/figure-pdf/sim-randomization-null-1.png Graphic file (type png)
<use chapters/causality/02_propedeutic_causality_files/figure-pdf/sim-randomization-null-1.png>
Package luatex.def Info: chapters/causality/02_propedeutic_causality_files/figure-pdf/sim-randomization-null-1.png  used on input line 35210.
(luatex.def)             Requested size: 374.86443pt x 231.5829pt.
[606<./chapters/causality/02_propedeutic_causality_files/figure-pdf/sim-randomization-null-1.png>]
<chapters/causality/02_propedeutic_causality_files/figure-pdf/sim-true-effect-1.png, id=4244, 867.24pt x 535.7616pt>
File: chapters/causality/02_propedeutic_causality_files/figure-pdf/sim-true-effect-1.png Graphic file (type png)
<use chapters/causality/02_propedeutic_causality_files/figure-pdf/sim-true-effect-1.png>
Package luatex.def Info: chapters/causality/02_propedeutic_causality_files/figure-pdf/sim-true-effect-1.png  used on input line 35248.
(luatex.def)             Requested size: 374.86443pt x 231.5829pt.

LaTeX Warning: Reference `sec-eda-causality' on page 607 undefined on input line 35275.

[607<./chapters/causality/02_propedeutic_causality_files/figure-pdf/sim-true-effect-1.png>]
Underfull \vbox (badness 2478) has occurred while \output is active []

[608]
<chapters/causality/02_propedeutic_causality_files/figure-pdf/exercise-simpson-1.png, id=4257, 867.24pt x 535.7616pt>
File: chapters/causality/02_propedeutic_causality_files/figure-pdf/exercise-simpson-1.png Graphic file (type png)
<use chapters/causality/02_propedeutic_causality_files/figure-pdf/exercise-simpson-1.png>
Package luatex.def Info: chapters/causality/02_propedeutic_causality_files/figure-pdf/exercise-simpson-1.png  used on input line 35394.
(luatex.def)             Requested size: 374.86443pt x 231.5829pt.
[609<./chapters/causality/02_propedeutic_causality_files/figure-pdf/exercise-simpson-1.png>]

LaTeX Warning: Reference `sec-eda-causality' on page 610 undefined on input line 35427.

[610] [611]

LaTeX Warning: Reference `sec-eda-causality' on page 612 undefined on input line 35542.


Underfull \vbox (badness 10000) has occurred while \output is active []

[612]
Underfull \vbox (badness 10000) has occurred while \output is active []

[613]

Package tcolorbox Warning: The upper box part has become overfull on input line 35627.

[614] [615

]
chapter 35.

LaTeX Warning: Reference `sec-causality-propedeutics' on page 616 undefined on input line 35635.


LaTeX Warning: Hyper reference `sec-percorsi-lettura' on page 616 undefined on input line 35700.

[616

]

LaTeX Warning: Citation `ref-byrnes2024causal' on page 617 undefined on input line 35730.


LaTeX Warning: Citation `ref-riedererdesignpatterns' on page 617 undefined on input line 35733.


LaTeX Warning: Citation `ref-alexander2023telling' on page 617 undefined on input line 35747.

[617] [618] [619]
Underfull \hbox (badness 5563) in paragraph at lines 36035--36042
[]\TU/LibertinusSerif(2)/m/n/10.95 Il gra-fo cau-sa-le cor-ri-spon-den-te in-clu-de i per-cor-si \TU/lmtt/m/n/10.95 Solitudine → Uso Social Media \TU/LibertinusSerif(2)/m/n/10.95 e
 []

[620] [621]
Underfull \hbox (badness 10000) in paragraph at lines 36162--36163

 []


Underfull \hbox (badness 10000) in paragraph at lines 36176--36177

 []


Underfull \hbox (badness 10000) in paragraph at lines 36184--36187

 []


Underfull \hbox (badness 10000) in paragraph at lines 36190--36191

 []


Underfull \hbox (badness 10000) in paragraph at lines 36206--36207

 []

[622] [623]
Overfull \hbox (1.85202pt too wide) in paragraph at lines 36392--36392
[]|$\TU/latinmodern-math.otf(1)/b/n/10.95 𝑋 → 
 []


Overfull \hbox (1.85202pt too wide) in paragraph at lines 36394--36394
[]|$\TU/latinmodern-math.otf(1)/b/n/10.95 𝑋 ← 
 []


Overfull \hbox (1.85202pt too wide) in paragraph at lines 36397--36397
[]|$\TU/latinmodern-math.otf(1)/b/n/10.95 𝑋 → 
 []

[624]
Underfull \hbox (badness 10000) in paragraph at lines 36408--36411

 []


Underfull \hbox (badness 10000) in paragraph at lines 36411--36414

 []

<chapters/causality/03_causality_files/figure-pdf/fig-dag-quad-1.png, id=4376, 578.16pt x 357.2547pt>
File: chapters/causality/03_causality_files/figure-pdf/fig-dag-quad-1.png Graphic file (type png)
<use chapters/causality/03_causality_files/figure-pdf/fig-dag-quad-1.png>
Package luatex.def Info: chapters/causality/03_causality_files/figure-pdf/fig-dag-quad-1.png  used on input line 36433.
(luatex.def)             Requested size: 374.86441pt x 231.63496pt.

Underfull \hbox (badness 10000) in paragraph at lines 36452--36455

 []

[625] [626<./chapters/causality/03_causality_files/figure-pdf/fig-dag-quad-1.png>] [627] [628] [629] [630]
Underfull \hbox (badness 10000) in paragraph at lines 36852--36855

 []

[631]

LaTeX Warning: Citation `ref-McElreath_rethinking' on page 632 undefined on input line 36985.

[632]
Underfull \vbox (badness 10000) has occurred while \output is active []

[633]
Underfull \vbox (badness 10000) has occurred while \output is active []

[634]

Package tcolorbox Warning: The upper box part has become overfull on input line 37055.

[635] [636

] [637

]
part VII.
Package scrkbase Info: You've told me to use the font selection of the element
(scrkbase)             `partprefix' that is an alias of element `partnumber'
(scrkbase)              on input line 37134.
[638

] [639

]

LaTeX Warning: Reference `sec-reg-logistic-stan' on page 640 undefined on input line 37261.


LaTeX Warning: Reference `sec-poisson-model' on page 640 undefined on input line 37275.


LaTeX Warning: Reference `sec-ar1' on page 640 undefined on input line 37283.

[640] [641]
chapter 36.

LaTeX Warning: Hyper reference `sec-percorsi-lettura' on page 642 undefined on input line 37360.


LaTeX Warning: Citation `ref-fox2015applied' on page 642 undefined on input line 37372.


Underfull \vbox (badness 1337) has occurred while \output is active []

[642

] [643] [644]
<chapters/glm/01_regressione_logistica_files/figure-pdf/unnamed-chunk-3-1.png, id=4500, 505.89pt x 312.4473pt>
File: chapters/glm/01_regressione_logistica_files/figure-pdf/unnamed-chunk-3-1.png Graphic file (type png)
<use chapters/glm/01_regressione_logistica_files/figure-pdf/unnamed-chunk-3-1.png>
Package luatex.def Info: chapters/glm/01_regressione_logistica_files/figure-pdf/unnamed-chunk-3-1.png  used on input line 37550.
(luatex.def)             Requested size: 374.87764pt x 231.53156pt.
[645<./chapters/glm/01_regressione_logistica_files/figure-pdf/unnamed-chunk-3-1.png>] [646] [647]
<chapters/glm/01_regressione_logistica_files/figure-pdf/unnamed-chunk-6-1.png, id=4519, 505.89pt x 312.4473pt>
File: chapters/glm/01_regressione_logistica_files/figure-pdf/unnamed-chunk-6-1.png Graphic file (type png)
<use chapters/glm/01_regressione_logistica_files/figure-pdf/unnamed-chunk-6-1.png>
Package luatex.def Info: chapters/glm/01_regressione_logistica_files/figure-pdf/unnamed-chunk-6-1.png  used on input line 37721.
(luatex.def)             Requested size: 374.87764pt x 231.53156pt.
[648<./chapters/glm/01_regressione_logistica_files/figure-pdf/unnamed-chunk-6-1.png>]
<chapters/glm/01_regressione_logistica_files/figure-pdf/unnamed-chunk-9-1.png, id=4526, 505.89pt x 312.4473pt>
File: chapters/glm/01_regressione_logistica_files/figure-pdf/unnamed-chunk-9-1.png Graphic file (type png)
<use chapters/glm/01_regressione_logistica_files/figure-pdf/unnamed-chunk-9-1.png>
Package luatex.def Info: chapters/glm/01_regressione_logistica_files/figure-pdf/unnamed-chunk-9-1.png  used on input line 37795.
(luatex.def)             Requested size: 374.87764pt x 231.53156pt.
[649<./chapters/glm/01_regressione_logistica_files/figure-pdf/unnamed-chunk-9-1.png>] [650] [651]
<chapters/glm/01_regressione_logistica_files/figure-pdf/unnamed-chunk-14-1.png, id=4542, 505.89pt x 312.4473pt>
File: chapters/glm/01_regressione_logistica_files/figure-pdf/unnamed-chunk-14-1.png Graphic file (type png)
<use chapters/glm/01_regressione_logistica_files/figure-pdf/unnamed-chunk-14-1.png>
Package luatex.def Info: chapters/glm/01_regressione_logistica_files/figure-pdf/unnamed-chunk-14-1.png  used on input line 52436.
(luatex.def)             Requested size: 374.87764pt x 231.53156pt.

Underfull \vbox (badness 1331) has occurred while \output is active []

[652]
<chapters/glm/01_regressione_logistica_files/figure-pdf/unnamed-chunk-16-1.png, id=4548, 505.89pt x 312.4473pt>
File: chapters/glm/01_regressione_logistica_files/figure-pdf/unnamed-chunk-16-1.png Graphic file (type png)
<use chapters/glm/01_regressione_logistica_files/figure-pdf/unnamed-chunk-16-1.png>
Package luatex.def Info: chapters/glm/01_regressione_logistica_files/figure-pdf/unnamed-chunk-16-1.png  used on input line 52469.
(luatex.def)             Requested size: 374.87764pt x 231.53156pt.

Underfull \vbox (badness 5847) has occurred while \output is active []

[653<./chapters/glm/01_regressione_logistica_files/figure-pdf/unnamed-chunk-14-1.png>] [654<./chapters/glm/01_regressione_logistica_files/figure-pdf/unnamed-chunk-16-1.png>]
<chapters/glm/01_regressione_logistica_files/figure-pdf/unnamed-chunk-17-1.png, id=4561, 505.89pt x 312.4473pt>
File: chapters/glm/01_regressione_logistica_files/figure-pdf/unnamed-chunk-17-1.png Graphic file (type png)
<use chapters/glm/01_regressione_logistica_files/figure-pdf/unnamed-chunk-17-1.png>
Package luatex.def Info: chapters/glm/01_regressione_logistica_files/figure-pdf/unnamed-chunk-17-1.png  used on input line 52531.
(luatex.def)             Requested size: 374.87764pt x 231.53156pt.
[655<./chapters/glm/01_regressione_logistica_files/figure-pdf/unnamed-chunk-17-1.png>] [656]
Underfull \vbox (badness 10000) has occurred while \output is active []

[657]
Underfull \vbox (badness 10000) has occurred while \output is active []

[658]

Package tcolorbox Warning: The upper box part has become overfull on input line 52700.

[659] [660

]
chapter 37.

LaTeX Warning: Citation `ref-bruckner2005after' on page 661 undefined on input line 52732.


LaTeX Warning: Citation `ref-wagenmakers2010bayesian' on page 661 undefined on input line 52734.


LaTeX Warning: Hyper reference `sec-percorsi-lettura' on page 661 undefined on input line 52772.

[661

]

LaTeX Warning: Reference `sec-reg-logistic-stan' on page 662 undefined on input line 52779.


LaTeX Warning: Citation `ref-albert_2019prob' on page 662 undefined on input line 52782.

[662]
<chapters/glm/02_proporzioni_files/figure-pdf/unnamed-chunk-3-1.png, id=4601, 505.89pt x 312.4473pt>
File: chapters/glm/02_proporzioni_files/figure-pdf/unnamed-chunk-3-1.png Graphic file (type png)
<use chapters/glm/02_proporzioni_files/figure-pdf/unnamed-chunk-3-1.png>
Package luatex.def Info: chapters/glm/02_proporzioni_files/figure-pdf/unnamed-chunk-3-1.png  used on input line 52903.
(luatex.def)             Requested size: 374.87764pt x 231.53156pt.
[663] [664<./chapters/glm/02_proporzioni_files/figure-pdf/unnamed-chunk-3-1.png>] [665]

LaTeX Warning: Citation `ref-kruschke2018bayesian' on page 666 undefined on input line 53021.

[666]
<chapters/glm/02_proporzioni_files/figure-pdf/unnamed-chunk-9-1.png, id=4624, 505.89pt x 312.4473pt>
File: chapters/glm/02_proporzioni_files/figure-pdf/unnamed-chunk-9-1.png Graphic file (type png)
<use chapters/glm/02_proporzioni_files/figure-pdf/unnamed-chunk-9-1.png>
Package luatex.def Info: chapters/glm/02_proporzioni_files/figure-pdf/unnamed-chunk-9-1.png  used on input line 53078.
(luatex.def)             Requested size: 374.87764pt x 231.53156pt.
[667<./chapters/glm/02_proporzioni_files/figure-pdf/unnamed-chunk-9-1.png>] [668]
<chapters/glm/02_proporzioni_files/figure-pdf/unnamed-chunk-11-1.png, id=4637, 505.89pt x 312.4473pt>
File: chapters/glm/02_proporzioni_files/figure-pdf/unnamed-chunk-11-1.png Graphic file (type png)
<use chapters/glm/02_proporzioni_files/figure-pdf/unnamed-chunk-11-1.png>
Package luatex.def Info: chapters/glm/02_proporzioni_files/figure-pdf/unnamed-chunk-11-1.png  used on input line 53236.
(luatex.def)             Requested size: 374.87764pt x 231.53156pt.

Underfull \vbox (badness 1565) has occurred while \output is active []

[669] [670<./chapters/glm/02_proporzioni_files/figure-pdf/unnamed-chunk-11-1.png>]
<chapters/glm/02_proporzioni_files/figure-pdf/unnamed-chunk-14-1.png, id=4650, 505.89pt x 312.4473pt>
File: chapters/glm/02_proporzioni_files/figure-pdf/unnamed-chunk-14-1.png Graphic file (type png)
<use chapters/glm/02_proporzioni_files/figure-pdf/unnamed-chunk-14-1.png>
Package luatex.def Info: chapters/glm/02_proporzioni_files/figure-pdf/unnamed-chunk-14-1.png  used on input line 53310.
(luatex.def)             Requested size: 374.87764pt x 231.53156pt.
[671<./chapters/glm/02_proporzioni_files/figure-pdf/unnamed-chunk-14-1.png>] [672] [673]
<chapters/glm/02_proporzioni_files/figure-pdf/unnamed-chunk-18-1.png, id=4667, 505.89pt x 312.4473pt>
File: chapters/glm/02_proporzioni_files/figure-pdf/unnamed-chunk-18-1.png Graphic file (type png)
<use chapters/glm/02_proporzioni_files/figure-pdf/unnamed-chunk-18-1.png>
Package luatex.def Info: chapters/glm/02_proporzioni_files/figure-pdf/unnamed-chunk-18-1.png  used on input line 53463.
(luatex.def)             Requested size: 374.87764pt x 231.53156pt.
[674<./chapters/glm/02_proporzioni_files/figure-pdf/unnamed-chunk-18-1.png>]
<chapters/glm/02_proporzioni_files/figure-pdf/unnamed-chunk-19-1.png, id=4673, 505.89pt x 312.4473pt>
File: chapters/glm/02_proporzioni_files/figure-pdf/unnamed-chunk-19-1.png Graphic file (type png)
<use chapters/glm/02_proporzioni_files/figure-pdf/unnamed-chunk-19-1.png>
Package luatex.def Info: chapters/glm/02_proporzioni_files/figure-pdf/unnamed-chunk-19-1.png  used on input line 53492.
(luatex.def)             Requested size: 374.87764pt x 231.53156pt.
[675<./chapters/glm/02_proporzioni_files/figure-pdf/unnamed-chunk-19-1.png>]
<chapters/glm/02_proporzioni_files/figure-pdf/unnamed-chunk-20-1.png, id=4680, 505.89pt x 312.4473pt>
File: chapters/glm/02_proporzioni_files/figure-pdf/unnamed-chunk-20-1.png Graphic file (type png)
<use chapters/glm/02_proporzioni_files/figure-pdf/unnamed-chunk-20-1.png>
Package luatex.def Info: chapters/glm/02_proporzioni_files/figure-pdf/unnamed-chunk-20-1.png  used on input line 53543.
(luatex.def)             Requested size: 374.87764pt x 231.53156pt.

LaTeX Warning: Citation `ref-banerjee2025children' on page 676 undefined on input line 53557.

[676<./chapters/glm/02_proporzioni_files/figure-pdf/unnamed-chunk-20-1.png>] [677]
Underfull \vbox (badness 10000) has occurred while \output is active []

[678]
Underfull \vbox (badness 10000) has occurred while \output is active []

[679]

Package tcolorbox Warning: The upper box part has become overfull on input line 53718.

[680] [681

]
chapter 38.

LaTeX Warning: Hyper reference `sec-percorsi-lettura' on page 682 undefined on input line 53792.


LaTeX Warning: Reference `sec-reg-logistic-stan' on page 682 undefined on input line 53799.


LaTeX Warning: Citation `ref-ross2021racial' on page 682 undefined on input line 53802.

[682

] [683] [684]

LaTeX Warning: Citation `ref-ross2021racial' on page 685 undefined on input line 53979.

[685] [686]
<chapters/glm/03_modelli_conteggio_files/figure-pdf/unnamed-chunk-4-1.png, id=4739, 505.89pt x 312.4473pt>
File: chapters/glm/03_modelli_conteggio_files/figure-pdf/unnamed-chunk-4-1.png Graphic file (type png)
<use chapters/glm/03_modelli_conteggio_files/figure-pdf/unnamed-chunk-4-1.png>
Package luatex.def Info: chapters/glm/03_modelli_conteggio_files/figure-pdf/unnamed-chunk-4-1.png  used on input line 54109.
(luatex.def)             Requested size: 374.87764pt x 231.53156pt.

Underfull \vbox (badness 10000) has occurred while \output is active []

[687] [688<./chapters/glm/03_modelli_conteggio_files/figure-pdf/unnamed-chunk-4-1.png>]
<chapters/glm/03_modelli_conteggio_files/figure-pdf/unnamed-chunk-6-1.png, id=4750, 505.89pt x 312.4473pt>
File: chapters/glm/03_modelli_conteggio_files/figure-pdf/unnamed-chunk-6-1.png Graphic file (type png)
<use chapters/glm/03_modelli_conteggio_files/figure-pdf/unnamed-chunk-6-1.png>
Package luatex.def Info: chapters/glm/03_modelli_conteggio_files/figure-pdf/unnamed-chunk-6-1.png  used on input line 54172.
(luatex.def)             Requested size: 374.87764pt x 231.53156pt.
[689<./chapters/glm/03_modelli_conteggio_files/figure-pdf/unnamed-chunk-6-1.png>] [690]
<chapters/glm/03_modelli_conteggio_files/figure-pdf/unnamed-chunk-8-1.png, id=4762, 505.89pt x 312.4473pt>
File: chapters/glm/03_modelli_conteggio_files/figure-pdf/unnamed-chunk-8-1.png Graphic file (type png)
<use chapters/glm/03_modelli_conteggio_files/figure-pdf/unnamed-chunk-8-1.png>
Package luatex.def Info: chapters/glm/03_modelli_conteggio_files/figure-pdf/unnamed-chunk-8-1.png  used on input line 54273.
(luatex.def)             Requested size: 374.87764pt x 231.53156pt.
[691<./chapters/glm/03_modelli_conteggio_files/figure-pdf/unnamed-chunk-8-1.png>]
<chapters/glm/03_modelli_conteggio_files/figure-pdf/unnamed-chunk-9-1.png, id=4769, 505.89pt x 312.4473pt>
File: chapters/glm/03_modelli_conteggio_files/figure-pdf/unnamed-chunk-9-1.png Graphic file (type png)
<use chapters/glm/03_modelli_conteggio_files/figure-pdf/unnamed-chunk-9-1.png>
Package luatex.def Info: chapters/glm/03_modelli_conteggio_files/figure-pdf/unnamed-chunk-9-1.png  used on input line 54320.
(luatex.def)             Requested size: 374.87764pt x 231.53156pt.
[692<./chapters/glm/03_modelli_conteggio_files/figure-pdf/unnamed-chunk-9-1.png>]
<chapters/glm/03_modelli_conteggio_files/figure-pdf/unnamed-chunk-10-1.png, id=4775, 505.89pt x 312.4473pt>
File: chapters/glm/03_modelli_conteggio_files/figure-pdf/unnamed-chunk-10-1.png Graphic file (type png)
<use chapters/glm/03_modelli_conteggio_files/figure-pdf/unnamed-chunk-10-1.png>
Package luatex.def Info: chapters/glm/03_modelli_conteggio_files/figure-pdf/unnamed-chunk-10-1.png  used on input line 54370.
(luatex.def)             Requested size: 374.87764pt x 231.53156pt.
[693<./chapters/glm/03_modelli_conteggio_files/figure-pdf/unnamed-chunk-10-1.png>] [694] [695] [696]
Underfull \vbox (badness 10000) has occurred while \output is active []

[697]

Package tcolorbox Warning: The upper box part has become overfull on input line 54625.

[698] [699

]
chapter 39.

LaTeX Warning: Citation `ref-chatfield2019analysis' on page 700 undefined on input line 54681.


LaTeX Warning: Hyper reference `sec-percorsi-lettura' on page 700 undefined on input line 54717.

[700

]
Underfull \vbox (badness 1629) has occurred while \output is active []

[701] [702]
Underfull \vbox (badness 10000) detected at line 54910
 []


Underfull \vbox (badness 10000) detected at line 54910
 []

[703]
<chapters/glm/04_dal_glm_al_modello_processuale_files/figure-pdf/unnamed-chunk-3-1.png, id=4828, 505.89pt x 312.4473pt>
File: chapters/glm/04_dal_glm_al_modello_processuale_files/figure-pdf/unnamed-chunk-3-1.png Graphic file (type png)
<use chapters/glm/04_dal_glm_al_modello_processuale_files/figure-pdf/unnamed-chunk-3-1.png>
Package luatex.def Info: chapters/glm/04_dal_glm_al_modello_processuale_files/figure-pdf/unnamed-chunk-3-1.png  used on input line 54933.
(luatex.def)             Requested size: 374.87764pt x 231.53156pt.
[704<./chapters/glm/04_dal_glm_al_modello_processuale_files/figure-pdf/unnamed-chunk-3-1.png>] [705] [706]
<chapters/glm/04_dal_glm_al_modello_processuale_files/figure-pdf/unnamed-chunk-8-1.png, id=4845, 505.89pt x 312.4473pt>
File: chapters/glm/04_dal_glm_al_modello_processuale_files/figure-pdf/unnamed-chunk-8-1.png Graphic file (type png)
<use chapters/glm/04_dal_glm_al_modello_processuale_files/figure-pdf/unnamed-chunk-8-1.png>
Package luatex.def Info: chapters/glm/04_dal_glm_al_modello_processuale_files/figure-pdf/unnamed-chunk-8-1.png  used on input line 55085.
(luatex.def)             Requested size: 374.87764pt x 231.53156pt.
[707<./chapters/glm/04_dal_glm_al_modello_processuale_files/figure-pdf/unnamed-chunk-8-1.png>] [708] [709]
<chapters/glm/04_dal_glm_al_modello_processuale_files/figure-pdf/unnamed-chunk-14-1.png, id=4863, 505.89pt x 312.4473pt>
File: chapters/glm/04_dal_glm_al_modello_processuale_files/figure-pdf/unnamed-chunk-14-1.png Graphic file (type png)
<use chapters/glm/04_dal_glm_al_modello_processuale_files/figure-pdf/unnamed-chunk-14-1.png>
Package luatex.def Info: chapters/glm/04_dal_glm_al_modello_processuale_files/figure-pdf/unnamed-chunk-14-1.png  used on input line 55275.
(luatex.def)             Requested size: 374.87764pt x 231.53156pt.

Underfull \vbox (badness 10000) has occurred while \output is active []

[710]

LaTeX Warning: Reference `sec-dynamic-models-goal-updating' on page 711 undefined on input line 55322.


LaTeX Warning: Reference `sec-dynamic-models-rescorla-wagner' on page 711 undefined on input line 55324.

[711<./chapters/glm/04_dal_glm_al_modello_processuale_files/figure-pdf/unnamed-chunk-14-1.png>]

LaTeX Warning: Reference `sec-bayes-stat-models' on page 712 undefined on input line 55346.

[712]
Underfull \vbox (badness 10000) has occurred while \output is active []

[713]

Package tcolorbox Warning: The upper box part has become overfull on input line 55467.

[714] [715

] [716

] [717] [718]
part VIII.
Package scrkbase Info: You've told me to use the font selection of the element
(scrkbase)             `partprefix' that is an alias of element `partnumber'
(scrkbase)              on input line 55646.
[719

]

LaTeX Warning: Citation `ref-gelman2021regression' on page 720 undefined on input line 55700.

[720

] [721]
Overfull \hbox (213.64742pt too wide) detected at line 55842
[] \TU/latinmodern-math.otf(1)/b/n/10.95 ⟶ [] ⟶ [] ⟶ [] ⟶ [] ⟶ [] ⟶ [].
 []


LaTeX Warning: Citation `ref-McElreath_rethinking' on page 722 undefined on input line 55884.

[722]

LaTeX Warning: Reference `sec-bayes-stat-models' on page 723 undefined on input line 55937.


LaTeX Warning: Reference `sec-dynamic-models-goal-updating' on page 723 undefined on input line 55947.


LaTeX Warning: Citation `ref-hayes2019role' on page 723 undefined on input line 55952.


LaTeX Warning: Citation `ref-knight2023tutorial' on page 723 undefined on input line 55952.


LaTeX Warning: Reference `sec-formal-models-developments' on page 723 undefined on input line 55958.


LaTeX Warning: Reference `sec-dynamic-models-rescorla-wagner' on page 723 undefined on input line 55968.


LaTeX Warning: Citation `ref-rescorla1972theory' on page 723 undefined on input line 55971.


LaTeX Warning: Reference `sec-decision-analysis' on page 723 undefined on input line 55980.


LaTeX Warning: Citation `ref-gelman1995bayesian' on page 723 undefined on input line 55985.

[723] [724]
chapter 40.

LaTeX Warning: Hyper reference `sec-percorsi-lettura' on page 725 undefined on input line 56075.


LaTeX Warning: Citation `ref-kroese2025statistical' on page 725 undefined on input line 56117.

[725

] [726] [727]
<chapters/formal_models/01_dalla_descrizione_alla_spiegazione_files/figure-pdf/fig-fixed-distribution-1.png, id=4954, 505.89pt x 312.4473pt>
File: chapters/formal_models/01_dalla_descrizione_alla_spiegazione_files/figure-pdf/fig-fixed-distribution-1.png Graphic file (type png)
<use chapters/formal_models/01_dalla_descrizione_alla_spiegazione_files/figure-pdf/fig-fixed-distribution-1.png>
Package luatex.def Info: chapters/formal_models/01_dalla_descrizione_alla_spiegazione_files/figure-pdf/fig-fixed-distribution-1.png  used on input line 56276.
(luatex.def)             Requested size: 374.87764pt x 231.53156pt.
[728<./chapters/formal_models/01_dalla_descrizione_alla_spiegazione_files/figure-pdf/fig-fixed-distribution-1.png>]
<chapters/formal_models/01_dalla_descrizione_alla_spiegazione_files/figure-pdf/fig-dynamic-process-1.png, id=4963, 578.16pt x 357.2547pt>
File: chapters/formal_models/01_dalla_descrizione_alla_spiegazione_files/figure-pdf/fig-dynamic-process-1.png Graphic file (type png)
<use chapters/formal_models/01_dalla_descrizione_alla_spiegazione_files/figure-pdf/fig-dynamic-process-1.png>
Package luatex.def Info: chapters/formal_models/01_dalla_descrizione_alla_spiegazione_files/figure-pdf/fig-dynamic-process-1.png  used on input line 56326.
(luatex.def)             Requested size: 374.86441pt x 231.63496pt.

Underfull \vbox (badness 10000) has occurred while \output is active []

[729<./chapters/formal_models/01_dalla_descrizione_alla_spiegazione_files/figure-pdf/fig-dynamic-process-1.png>] [730]

LaTeX Warning: Citation `ref-McElreath_rethinking' on page 731 undefined on input line 56468.

[731]
<chapters/formal_models/01_dalla_descrizione_alla_spiegazione_files/figure-pdf/fig-observational-equivalence-1.png, id=4991, 578.16pt x 357.2547pt>
File: chapters/formal_models/01_dalla_descrizione_alla_spiegazione_files/figure-pdf/fig-observational-equivalence-1.png Graphic file (type png)
<use chapters/formal_models/01_dalla_descrizione_alla_spiegazione_files/figure-pdf/fig-observational-equivalence-1.png>
Package luatex.def Info: chapters/formal_models/01_dalla_descrizione_alla_spiegazione_files/figure-pdf/fig-observational-equivalence-1.png  used on input line 56514.
(luatex.def)             Requested size: 374.86441pt x 231.63496pt.
[732<./chapters/formal_models/01_dalla_descrizione_alla_spiegazione_files/figure-pdf/fig-observational-equivalence-1.png>] [733] [734] [735]

LaTeX Warning: Citation `ref-gelman2021regression' on page 736 undefined on input line 56801.


LaTeX Warning: Citation `ref-McElreath_rethinking' on page 736 undefined on input line 56802.


LaTeX Warning: Reference `sec-dynamic-models-goal-updating' on page 736 undefined on input line 56864.


LaTeX Warning: Citation `ref-hayes2019role' on page 736 undefined on input line 56868.


LaTeX Warning: Citation `ref-knight2023tutorial' on page 736 undefined on input line 56869.

[736]
Underfull \hbox (badness 1728) in paragraph at lines 56940--56942
\TU/LibertinusSerif(2)/m/n/10.95 For-ni-sci un esem-pio nel qua-le un mo-del-lo pos-sa adat-tar-si be-ne ai da-ti pur aven-do
 []


Underfull \hbox (badness 6775) in paragraph at lines 56951--56953
\TU/LibertinusSerif(2)/m/n/10.95 󰀺ua-li evi-den-ze ri-chie-de-re-sti pri-ma di in-ter-pre-ta-re un pa-ra-me-tro co-me «tas-so di
 []

[737]
Underfull \vbox (badness 10000) has occurred while \output is active []

[738]
Underfull \vbox (badness 10000) has occurred while \output is active []

[739]

Package tcolorbox Warning: The upper box part has become overfull on input line 57085.

[740] [741

]
chapter 41.

LaTeX Warning: Hyper reference `sec-percorsi-lettura' on page 742 undefined on input line 57131.

[742

]

LaTeX Warning: Reference `sec-bayes-stat-models' on page 743 undefined on input line 57184.


LaTeX Warning: Citation `ref-hayes2019role' on page 743 undefined on input line 57192.


LaTeX Warning: Citation `ref-knight2023tutorial' on page 743 undefined on input line 57218.

[743] [744]
<chapters/formal_models/02_costruire_modello_dinamico_files/figure-pdf/fig-goal-parameter-scenarios-1.png, id=5114, 650.43pt x 401.8212pt>
File: chapters/formal_models/02_costruire_modello_dinamico_files/figure-pdf/fig-goal-parameter-scenarios-1.png Graphic file (type png)
<use chapters/formal_models/02_costruire_modello_dinamico_files/figure-pdf/fig-goal-parameter-scenarios-1.png>
Package luatex.def Info: chapters/formal_models/02_costruire_modello_dinamico_files/figure-pdf/fig-goal-parameter-scenarios-1.png  used on input line 57391.
(luatex.def)             Requested size: 374.87764pt x 231.59106pt.
[745]

LaTeX Warning: Reference `sec-formal-models-developments' on page 746 undefined on input line 57452.

[746<./chapters/formal_models/02_costruire_modello_dinamico_files/figure-pdf/fig-goal-parameter-scenarios-1.png>]
<chapters/formal_models/02_costruire_modello_dinamico_files/figure-pdf/fig-observed-goal-trajectories-1.png, id=5127, 722.7pt x 446.6286pt>
File: chapters/formal_models/02_costruire_modello_dinamico_files/figure-pdf/fig-observed-goal-trajectories-1.png Graphic file (type png)
<use chapters/formal_models/02_costruire_modello_dinamico_files/figure-pdf/fig-observed-goal-trajectories-1.png>
Package luatex.def Info: chapters/formal_models/02_costruire_modello_dinamico_files/figure-pdf/fig-observed-goal-trajectories-1.png  used on input line 57494.
(luatex.def)             Requested size: 374.86882pt x 231.66893pt.

LaTeX Warning: Reference `eq-knight2023' on page 747 undefined on input line 57511.

[747] [748<./chapters/formal_models/02_costruire_modello_dinamico_files/figure-pdf/fig-observed-goal-trajectories-1.png>]
<chapters/formal_models/02_costruire_modello_dinamico_files/figure-pdf/fig-prior-predictive-goal-sample-1.png, id=5143, 578.16pt x 357.2547pt>
File: chapters/formal_models/02_costruire_modello_dinamico_files/figure-pdf/fig-prior-predictive-goal-sample-1.png Graphic file (type png)
<use chapters/formal_models/02_costruire_modello_dinamico_files/figure-pdf/fig-prior-predictive-goal-sample-1.png>
Package luatex.def Info: chapters/formal_models/02_costruire_modello_dinamico_files/figure-pdf/fig-prior-predictive-goal-sample-1.png  used on input line 57629.
(luatex.def)             Requested size: 374.86441pt x 231.63496pt.
[749] [750<./chapters/formal_models/02_costruire_modello_dinamico_files/figure-pdf/fig-prior-predictive-goal-sample-1.png>] [751]
<chapters/formal_models/02_costruire_modello_dinamico_files/figure-pdf/fig-trace-goal-sample-1.png, id=5161, 650.43pt x 401.8212pt>
File: chapters/formal_models/02_costruire_modello_dinamico_files/figure-pdf/fig-trace-goal-sample-1.png Graphic file (type png)
<use chapters/formal_models/02_costruire_modello_dinamico_files/figure-pdf/fig-trace-goal-sample-1.png>
Package luatex.def Info: chapters/formal_models/02_costruire_modello_dinamico_files/figure-pdf/fig-trace-goal-sample-1.png  used on input line 57769.
(luatex.def)             Requested size: 374.87764pt x 231.59106pt.

Underfull \vbox (badness 1859) has occurred while \output is active []

[752<./chapters/formal_models/02_costruire_modello_dinamico_files/figure-pdf/fig-trace-goal-sample-1.png>]
<chapters/formal_models/02_costruire_modello_dinamico_files/figure-pdf/fig-posterior-trajectories-goal-sample-1.png, id=5169, 722.7pt x 446.6286pt>
File: chapters/formal_models/02_costruire_modello_dinamico_files/figure-pdf/fig-posterior-trajectories-goal-sample-1.png Graphic file (type png)
<use chapters/formal_models/02_costruire_modello_dinamico_files/figure-pdf/fig-posterior-trajectories-goal-sample-1.png>
Package luatex.def Info: chapters/formal_models/02_costruire_modello_dinamico_files/figure-pdf/fig-posterior-trajectories-goal-sample-1.png  used on input line 57839.
(luatex.def)             Requested size: 374.86882pt x 231.66893pt.
[753]
<chapters/formal_models/02_costruire_modello_dinamico_files/figure-pdf/fig-ppc-density-goal-sample-1.png, id=5177, 578.16pt x 357.2547pt>
File: chapters/formal_models/02_costruire_modello_dinamico_files/figure-pdf/fig-ppc-density-goal-sample-1.png Graphic file (type png)
<use chapters/formal_models/02_costruire_modello_dinamico_files/figure-pdf/fig-ppc-density-goal-sample-1.png>
Package luatex.def Info: chapters/formal_models/02_costruire_modello_dinamico_files/figure-pdf/fig-ppc-density-goal-sample-1.png  used on input line 57877.
(luatex.def)             Requested size: 374.86441pt x 231.63496pt.
[754<./chapters/formal_models/02_costruire_modello_dinamico_files/figure-pdf/fig-posterior-trajectories-goal-sample-1.png>]
Underfull \vbox (badness 10000) has occurred while \output is active []

[755<./chapters/formal_models/02_costruire_modello_dinamico_files/figure-pdf/fig-ppc-density-goal-sample-1.png>] [756] [757] [758]
Underfull \vbox (badness 10000) has occurred while \output is active []

[759]
Underfull \vbox (badness 10000) has occurred while \output is active []

[760]

Package tcolorbox Warning: The upper box part has become overfull on input line 58221.

[761] [762

]
chapter 42.

LaTeX Warning: Reference `sec-dynamic-models-goal-updating' on page 763 undefined on input line 58232.


LaTeX Warning: Reference `sec-dynamic-models-goal-updating' on page 763 undefined on input line 58297.


LaTeX Warning: Reference `sec-bayes-stat-models' on page 763 undefined on input line 58302.


Underfull \vbox (badness 10000) has occurred while \output is active []

[763

] [764]

LaTeX Warning: Citation `ref-knight2023tutorial' on page 765 undefined on input line 58424.

[765] [766]
<chapters/formal_models/03_eterogeneita_modelli_dinamici_files/figure-pdf/fig-no-pooling-goal-estimates-1.png, id=5281, 578.16pt x 357.2547pt>
File: chapters/formal_models/03_eterogeneita_modelli_dinamici_files/figure-pdf/fig-no-pooling-goal-estimates-1.png Graphic file (type png)
<use chapters/formal_models/03_eterogeneita_modelli_dinamici_files/figure-pdf/fig-no-pooling-goal-estimates-1.png>
Package luatex.def Info: chapters/formal_models/03_eterogeneita_modelli_dinamici_files/figure-pdf/fig-no-pooling-goal-estimates-1.png  used on input line 58534.
(luatex.def)             Requested size: 374.86441pt x 231.63496pt.
[767<./chapters/formal_models/03_eterogeneita_modelli_dinamici_files/figure-pdf/fig-no-pooling-goal-estimates-1.png>] [768]
<chapters/formal_models/03_eterogeneita_modelli_dinamici_files/figure-pdf/fig-prior-predictive-goal-hierarchical-1.png, id=5294, 578.16pt x 357.2547pt>
File: chapters/formal_models/03_eterogeneita_modelli_dinamici_files/figure-pdf/fig-prior-predictive-goal-hierarchical-1.png Graphic file (type png)
<use chapters/formal_models/03_eterogeneita_modelli_dinamici_files/figure-pdf/fig-prior-predictive-goal-hierarchical-1.png>
Package luatex.def Info: chapters/formal_models/03_eterogeneita_modelli_dinamici_files/figure-pdf/fig-prior-predictive-goal-hierarchical-1.png  used on input line 58688.
(luatex.def)             Requested size: 374.86441pt x 231.63496pt.

Underfull \vbox (badness 10000) has occurred while \output is active []

[769] [770<./chapters/formal_models/03_eterogeneita_modelli_dinamici_files/figure-pdf/fig-prior-predictive-goal-hierarchical-1.png>] [771]
<chapters/formal_models/03_eterogeneita_modelli_dinamici_files/figure-pdf/fig-trace-goal-hierarchical-1.png, id=5311, 650.43pt x 401.8212pt>
File: chapters/formal_models/03_eterogeneita_modelli_dinamici_files/figure-pdf/fig-trace-goal-hierarchical-1.png Graphic file (type png)
<use chapters/formal_models/03_eterogeneita_modelli_dinamici_files/figure-pdf/fig-trace-goal-hierarchical-1.png>
Package luatex.def Info: chapters/formal_models/03_eterogeneita_modelli_dinamici_files/figure-pdf/fig-trace-goal-hierarchical-1.png  used on input line 58847.
(luatex.def)             Requested size: 374.87764pt x 231.59106pt.
[772] [773<./chapters/formal_models/03_eterogeneita_modelli_dinamici_files/figure-pdf/fig-trace-goal-hierarchical-1.png>]
<chapters/formal_models/03_eterogeneita_modelli_dinamici_files/figure-pdf/fig-individual-alpha-goal-hierarchical-1.png, id=5324, 650.43pt x 401.8212pt>
File: chapters/formal_models/03_eterogeneita_modelli_dinamici_files/figure-pdf/fig-individual-alpha-goal-hierarchical-1.png Graphic file (type png)
<use chapters/formal_models/03_eterogeneita_modelli_dinamici_files/figure-pdf/fig-individual-alpha-goal-hierarchical-1.png>
Package luatex.def Info: chapters/formal_models/03_eterogeneita_modelli_dinamici_files/figure-pdf/fig-individual-alpha-goal-hierarchical-1.png  used on input line 58947.
(luatex.def)             Requested size: 374.87764pt x 231.59106pt.
<chapters/formal_models/03_eterogeneita_modelli_dinamici_files/figure-pdf/fig-individual-beta-goal-hierarchical-1.png, id=5325, 650.43pt x 401.8212pt>
File: chapters/formal_models/03_eterogeneita_modelli_dinamici_files/figure-pdf/fig-individual-beta-goal-hierarchical-1.png Graphic file (type png)
<use chapters/formal_models/03_eterogeneita_modelli_dinamici_files/figure-pdf/fig-individual-beta-goal-hierarchical-1.png>
Package luatex.def Info: chapters/formal_models/03_eterogeneita_modelli_dinamici_files/figure-pdf/fig-individual-beta-goal-hierarchical-1.png  used on input line 58962.
(luatex.def)             Requested size: 374.87764pt x 231.59106pt.
[774] [775<./chapters/formal_models/03_eterogeneita_modelli_dinamici_files/figure-pdf/fig-individual-alpha-goal-hierarchical-1.png><./chapters/formal_models/03_eterogeneita_modelli_dinamici_files/figure-pdf/fig-individual-beta-goal-hierarchical-1.png>]
<chapters/formal_models/03_eterogeneita_modelli_dinamici_files/figure-pdf/fig-shrinkage-goal-hierarchical-1.png, id=5340, 650.43pt x 401.8212pt>
File: chapters/formal_models/03_eterogeneita_modelli_dinamici_files/figure-pdf/fig-shrinkage-goal-hierarchical-1.png Graphic file (type png)
<use chapters/formal_models/03_eterogeneita_modelli_dinamici_files/figure-pdf/fig-shrinkage-goal-hierarchical-1.png>
Package luatex.def Info: chapters/formal_models/03_eterogeneita_modelli_dinamici_files/figure-pdf/fig-shrinkage-goal-hierarchical-1.png  used on input line 59010.
(luatex.def)             Requested size: 374.87764pt x 231.59106pt.
[776<./chapters/formal_models/03_eterogeneita_modelli_dinamici_files/figure-pdf/fig-shrinkage-goal-hierarchical-1.png>]
<chapters/formal_models/03_eterogeneita_modelli_dinamici_files/figure-pdf/fig-posterior-trajectories-goal-hierarchical-1.png, id=5347, 722.7pt x 446.6286pt>
File: chapters/formal_models/03_eterogeneita_modelli_dinamici_files/figure-pdf/fig-posterior-trajectories-goal-hierarchical-1.png Graphic file (type png)
<use chapters/formal_models/03_eterogeneita_modelli_dinamici_files/figure-pdf/fig-posterior-trajectories-goal-hierarchical-1.png>
Package luatex.def Info: chapters/formal_models/03_eterogeneita_modelli_dinamici_files/figure-pdf/fig-posterior-trajectories-goal-hierarchical-1.png  used on input line 59061.
(luatex.def)             Requested size: 374.86882pt x 231.66893pt.
[777<./chapters/formal_models/03_eterogeneita_modelli_dinamici_files/figure-pdf/fig-posterior-trajectories-goal-hierarchical-1.png>]
<chapters/formal_models/03_eterogeneita_modelli_dinamici_files/figure-pdf/fig-new-person-goal-hierarchical-1.png, id=5357, 578.16pt x 357.2547pt>
File: chapters/formal_models/03_eterogeneita_modelli_dinamici_files/figure-pdf/fig-new-person-goal-hierarchical-1.png Graphic file (type png)
<use chapters/formal_models/03_eterogeneita_modelli_dinamici_files/figure-pdf/fig-new-person-goal-hierarchical-1.png>
Package luatex.def Info: chapters/formal_models/03_eterogeneita_modelli_dinamici_files/figure-pdf/fig-new-person-goal-hierarchical-1.png  used on input line 59153.
(luatex.def)             Requested size: 374.86441pt x 231.63496pt.
[778] [779<./chapters/formal_models/03_eterogeneita_modelli_dinamici_files/figure-pdf/fig-new-person-goal-hierarchical-1.png>]
Underfull \vbox (badness 10000) detected at line 59283
 []


Underfull \vbox (badness 10000) detected at line 59283
 []

[780] [781]
<chapters/formal_models/03_eterogeneita_modelli_dinamici_files/figure-pdf/fig-condition-contrasts-goal-1.png, id=5380, 650.43pt x 401.8212pt>
File: chapters/formal_models/03_eterogeneita_modelli_dinamici_files/figure-pdf/fig-condition-contrasts-goal-1.png Graphic file (type png)
<use chapters/formal_models/03_eterogeneita_modelli_dinamici_files/figure-pdf/fig-condition-contrasts-goal-1.png>
Package luatex.def Info: chapters/formal_models/03_eterogeneita_modelli_dinamici_files/figure-pdf/fig-condition-contrasts-goal-1.png  used on input line 59372.
(luatex.def)             Requested size: 374.87764pt x 231.59106pt.
[782]
Underfull \vbox (badness 10000) has occurred while \output is active []

[783<./chapters/formal_models/03_eterogeneita_modelli_dinamici_files/figure-pdf/fig-condition-contrasts-goal-1.png>]
Underfull \vbox (badness 10000) has occurred while \output is active []

[784]

Package tcolorbox Warning: The upper box part has become overfull on input line 59489.

[785] [786]
Underfull \hbox (badness 1776) in paragraph at lines 59731--59734
[]\TU/LibertinusSerif(2)/m/n/10.95 Si può usa-re una di-stri-bu-zio-ne nor-ma-le mul-ti-va-ria-ta con ma-tri-ce di
 []

[787] [788]
Underfull \vbox (badness 10000) has occurred while \output is active []

[789

]

Package tcolorbox Warning: The upper box part has become overfull on input line 59808.

[790] [791

]
chapter 43.

LaTeX Warning: Hyper reference `sec-percorsi-lettura' on page 792 undefined on input line 59874.


LaTeX Warning: Reference `sec-bayes-stat-models' on page 792 undefined on input line 59883.


LaTeX Warning: Reference `sec-dynamic-models-goal-updating' on page 792 undefined on input line 59886.


LaTeX Warning: Reference `sec-formal-models-developments' on page 792 undefined on input line 59887.

[792

]

LaTeX Warning: Citation `ref-rescorla1972theory' on page 793 undefined on input line 59905.

[793] [794] [795]
Underfull \vbox (badness 10000) detected at line 60191
 []


Underfull \vbox (badness 10000) detected at line 60191
 []

[796]
<chapters/formal_models/04_rescorla_wagner_files/figure-pdf/fig-rw-parameter-grid-1.png, id=5492, 722.7pt x 446.6286pt>
File: chapters/formal_models/04_rescorla_wagner_files/figure-pdf/fig-rw-parameter-grid-1.png Graphic file (type png)
<use chapters/formal_models/04_rescorla_wagner_files/figure-pdf/fig-rw-parameter-grid-1.png>
Package luatex.def Info: chapters/formal_models/04_rescorla_wagner_files/figure-pdf/fig-rw-parameter-grid-1.png  used on input line 60239.
(luatex.def)             Requested size: 374.86882pt x 231.66893pt.
[797]
<chapters/formal_models/04_rescorla_wagner_files/figure-pdf/fig-rw-reference-values-1.png, id=5498, 722.7pt x 446.6286pt>
File: chapters/formal_models/04_rescorla_wagner_files/figure-pdf/fig-rw-reference-values-1.png Graphic file (type png)
<use chapters/formal_models/04_rescorla_wagner_files/figure-pdf/fig-rw-reference-values-1.png>
Package luatex.def Info: chapters/formal_models/04_rescorla_wagner_files/figure-pdf/fig-rw-reference-values-1.png  used on input line 60295.
(luatex.def)             Requested size: 374.86882pt x 231.66893pt.
[798<./chapters/formal_models/04_rescorla_wagner_files/figure-pdf/fig-rw-parameter-grid-1.png>] [799<./chapters/formal_models/04_rescorla_wagner_files/figure-pdf/fig-rw-reference-values-1.png>] [800]
<chapters/formal_models/04_rescorla_wagner_files/figure-pdf/fig-rw-prior-predictive-1.png, id=5521, 722.7pt x 446.6286pt>
File: chapters/formal_models/04_rescorla_wagner_files/figure-pdf/fig-rw-prior-predictive-1.png Graphic file (type png)
<use chapters/formal_models/04_rescorla_wagner_files/figure-pdf/fig-rw-prior-predictive-1.png>
Package luatex.def Info: chapters/formal_models/04_rescorla_wagner_files/figure-pdf/fig-rw-prior-predictive-1.png  used on input line 60447.
(luatex.def)             Requested size: 374.86882pt x 231.66893pt.
[801<./chapters/formal_models/04_rescorla_wagner_files/figure-pdf/fig-rw-prior-predictive-1.png>] [802]
Underfull \vbox (badness 10000) detected at line 60604
 []


Underfull \vbox (badness 10000) detected at line 60604
 []

[803] [804]
<chapters/formal_models/04_rescorla_wagner_files/figure-pdf/fig-rw-rank-plots-1.png, id=5543, 650.43pt x 401.8212pt>
File: chapters/formal_models/04_rescorla_wagner_files/figure-pdf/fig-rw-rank-plots-1.png Graphic file (type png)
<use chapters/formal_models/04_rescorla_wagner_files/figure-pdf/fig-rw-rank-plots-1.png>
Package luatex.def Info: chapters/formal_models/04_rescorla_wagner_files/figure-pdf/fig-rw-rank-plots-1.png  used on input line 60685.
(luatex.def)             Requested size: 374.87764pt x 231.59106pt.

Underfull \vbox (badness 10000) has occurred while \output is active []

[805<./chapters/formal_models/04_rescorla_wagner_files/figure-pdf/fig-rw-rank-plots-1.png>]
<chapters/formal_models/04_rescorla_wagner_files/figure-pdf/fig-rw-parameter-posteriors-1.png, id=5550, 650.43pt x 401.8212pt>
File: chapters/formal_models/04_rescorla_wagner_files/figure-pdf/fig-rw-parameter-posteriors-1.png Graphic file (type png)
<use chapters/formal_models/04_rescorla_wagner_files/figure-pdf/fig-rw-parameter-posteriors-1.png>
Package luatex.def Info: chapters/formal_models/04_rescorla_wagner_files/figure-pdf/fig-rw-parameter-posteriors-1.png  used on input line 60714.
(luatex.def)             Requested size: 374.87764pt x 231.59106pt.
<chapters/formal_models/04_rescorla_wagner_files/figure-pdf/fig-rw-posterior-dependence-1.png, id=5551, 433.62pt x 267.8808pt>
File: chapters/formal_models/04_rescorla_wagner_files/figure-pdf/fig-rw-posterior-dependence-1.png Graphic file (type png)
<use chapters/formal_models/04_rescorla_wagner_files/figure-pdf/fig-rw-posterior-dependence-1.png>
Package luatex.def Info: chapters/formal_models/04_rescorla_wagner_files/figure-pdf/fig-rw-posterior-dependence-1.png  used on input line 60735.
(luatex.def)             Requested size: 374.88426pt x 231.59515pt.
[806<./chapters/formal_models/04_rescorla_wagner_files/figure-pdf/fig-rw-parameter-posteriors-1.png>]
Underfull \vbox (badness 10000) detected at line 60800
 []


Overfull \vbox (1.44244pt too high) detected at line 60800
 []

[807<./chapters/formal_models/04_rescorla_wagner_files/figure-pdf/fig-rw-posterior-dependence-1.png>]
<chapters/formal_models/04_rescorla_wagner_files/figure-pdf/fig-rw-latent-trajectories-1.png, id=5567, 722.7pt x 446.6286pt>
File: chapters/formal_models/04_rescorla_wagner_files/figure-pdf/fig-rw-latent-trajectories-1.png Graphic file (type png)
<use chapters/formal_models/04_rescorla_wagner_files/figure-pdf/fig-rw-latent-trajectories-1.png>
Package luatex.def Info: chapters/formal_models/04_rescorla_wagner_files/figure-pdf/fig-rw-latent-trajectories-1.png  used on input line 60806.
(luatex.def)             Requested size: 374.86882pt x 231.66893pt.
[808<./chapters/formal_models/04_rescorla_wagner_files/figure-pdf/fig-rw-latent-trajectories-1.png>]
<chapters/formal_models/04_rescorla_wagner_files/figure-pdf/fig-rw-posterior-predictive-statistics-1.png, id=5575, 722.7pt x 446.6286pt>
File: chapters/formal_models/04_rescorla_wagner_files/figure-pdf/fig-rw-posterior-predictive-statistics-1.png Graphic file (type png)
<use chapters/formal_models/04_rescorla_wagner_files/figure-pdf/fig-rw-posterior-predictive-statistics-1.png>
Package luatex.def Info: chapters/formal_models/04_rescorla_wagner_files/figure-pdf/fig-rw-posterior-predictive-statistics-1.png  used on input line 60878.
(luatex.def)             Requested size: 374.86882pt x 231.66893pt.
[809] [810<./chapters/formal_models/04_rescorla_wagner_files/figure-pdf/fig-rw-posterior-predictive-statistics-1.png>] [811] [812]
Underfull \vbox (badness 10000) detected at line 61152
 []


Underfull \vbox (badness 10000) detected at line 61152
 []

[813] [814]
<chapters/formal_models/04_rescorla_wagner_files/figure-pdf/fig-rw-model-comparison-ppc-1.png, id=5607, 722.7pt x 446.6286pt>
File: chapters/formal_models/04_rescorla_wagner_files/figure-pdf/fig-rw-model-comparison-ppc-1.png Graphic file (type png)
<use chapters/formal_models/04_rescorla_wagner_files/figure-pdf/fig-rw-model-comparison-ppc-1.png>
Package luatex.def Info: chapters/formal_models/04_rescorla_wagner_files/figure-pdf/fig-rw-model-comparison-ppc-1.png  used on input line 61205.
(luatex.def)             Requested size: 374.86882pt x 231.66893pt.
[815<./chapters/formal_models/04_rescorla_wagner_files/figure-pdf/fig-rw-model-comparison-ppc-1.png>]

LaTeX Warning: Citation `ref-colpizzi2025food' on page 816 undefined on input line 61301.

[816] [817]
Overfull \hbox (159.13339pt too wide) detected at line 61471
[] \TU/latinmodern-math.otf(1)/b/n/10.95 → [] → [] → [] → [] → [] → [] → [] → [].
 []

[818] [819]
Underfull \vbox (badness 10000) has occurred while \output is active []

[820]
Underfull \vbox (badness 10000) has occurred while \output is active []

[821]

Package tcolorbox Warning: The upper box part has become overfull on input line 61678.

[822] [823

]
chapter 44.

LaTeX Warning: Hyper reference `sec-percorsi-lettura' on page 824 undefined on input line 61732.

[824

]

LaTeX Warning: Reference `sec-bayes-stat-models' on page 825 undefined on input line 61790.


LaTeX Warning: Reference `sec-linmod-bayesian-reg' on page 825 undefined on input line 61793.


LaTeX Warning: Citation `ref-McElreath_rethinking' on page 825 undefined on input line 61800.


LaTeX Warning: Citation `ref-gelman1995bayesian' on page 825 undefined on input line 61829.

[825] [826] [827]
<chapters/formal_models/05_decisione_ottimale_files/figure-pdf/plot-simulated-outcomes-1.png, id=5714, 505.89pt x 312.4473pt>
File: chapters/formal_models/05_decisione_ottimale_files/figure-pdf/plot-simulated-outcomes-1.png Graphic file (type png)
<use chapters/formal_models/05_decisione_ottimale_files/figure-pdf/plot-simulated-outcomes-1.png>
Package luatex.def Info: chapters/formal_models/05_decisione_ottimale_files/figure-pdf/plot-simulated-outcomes-1.png  used on input line 62073.
(luatex.def)             Requested size: 374.87764pt x 231.53156pt.

Underfull \vbox (badness 10000) has occurred while \output is active []

[828]
<chapters/formal_models/05_decisione_ottimale_files/figure-pdf/plot-simulated-outcomes-2.png, id=5719, 505.89pt x 312.4473pt>
File: chapters/formal_models/05_decisione_ottimale_files/figure-pdf/plot-simulated-outcomes-2.png Graphic file (type png)
<use chapters/formal_models/05_decisione_ottimale_files/figure-pdf/plot-simulated-outcomes-2.png>
Package luatex.def Info: chapters/formal_models/05_decisione_ottimale_files/figure-pdf/plot-simulated-outcomes-2.png  used on input line 62084.
(luatex.def)             Requested size: 374.87764pt x 231.53156pt.
[829<./chapters/formal_models/05_decisione_ottimale_files/figure-pdf/plot-simulated-outcomes-1.png><./chapters/formal_models/05_decisione_ottimale_files/figure-pdf/plot-simulated-outcomes-2.png>] [830] [831] [832]
<chapters/formal_models/05_decisione_ottimale_files/figure-pdf/posterior-predictive-study-decision-1.png, id=5745, 505.89pt x 312.4473pt>
File: chapters/formal_models/05_decisione_ottimale_files/figure-pdf/posterior-predictive-study-decision-1.png Graphic file (type png)
<use chapters/formal_models/05_decisione_ottimale_files/figure-pdf/posterior-predictive-study-decision-1.png>
Package luatex.def Info: chapters/formal_models/05_decisione_ottimale_files/figure-pdf/posterior-predictive-study-decision-1.png  used on input line 62316.
(luatex.def)             Requested size: 374.87764pt x 231.53156pt.
<chapters/formal_models/05_decisione_ottimale_files/figure-pdf/posterior-predictive-study-decision-2.png, id=5746, 505.89pt x 312.4473pt>
File: chapters/formal_models/05_decisione_ottimale_files/figure-pdf/posterior-predictive-study-decision-2.png Graphic file (type png)
<use chapters/formal_models/05_decisione_ottimale_files/figure-pdf/posterior-predictive-study-decision-2.png>
Package luatex.def Info: chapters/formal_models/05_decisione_ottimale_files/figure-pdf/posterior-predictive-study-decision-2.png  used on input line 62320.
(luatex.def)             Requested size: 374.87764pt x 231.53156pt.
[833<./chapters/formal_models/05_decisione_ottimale_files/figure-pdf/posterior-predictive-study-decision-1.png><./chapters/formal_models/05_decisione_ottimale_files/figure-pdf/posterior-predictive-study-decision-2.png>] [834]
<chapters/formal_models/05_decisione_ottimale_files/figure-pdf/plot-utility-study-1.png, id=5760, 505.89pt x 312.4473pt>
File: chapters/formal_models/05_decisione_ottimale_files/figure-pdf/plot-utility-study-1.png Graphic file (type png)
<use chapters/formal_models/05_decisione_ottimale_files/figure-pdf/plot-utility-study-1.png>
Package luatex.def Info: chapters/formal_models/05_decisione_ottimale_files/figure-pdf/plot-utility-study-1.png  used on input line 62431.
(luatex.def)             Requested size: 374.87764pt x 231.53156pt.
[835<./chapters/formal_models/05_decisione_ottimale_files/figure-pdf/plot-utility-study-1.png>] [836]
<chapters/formal_models/05_decisione_ottimale_files/figure-pdf/plot-lambda-sensitivity-1.png, id=5774, 505.89pt x 312.4473pt>
File: chapters/formal_models/05_decisione_ottimale_files/figure-pdf/plot-lambda-sensitivity-1.png Graphic file (type png)
<use chapters/formal_models/05_decisione_ottimale_files/figure-pdf/plot-lambda-sensitivity-1.png>
Package luatex.def Info: chapters/formal_models/05_decisione_ottimale_files/figure-pdf/plot-lambda-sensitivity-1.png  used on input line 62535.
(luatex.def)             Requested size: 374.87764pt x 231.53156pt.
[837<./chapters/formal_models/05_decisione_ottimale_files/figure-pdf/plot-lambda-sensitivity-1.png>] [838] [839] [840] [841] [842]
Underfull \hbox (badness 10000) in paragraph at lines 62971--62975
[]\TU/LibertinusSerif(2)/m/n/10.95 Au-men-ta \TU/lmtt/m/n/10.95 alpha_true \TU/LibertinusSerif(2)/m/n/10.95 o \TU/lmtt/m/n/10.95 beta_true \TU/LibertinusSerif(2)/m/n/10.95 del grup-po e con-tem-po-ra-nea-men-te
 []

[843]
Underfull \vbox (badness 10000) has occurred while \output is active []

[844]
Underfull \vbox (badness 10000) has occurred while \output is active []

[845]

Package tcolorbox Warning: The upper box part has become overfull on input line 63093.

[846] [847

]

LaTeX Warning: Citation `ref-McElreath_rethinking' on page 848 undefined on input line 63180.

[848

]

LaTeX Warning: Citation `ref-hayes2019role' on page 849 undefined on input line 63249.


LaTeX Warning: Citation `ref-knight2023tutorial' on page 849 undefined on input line 63249.


LaTeX Warning: Citation `ref-rescorla1972theory' on page 849 undefined on input line 63276.

[849]

LaTeX Warning: Citation `ref-gelman1995bayesian' on page 850 undefined on input line 63340.

[850]
Overfull \hbox (99.43045pt too wide) detected at line 63411
[] \TU/latinmodern-math.otf(1)/b/n/10.95 → [] → [] → [] → [] → [] → [] → [].
 []

[851] [852] [853]
part IX.
Package scrkbase Info: You've told me to use the font selection of the element
(scrkbase)             `partprefix' that is an alias of element `partnumber'
(scrkbase)              on input line 63583.
[854

] [855

] [856] [857]
chapter 45.

LaTeX Warning: Hyper reference `sec-percorsi-lettura' on page 858 undefined on input line 63868.


LaTeX Warning: Citation `ref-stone2022information' on page 858 undefined on input line 63901.

[858

] [859]
<chapters/entropy/01_entropy_files/figure-pdf/fig-prob-surprise-revised-1.png, id=5952, 505.89pt x 312.4473pt>
File: chapters/entropy/01_entropy_files/figure-pdf/fig-prob-surprise-revised-1.png Graphic file (type png)
<use chapters/entropy/01_entropy_files/figure-pdf/fig-prob-surprise-revised-1.png>
Package luatex.def Info: chapters/entropy/01_entropy_files/figure-pdf/fig-prob-surprise-revised-1.png  used on input line 63981.
(luatex.def)             Requested size: 374.87764pt x 231.53156pt.
[860<./chapters/entropy/01_entropy_files/figure-pdf/fig-prob-surprise-revised-1.png>] [861]
<chapters/entropy/01_entropy_files/figure-pdf/fig-entropy-mcq-1.png, id=5971, 505.89pt x 312.4473pt>
File: chapters/entropy/01_entropy_files/figure-pdf/fig-entropy-mcq-1.png Graphic file (type png)
<use chapters/entropy/01_entropy_files/figure-pdf/fig-entropy-mcq-1.png>
Package luatex.def Info: chapters/entropy/01_entropy_files/figure-pdf/fig-entropy-mcq-1.png  used on input line 64131.
(luatex.def)             Requested size: 374.87764pt x 231.53156pt.
[862<./chapters/entropy/01_entropy_files/figure-pdf/fig-entropy-mcq-1.png>] [863] [864]
<chapters/entropy/01_entropy_files/figure-pdf/fig-normal-entropy-1.png, id=5991, 505.89pt x 312.4473pt>
File: chapters/entropy/01_entropy_files/figure-pdf/fig-normal-entropy-1.png Graphic file (type png)
<use chapters/entropy/01_entropy_files/figure-pdf/fig-normal-entropy-1.png>
Package luatex.def Info: chapters/entropy/01_entropy_files/figure-pdf/fig-normal-entropy-1.png  used on input line 64309.
(luatex.def)             Requested size: 374.87764pt x 231.53156pt.
[865<./chapters/entropy/01_entropy_files/figure-pdf/fig-normal-entropy-1.png>]

LaTeX Warning: Citation `ref-spector1956expectations' on page 866 undefined on input line 64410.

<chapters/entropy/01_entropy_files/figure-pdf/fig-surprise-mood-revised-1.png, id=5999, 505.89pt x 312.4473pt>
File: chapters/entropy/01_entropy_files/figure-pdf/fig-surprise-mood-revised-1.png Graphic file (type png)
<use chapters/entropy/01_entropy_files/figure-pdf/fig-surprise-mood-revised-1.png>
Package luatex.def Info: chapters/entropy/01_entropy_files/figure-pdf/fig-surprise-mood-revised-1.png  used on input line 64449.
(luatex.def)             Requested size: 353.34865pt x 218.23485pt.
[866]
Underfull \vbox (badness 10000) has occurred while \output is active []

[867<./chapters/entropy/01_entropy_files/figure-pdf/fig-surprise-mood-revised-1.png>]
Underfull \vbox (badness 10000) has occurred while \output is active []

[868]
Underfull \vbox (badness 10000) has occurred while \output is active []

[869]

Package tcolorbox Warning: The upper box part has become overfull on input line 64595.

[870] [871

]
chapter 46.

LaTeX Warning: Hyper reference `sec-percorsi-lettura' on page 872 undefined on input line 64664.


Underfull \vbox (badness 6188) has occurred while \output is active []

[872

] [873] [874] [875] [876]
Underfull \hbox (badness 2818) in paragraph at lines 65040--65042
[]\TU/LibertinusSerif(2)/m/n/10.95 I con-fron-ti tra mo-del-li non cam-bia-no: un mo-del-lo con KL mi-no-re re-sta mi-glio-re
 []

[877]

LaTeX Warning: Citation `ref-gelman1995bayesian' on page 878 undefined on input line 65107.

[878] [879]
<chapters/entropy/02_kl_files/figure-pdf/fig-kl-emotional-reactivity-1.png, id=6079, 505.89pt x 312.4473pt>
File: chapters/entropy/02_kl_files/figure-pdf/fig-kl-emotional-reactivity-1.png Graphic file (type png)
<use chapters/entropy/02_kl_files/figure-pdf/fig-kl-emotional-reactivity-1.png>
Package luatex.def Info: chapters/entropy/02_kl_files/figure-pdf/fig-kl-emotional-reactivity-1.png  used on input line 65211.
(luatex.def)             Requested size: 374.87764pt x 231.53156pt.
[880<./chapters/entropy/02_kl_files/figure-pdf/fig-kl-emotional-reactivity-1.png>]

LaTeX Warning: Citation `ref-McElreath_rethinking' on page 881 undefined on input line 65264.


LaTeX Warning: Citation `ref-vehtari2017practical' on page 881 undefined on input line 65278.

[881] [882]
Underfull \vbox (badness 10000) has occurred while \output is active []

[883]
Underfull \vbox (badness 10000) has occurred while \output is active []

[884]

Package tcolorbox Warning: The upper box part has become overfull on input line 65542.

[885] [886

]
chapter 47.

LaTeX Warning: Reference `sec-entropy-shannon-information' on page 887 undefined on input line 65555.


LaTeX Warning: Reference `sec-kullback-leibler-divergence' on page 887 undefined on input line 65558.


LaTeX Warning: Hyper reference `sec-percorsi-lettura' on page 887 undefined on input line 65601.


LaTeX Warning: Citation `ref-McElreath_rethinking' on page 887 undefined on input line 65631.

[887

]

LaTeX Warning: Reference `sec-entropy-shannon-information' on page 888 undefined on input line 65654.


LaTeX Warning: Reference `sec-bayesian-inference-post-pred-distr' on page 888 undefined on input line 65678.


LaTeX Warning: Reference `eq-log-score-bayesian-single' on page 888 undefined on input line 65703.

[888] [889]

LaTeX Warning: Citation `ref-vehtari2017practical' on page 890 undefined on input line 65798.

[890] [891] [892]
chapter 48.

LaTeX Warning: Hyper reference `sec-percorsi-lettura' on page 893 undefined on input line 66003.

[893

] [894] [895] [896] [897] [898]
<chapters/entropy/04_generalizzazione_files/figure-pdf/fig-rw-delta-1.pdf, id=6194, 397.485pt x 252.945pt>
File: chapters/entropy/04_generalizzazione_files/figure-pdf/fig-rw-delta-1.pdf Graphic file (type pdf)
<use chapters/entropy/04_generalizzazione_files/figure-pdf/fig-rw-delta-1.pdf>
Package luatex.def Info: chapters/entropy/04_generalizzazione_files/figure-pdf/fig-rw-delta-1.pdf  used on input line 66390.
(luatex.def)             Requested size: 397.48402pt x 252.94438pt.
[899<./chapters/entropy/04_generalizzazione_files/figure-pdf/fig-rw-delta-1.pdf>] [900] [901] [902

] [903]
part X.
Package scrkbase Info: You've told me to use the font selection of the element
(scrkbase)             `partprefix' that is an alias of element `partnumber'
(scrkbase)              on input line 66615.
[904

] [905

] [906]
chapter 49.

LaTeX Warning: Hyper reference `sec-percorsi-lettura' on page 907 undefined on input line 66736.


LaTeX Warning: Citation `ref-korbmacher2023replication' on page 907 undefined on input line 66768.


LaTeX Warning: Citation `ref-yarkoni2022generalizability' on page 907 undefined on input line 66771.

[907

]

LaTeX Warning: Citation `ref-korbmacher2023replication' on page 908 undefined on input line 66809.

[908]

LaTeX Warning: Citation `ref-scheel2021excess' on page 909 undefined on input line 66901.

[909] [910]

LaTeX Warning: Citation `ref-yarkoni2022generalizability' on page 911 undefined on input line 67030.

[911]

LaTeX Warning: Citation `ref-muthukrishna2019problem' on page 912 undefined on input line 67083.

[912] [913]
chapter 50.

LaTeX Warning: Hyper reference `sec-percorsi-lettura' on page 914 undefined on input line 67202.

[914

] [915]

LaTeX Warning: Citation `ref-McElreath_rethinking' on page 916 undefined on input line 67361.


LaTeX Warning: Citation `ref-smaldino2016natural' on page 916 undefined on input line 67362.

[916] [917] [918] [919] [920]
chapter 51.

LaTeX Warning: Hyper reference `sec-percorsi-lettura' on page 921 undefined on input line 67677.

[921

]

LaTeX Warning: Citation `ref-bayesianworkflow2026' on page 922 undefined on input line 67778.

[922] [923] [924] [925] [926] [927] [928


]
chapter A.
[929

] [930] [931] [932] [933] [934] [935]
chapter B.
[936

] [937] [938] [939] [940] [941] [942] [943] [944] [945]
chapter C.
[946

] [947] [948]
chapter D.
[949

] [950] [951]

LaTeX Warning: Citation `ref-graham_concrete_1994' on page 952 undefined on input line 69715.

[952]
chapter E.
[953

]
<chapters/appendix/../../figures/sets-venn-diagrams.png, id=6593, 4060.16875pt x 1220.56pt>
File: chapters/appendix/../../figures/sets-venn-diagrams.png Graphic file (type png)
<use chapters/appendix/../../figures/sets-venn-diagrams.png>
Package luatex.def Info: chapters/appendix/../../figures/sets-venn-diagrams.png  used on input line 69822.
(luatex.def)             Requested size: 4060.15889pt x 1220.55702pt.
[954<./chapters/appendix/../../figures/sets-venn-diagrams.png>]
Missing character: There is no ⊆ (U+2286) in font [lmmono10-regular]:!
Missing character: There is no ⊆ (U+2286) in font [lmmono10-regular]:!
[955
Missing character: There is no ⊆ (U+2286) in font [lmmono10-regular]:!
Missing character: There is no ⊆ (U+2286) in font [lmmono10-regular]:!
] [956]
<chapters/appendix/../../figures/demorgan.png, id=6621, 3320.405pt x 1048.91875pt>
File: chapters/appendix/../../figures/demorgan.png Graphic file (type png)
<use chapters/appendix/../../figures/demorgan.png>
Package luatex.def Info: chapters/appendix/../../figures/demorgan.png  used on input line 70057.
(luatex.def)             Requested size: 3320.39694pt x 1048.91618pt.
[957<./chapters/appendix/../../figures/demorgan.png>] [958] [959] [960]
chapter F.

Underfull \hbox (badness 10000) in paragraph at lines 70249--70251

 []

[961

]
Underfull \hbox (badness 10000) in paragraph at lines 70295--70297

 []

[962] [963] [964] [965] [966] [967]
chapter G.
[968

]
<chapters/appendix/a15_calculus_files/figure-pdf/unnamed-chunk-3-1.png, id=6707, 505.89pt x 312.4473pt>
File: chapters/appendix/a15_calculus_files/figure-pdf/unnamed-chunk-3-1.png Graphic file (type png)
<use chapters/appendix/a15_calculus_files/figure-pdf/unnamed-chunk-3-1.png>
Package luatex.def Info: chapters/appendix/a15_calculus_files/figure-pdf/unnamed-chunk-3-1.png  used on input line 70740.
(luatex.def)             Requested size: 374.87764pt x 231.53156pt.
[969<./chapters/appendix/a15_calculus_files/figure-pdf/unnamed-chunk-3-1.png>] [970]
<chapters/appendix/a15_calculus_files/figure-pdf/unnamed-chunk-5-1.png, id=6725, 505.89pt x 312.4473pt>
File: chapters/appendix/a15_calculus_files/figure-pdf/unnamed-chunk-5-1.png Graphic file (type png)
<use chapters/appendix/a15_calculus_files/figure-pdf/unnamed-chunk-5-1.png>
Package luatex.def Info: chapters/appendix/a15_calculus_files/figure-pdf/unnamed-chunk-5-1.png  used on input line 70861.
(luatex.def)             Requested size: 374.87764pt x 231.53156pt.

Underfull \vbox (badness 10000) has occurred while \output is active []

[971<./chapters/appendix/a15_calculus_files/figure-pdf/unnamed-chunk-5-1.png>]
<chapters/appendix/a15_calculus_files/figure-pdf/unnamed-chunk-6-1.png, id=6731, 505.89pt x 312.4473pt>
File: chapters/appendix/a15_calculus_files/figure-pdf/unnamed-chunk-6-1.png Graphic file (type png)
<use chapters/appendix/a15_calculus_files/figure-pdf/unnamed-chunk-6-1.png>
Package luatex.def Info: chapters/appendix/a15_calculus_files/figure-pdf/unnamed-chunk-6-1.png  used on input line 70911.
(luatex.def)             Requested size: 374.87764pt x 231.53156pt.

Underfull \vbox (badness 10000) has occurred while \output is active []

[972] [973<./chapters/appendix/a15_calculus_files/figure-pdf/unnamed-chunk-6-1.png>] [974]
chapter H.
[975

] [976] [977] [978] [979] [980] [981] [982] [983] [984] [985] [986] [987] [988] [989] [990] [991] [992] [993] [994]
chapter I.
[995

] [996] [997] [998] [999] [1000]
chapter J.

LaTeX Warning: Reference `sec-apx-install-cmdstan' on page 1001 undefined on input line 72886.

[1001

] [1002] [1003] [1004]

Package longtable Warning: Column widths have changed
(longtable)                in none 55 on input line 73093.


Package longtable Warning: Column widths have changed
(longtable)                in none 56 on input line 73170.

[1005]
Missing character: There is no θ (U+03B8) in font [lmmono10-regular]:!
[1006]
<chapters/appendix/a42_cmdstanr_intro_files/figure-pdf/unnamed-chunk-12-1.png, id=7080, 505.89pt x 312.4473pt>
File: chapters/appendix/a42_cmdstanr_intro_files/figure-pdf/unnamed-chunk-12-1.png Graphic file (type png)
<use chapters/appendix/a42_cmdstanr_intro_files/figure-pdf/unnamed-chunk-12-1.png>
Package luatex.def Info: chapters/appendix/a42_cmdstanr_intro_files/figure-pdf/unnamed-chunk-12-1.png  used on input line 73241.
(luatex.def)             Requested size: 374.87764pt x 231.53156pt.
<chapters/appendix/a42_cmdstanr_intro_files/figure-pdf/unnamed-chunk-13-1.png, id=7081, 505.89pt x 312.4473pt>
File: chapters/appendix/a42_cmdstanr_intro_files/figure-pdf/unnamed-chunk-13-1.png Graphic file (type png)
<use chapters/appendix/a42_cmdstanr_intro_files/figure-pdf/unnamed-chunk-13-1.png>
Package luatex.def Info: chapters/appendix/a42_cmdstanr_intro_files/figure-pdf/unnamed-chunk-13-1.png  used on input line 73260.
(luatex.def)             Requested size: 374.87764pt x 231.53156pt.

Underfull \vbox (badness 10000) has occurred while \output is active []

[1007
Missing character: There is no θ (U+03B8) in font [lmmono10-regular]:!
<./chapters/appendix/a42_cmdstanr_intro_files/figure-pdf/unnamed-chunk-12-1.png>]
Missing character: There is no ┌ (U+250C) in font [lmmono10-regular]:!
Missing character: There is no ─ (U+2500) in font [lmmono10-regular]:!
Missing character: There is no ─ (U+2500) in font [lmmono10-regular]:!
Missing character: There is no ─ (U+2500) in font [lmmono10-regular]:!
Missing character: There is no ─ (U+2500) in font [lmmono10-regular]:!
Missing character: There is no ─ (U+2500) in font [lmmono10-regular]:!
Missing character: There is no ─ (U+2500) in font [lmmono10-regular]:!
Missing character: There is no ─ (U+2500) in font [lmmono10-regular]:!
Missing character: There is no ─ (U+2500) in font [lmmono10-regular]:!
Missing character: There is no ─ (U+2500) in font [lmmono10-regular]:!
Missing character: There is no ─ (U+2500) in font [lmmono10-regular]:!
Missing character: There is no ─ (U+2500) in font [lmmono10-regular]:!
Missing character: There is no ─ (U+2500) in font [lmmono10-regular]:!
Missing character: There is no ─ (U+2500) in font [lmmono10-regular]:!
Missing character: There is no ─ (U+2500) in font [lmmono10-regular]:!
Missing character: There is no ─ (U+2500) in font [lmmono10-regular]:!
Missing character: There is no ─ (U+2500) in font [lmmono10-regular]:!
Missing character: There is no ─ (U+2500) in font [lmmono10-regular]:!
Missing character: There is no ─ (U+2500) in font [lmmono10-regular]:!
Missing character: There is no ─ (U+2500) in font [lmmono10-regular]:!
Missing character: There is no ─ (U+2500) in font [lmmono10-regular]:!
Missing character: There is no ─ (U+2500) in font [lmmono10-regular]:!
Missing character: There is no ┐ (U+2510) in font [lmmono10-regular]:!
Missing character: There is no ┌ (U+250C) in font [lmmono10-regular]:!
Missing character: There is no ─ (U+2500) in font [lmmono10-regular]:!
Missing character: There is no ─ (U+2500) in font [lmmono10-regular]:!
Missing character: There is no ─ (U+2500) in font [lmmono10-regular]:!
Missing character: There is no ─ (U+2500) in font [lmmono10-regular]:!
Missing character: There is no ─ (U+2500) in font [lmmono10-regular]:!
Missing character: There is no ─ (U+2500) in font [lmmono10-regular]:!
Missing character: There is no ─ (U+2500) in font [lmmono10-regular]:!
Missing character: There is no ─ (U+2500) in font [lmmono10-regular]:!
Missing character: There is no ─ (U+2500) in font [lmmono10-regular]:!
Missing character: There is no ─ (U+2500) in font [lmmono10-regular]:!
Missing character: There is no ─ (U+2500) in font [lmmono10-regular]:!
Missing character: There is no ─ (U+2500) in font [lmmono10-regular]:!
Missing character: There is no ─ (U+2500) in font [lmmono10-regular]:!
Missing character: There is no ─ (U+2500) in font [lmmono10-regular]:!
Missing character: There is no ─ (U+2500) in font [lmmono10-regular]:!
Missing character: There is no ─ (U+2500) in font [lmmono10-regular]:!
Missing character: There is no ─ (U+2500) in font [lmmono10-regular]:!
Missing character: There is no ─ (U+2500) in font [lmmono10-regular]:!
Missing character: There is no ─ (U+2500) in font [lmmono10-regular]:!
Missing character: There is no ─ (U+2500) in font [lmmono10-regular]:!
Missing character: There is no ─ (U+2500) in font [lmmono10-regular]:!
Missing character: There is no ┐ (U+2510) in font [lmmono10-regular]:!
Missing character: There is no │ (U+2502) in font [lmmono10-regular]:!
Missing character: There is no │ (U+2502) in font [lmmono10-regular]:!
Missing character: There is no │ (U+2502) in font [lmmono10-regular]:!
Missing character: There is no │ (U+2502) in font [lmmono10-regular]:!
Missing character: There is no │ (U+2502) in font [lmmono10-regular]:!
Missing character: There is no │ (U+2502) in font [lmmono10-regular]:!
Missing character: There is no │ (U+2502) in font [lmmono10-regular]:!
Missing character: There is no │ (U+2502) in font [lmmono10-regular]:!
Missing character: There is no │ (U+2502) in font [lmmono10-regular]:!
Missing character: There is no │ (U+2502) in font [lmmono10-regular]:!
Missing character: There is no │ (U+2502) in font [lmmono10-regular]:!
Missing character: There is no │ (U+2502) in font [lmmono10-regular]:!
Missing character: There is no │ (U+2502) in font [lmmono10-regular]:!
Missing character: There is no │ (U+2502) in font [lmmono10-regular]:!
Missing character: There is no │ (U+2502) in font [lmmono10-regular]:!
Missing character: There is no │ (U+2502) in font [lmmono10-regular]:!
Missing character: There is no └ (U+2514) in font [lmmono10-regular]:!
Missing character: There is no ─ (U+2500) in font [lmmono10-regular]:!
Missing character: There is no └ (U+2514) in font [lmmono10-regular]:!
Missing character: There is no ─ (U+2500) in font [lmmono10-regular]:!
Missing character: There is no └ (U+2514) in font [lmmono10-regular]:!
Missing character: There is no ─ (U+2500) in font [lmmono10-regular]:!
Missing character: There is no └ (U+2514) in font [lmmono10-regular]:!
Missing character: There is no ─ (U+2500) in font [lmmono10-regular]:!
Missing character: There is no └ (U+2514) in font [lmmono10-regular]:!
Missing character: There is no ─ (U+2500) in font [lmmono10-regular]:!
Missing character: There is no └ (U+2514) in font [lmmono10-regular]:!
Missing character: There is no ─ (U+2500) in font [lmmono10-regular]:!
Missing character: There is no └ (U+2514) in font [lmmono10-regular]:!
Missing character: There is no ─ (U+2500) in font [lmmono10-regular]:!
Missing character: There is no ─ (U+2500) in font [lmmono10-regular]:!
Missing character: There is no ─ (U+2500) in font [lmmono10-regular]:!
Missing character: There is no ─ (U+2500) in font [lmmono10-regular]:!
Missing character: There is no ─ (U+2500) in font [lmmono10-regular]:!
Missing character: There is no ─ (U+2500) in font [lmmono10-regular]:!
Missing character: There is no ─ (U+2500) in font [lmmono10-regular]:!
Missing character: There is no ─ (U+2500) in font [lmmono10-regular]:!
Missing character: There is no ─ (U+2500) in font [lmmono10-regular]:!
Missing character: There is no ┬ (U+252C) in font [lmmono10-regular]:!
Missing character: There is no ─ (U+2500) in font [lmmono10-regular]:!
Missing character: There is no ─ (U+2500) in font [lmmono10-regular]:!
Missing character: There is no ─ (U+2500) in font [lmmono10-regular]:!
Missing character: There is no ─ (U+2500) in font [lmmono10-regular]:!
Missing character: There is no ─ (U+2500) in font [lmmono10-regular]:!
Missing character: There is no ─ (U+2500) in font [lmmono10-regular]:!
Missing character: There is no ─ (U+2500) in font [lmmono10-regular]:!
Missing character: There is no ─ (U+2500) in font [lmmono10-regular]:!
Missing character: There is no ─ (U+2500) in font [lmmono10-regular]:!
Missing character: There is no ─ (U+2500) in font [lmmono10-regular]:!
Missing character: There is no ─ (U+2500) in font [lmmono10-regular]:!
Missing character: There is no ┘ (U+2518) in font [lmmono10-regular]:!
Missing character: There is no └ (U+2514) in font [lmmono10-regular]:!
Missing character: There is no ─ (U+2500) in font [lmmono10-regular]:!
Missing character: There is no ─ (U+2500) in font [lmmono10-regular]:!
Missing character: There is no ─ (U+2500) in font [lmmono10-regular]:!
Missing character: There is no ─ (U+2500) in font [lmmono10-regular]:!
Missing character: There is no ─ (U+2500) in font [lmmono10-regular]:!
Missing character: There is no ─ (U+2500) in font [lmmono10-regular]:!
Missing character: There is no ─ (U+2500) in font [lmmono10-regular]:!
Missing character: There is no ─ (U+2500) in font [lmmono10-regular]:!
Missing character: There is no ─ (U+2500) in font [lmmono10-regular]:!
Missing character: There is no ┬ (U+252C) in font [lmmono10-regular]:!
Missing character: There is no ─ (U+2500) in font [lmmono10-regular]:!
Missing character: There is no ─ (U+2500) in font [lmmono10-regular]:!
Missing character: There is no ─ (U+2500) in font [lmmono10-regular]:!
Missing character: There is no ─ (U+2500) in font [lmmono10-regular]:!
Missing character: There is no ─ (U+2500) in font [lmmono10-regular]:!
Missing character: There is no ─ (U+2500) in font [lmmono10-regular]:!
Missing character: There is no ─ (U+2500) in font [lmmono10-regular]:!
Missing character: There is no ─ (U+2500) in font [lmmono10-regular]:!
Missing character: There is no ─ (U+2500) in font [lmmono10-regular]:!
Missing character: There is no ─ (U+2500) in font [lmmono10-regular]:!
Missing character: There is no ─ (U+2500) in font [lmmono10-regular]:!
Missing character: There is no ┘ (U+2518) in font [lmmono10-regular]:!
Missing character: There is no │ (U+2502) in font [lmmono10-regular]:!
Missing character: There is no │ (U+2502) in font [lmmono10-regular]:!
Missing character: There is no ▼ (U+25BC) in font [lmmono10-regular]:!
Missing character: There is no ▼ (U+25BC) in font [lmmono10-regular]:!
Missing character: There is no ┌ (U+250C) in font [lmmono10-regular]:!
Missing character: There is no ─ (U+2500) in font [lmmono10-regular]:!
Missing character: There is no ┌ (U+250C) in font [lmmono10-regular]:!
Missing character: There is no ─ (U+2500) in font [lmmono10-regular]:!
Missing character: There is no ┌ (U+250C) in font [lmmono10-regular]:!
Missing character: There is no ─ (U+2500) in font [lmmono10-regular]:!
Missing character: There is no ┌ (U+250C) in font [lmmono10-regular]:!
Missing character: There is no ─ (U+2500) in font [lmmono10-regular]:!
Missing character: There is no ┌ (U+250C) in font [lmmono10-regular]:!
Missing character: There is no ─ (U+2500) in font [lmmono10-regular]:!
Missing character: There is no ┌ (U+250C) in font [lmmono10-regular]:!
Missing character: There is no ─ (U+2500) in font [lmmono10-regular]:!
Missing character: There is no ┌ (U+250C) in font [lmmono10-regular]:!
Missing character: There is no ─ (U+2500) in font [lmmono10-regular]:!
Missing character: There is no ─ (U+2500) in font [lmmono10-regular]:!
Missing character: There is no ─ (U+2500) in font [lmmono10-regular]:!
Missing character: There is no ─ (U+2500) in font [lmmono10-regular]:!
Missing character: There is no ─ (U+2500) in font [lmmono10-regular]:!
Missing character: There is no ─ (U+2500) in font [lmmono10-regular]:!
Missing character: There is no ─ (U+2500) in font [lmmono10-regular]:!
Missing character: There is no ─ (U+2500) in font [lmmono10-regular]:!
Missing character: There is no ─ (U+2500) in font [lmmono10-regular]:!
Missing character: There is no ─ (U+2500) in font [lmmono10-regular]:!
Missing character: There is no ─ (U+2500) in font [lmmono10-regular]:!
Missing character: There is no ─ (U+2500) in font [lmmono10-regular]:!
Missing character: There is no ─ (U+2500) in font [lmmono10-regular]:!
Missing character: There is no ─ (U+2500) in font [lmmono10-regular]:!
Missing character: There is no ─ (U+2500) in font [lmmono10-regular]:!
Missing character: There is no ─ (U+2500) in font [lmmono10-regular]:!
Missing character: There is no ─ (U+2500) in font [lmmono10-regular]:!
Missing character: There is no ─ (U+2500) in font [lmmono10-regular]:!
Missing character: There is no ─ (U+2500) in font [lmmono10-regular]:!
Missing character: There is no ─ (U+2500) in font [lmmono10-regular]:!
Missing character: There is no ─ (U+2500) in font [lmmono10-regular]:!
Missing character: There is no ┐ (U+2510) in font [lmmono10-regular]:!
Missing character: There is no ┌ (U+250C) in font [lmmono10-regular]:!
Missing character: There is no ─ (U+2500) in font [lmmono10-regular]:!
Missing character: There is no ─ (U+2500) in font [lmmono10-regular]:!
Missing character: There is no ─ (U+2500) in font [lmmono10-regular]:!
Missing character: There is no ─ (U+2500) in font [lmmono10-regular]:!
Missing character: There is no ─ (U+2500) in font [lmmono10-regular]:!
Missing character: There is no ─ (U+2500) in font [lmmono10-regular]:!
Missing character: There is no ─ (U+2500) in font [lmmono10-regular]:!
Missing character: There is no ─ (U+2500) in font [lmmono10-regular]:!
Missing character: There is no ─ (U+2500) in font [lmmono10-regular]:!
Missing character: There is no ─ (U+2500) in font [lmmono10-regular]:!
Missing character: There is no ─ (U+2500) in font [lmmono10-regular]:!
Missing character: There is no ─ (U+2500) in font [lmmono10-regular]:!
Missing character: There is no ─ (U+2500) in font [lmmono10-regular]:!
Missing character: There is no ─ (U+2500) in font [lmmono10-regular]:!
Missing character: There is no ─ (U+2500) in font [lmmono10-regular]:!
Missing character: There is no ─ (U+2500) in font [lmmono10-regular]:!
Missing character: There is no ─ (U+2500) in font [lmmono10-regular]:!
Missing character: There is no ─ (U+2500) in font [lmmono10-regular]:!
Missing character: There is no ─ (U+2500) in font [lmmono10-regular]:!
Missing character: There is no ─ (U+2500) in font [lmmono10-regular]:!
Missing character: There is no ─ (U+2500) in font [lmmono10-regular]:!
Missing character: There is no ┐ (U+2510) in font [lmmono10-regular]:!
Missing character: There is no │ (U+2502) in font [lmmono10-regular]:!
Missing character: There is no │ (U+2502) in font [lmmono10-regular]:!
Missing character: There is no │ (U+2502) in font [lmmono10-regular]:!
Missing character: There is no │ (U+2502) in font [lmmono10-regular]:!
Missing character: There is no │ (U+2502) in font [lmmono10-regular]:!
Missing character: There is no │ (U+2502) in font [lmmono10-regular]:!
Missing character: There is no │ (U+2502) in font [lmmono10-regular]:!
Missing character: There is no │ (U+2502) in font [lmmono10-regular]:!
Missing character: There is no │ (U+2502) in font [lmmono10-regular]:!
Missing character: There is no │ (U+2502) in font [lmmono10-regular]:!
Missing character: There is no │ (U+2502) in font [lmmono10-regular]:!
Missing character: There is no │ (U+2502) in font [lmmono10-regular]:!
Missing character: There is no │ (U+2502) in font [lmmono10-regular]:!
Missing character: There is no │ (U+2502) in font [lmmono10-regular]:!
Missing character: There is no │ (U+2502) in font [lmmono10-regular]:!
Missing character: There is no │ (U+2502) in font [lmmono10-regular]:!
Missing character: There is no └ (U+2514) in font [lmmono10-regular]:!
Missing character: There is no ─ (U+2500) in font [lmmono10-regular]:!
Missing character: There is no └ (U+2514) in font [lmmono10-regular]:!
Missing character: There is no ─ (U+2500) in font [lmmono10-regular]:!
Missing character: There is no └ (U+2514) in font [lmmono10-regular]:!
Missing character: There is no ─ (U+2500) in font [lmmono10-regular]:!
Missing character: There is no └ (U+2514) in font [lmmono10-regular]:!
Missing character: There is no ─ (U+2500) in font [lmmono10-regular]:!
Missing character: There is no └ (U+2514) in font [lmmono10-regular]:!
Missing character: There is no ─ (U+2500) in font [lmmono10-regular]:!
Missing character: There is no └ (U+2514) in font [lmmono10-regular]:!
Missing character: There is no ─ (U+2500) in font [lmmono10-regular]:!
Missing character: There is no └ (U+2514) in font [lmmono10-regular]:!
Missing character: There is no ─ (U+2500) in font [lmmono10-regular]:!
Missing character: There is no ─ (U+2500) in font [lmmono10-regular]:!
Missing character: There is no ─ (U+2500) in font [lmmono10-regular]:!
Missing character: There is no ─ (U+2500) in font [lmmono10-regular]:!
Missing character: There is no ─ (U+2500) in font [lmmono10-regular]:!
Missing character: There is no ─ (U+2500) in font [lmmono10-regular]:!
Missing character: There is no ─ (U+2500) in font [lmmono10-regular]:!
Missing character: There is no ─ (U+2500) in font [lmmono10-regular]:!
Missing character: There is no ─ (U+2500) in font [lmmono10-regular]:!
Missing character: There is no ┬ (U+252C) in font [lmmono10-regular]:!
Missing character: There is no ─ (U+2500) in font [lmmono10-regular]:!
Missing character: There is no ─ (U+2500) in font [lmmono10-regular]:!
Missing character: There is no ─ (U+2500) in font [lmmono10-regular]:!
Missing character: There is no ─ (U+2500) in font [lmmono10-regular]:!
Missing character: There is no ─ (U+2500) in font [lmmono10-regular]:!
Missing character: There is no ─ (U+2500) in font [lmmono10-regular]:!
Missing character: There is no ─ (U+2500) in font [lmmono10-regular]:!
Missing character: There is no ─ (U+2500) in font [lmmono10-regular]:!
Missing character: There is no ─ (U+2500) in font [lmmono10-regular]:!
Missing character: There is no ─ (U+2500) in font [lmmono10-regular]:!
Missing character: There is no ─ (U+2500) in font [lmmono10-regular]:!
Missing character: There is no ┘ (U+2518) in font [lmmono10-regular]:!
Missing character: There is no └ (U+2514) in font [lmmono10-regular]:!
Missing character: There is no ─ (U+2500) in font [lmmono10-regular]:!
Missing character: There is no ─ (U+2500) in font [lmmono10-regular]:!
Missing character: There is no ─ (U+2500) in font [lmmono10-regular]:!
Missing character: There is no ─ (U+2500) in font [lmmono10-regular]:!
Missing character: There is no ─ (U+2500) in font [lmmono10-regular]:!
Missing character: There is no ─ (U+2500) in font [lmmono10-regular]:!
Missing character: There is no ─ (U+2500) in font [lmmono10-regular]:!
Missing character: There is no ─ (U+2500) in font [lmmono10-regular]:!
Missing character: There is no ─ (U+2500) in font [lmmono10-regular]:!
Missing character: There is no ┬ (U+252C) in font [lmmono10-regular]:!
Missing character: There is no ─ (U+2500) in font [lmmono10-regular]:!
Missing character: There is no ─ (U+2500) in font [lmmono10-regular]:!
Missing character: There is no ─ (U+2500) in font [lmmono10-regular]:!
Missing character: There is no ─ (U+2500) in font [lmmono10-regular]:!
Missing character: There is no ─ (U+2500) in font [lmmono10-regular]:!
Missing character: There is no ─ (U+2500) in font [lmmono10-regular]:!
Missing character: There is no ─ (U+2500) in font [lmmono10-regular]:!
Missing character: There is no ─ (U+2500) in font [lmmono10-regular]:!
Missing character: There is no ─ (U+2500) in font [lmmono10-regular]:!
Missing character: There is no ─ (U+2500) in font [lmmono10-regular]:!
Missing character: There is no ─ (U+2500) in font [lmmono10-regular]:!
Missing character: There is no ┘ (U+2518) in font [lmmono10-regular]:!
Missing character: There is no │ (U+2502) in font [lmmono10-regular]:!
Missing character: There is no │ (U+2502) in font [lmmono10-regular]:!
Missing character: There is no ▼ (U+25BC) in font [lmmono10-regular]:!
Missing character: There is no ▼ (U+25BC) in font [lmmono10-regular]:!
Missing character: There is no ┌ (U+250C) in font [lmmono10-regular]:!
Missing character: There is no ─ (U+2500) in font [lmmono10-regular]:!
Missing character: There is no ┌ (U+250C) in font [lmmono10-regular]:!
Missing character: There is no ─ (U+2500) in font [lmmono10-regular]:!
Missing character: There is no ┌ (U+250C) in font [lmmono10-regular]:!
Missing character: There is no ─ (U+2500) in font [lmmono10-regular]:!
Missing character: There is no ┌ (U+250C) in font [lmmono10-regular]:!
Missing character: There is no ─ (U+2500) in font [lmmono10-regular]:!
Missing character: There is no ┌ (U+250C) in font [lmmono10-regular]:!
Missing character: There is no ─ (U+2500) in font [lmmono10-regular]:!
Missing character: There is no ┌ (U+250C) in font [lmmono10-regular]:!
Missing character: There is no ─ (U+2500) in font [lmmono10-regular]:!
Missing character: There is no ┌ (U+250C) in font [lmmono10-regular]:!
Missing character: There is no ─ (U+2500) in font [lmmono10-regular]:!
Missing character: There is no ─ (U+2500) in font [lmmono10-regular]:!
Missing character: There is no ─ (U+2500) in font [lmmono10-regular]:!
Missing character: There is no ─ (U+2500) in font [lmmono10-regular]:!
Missing character: There is no ─ (U+2500) in font [lmmono10-regular]:!
Missing character: There is no ─ (U+2500) in font [lmmono10-regular]:!
Missing character: There is no ─ (U+2500) in font [lmmono10-regular]:!
Missing character: There is no ─ (U+2500) in font [lmmono10-regular]:!
Missing character: There is no ─ (U+2500) in font [lmmono10-regular]:!
Missing character: There is no ─ (U+2500) in font [lmmono10-regular]:!
Missing character: There is no ─ (U+2500) in font [lmmono10-regular]:!
Missing character: There is no ─ (U+2500) in font [lmmono10-regular]:!
Missing character: There is no ─ (U+2500) in font [lmmono10-regular]:!
Missing character: There is no ─ (U+2500) in font [lmmono10-regular]:!
Missing character: There is no ─ (U+2500) in font [lmmono10-regular]:!
Missing character: There is no ─ (U+2500) in font [lmmono10-regular]:!
Missing character: There is no ─ (U+2500) in font [lmmono10-regular]:!
Missing character: There is no ─ (U+2500) in font [lmmono10-regular]:!
Missing character: There is no ─ (U+2500) in font [lmmono10-regular]:!
Missing character: There is no ─ (U+2500) in font [lmmono10-regular]:!
Missing character: There is no ─ (U+2500) in font [lmmono10-regular]:!
Missing character: There is no ┐ (U+2510) in font [lmmono10-regular]:!
Missing character: There is no ┌ (U+250C) in font [lmmono10-regular]:!
Missing character: There is no ─ (U+2500) in font [lmmono10-regular]:!
Missing character: There is no ─ (U+2500) in font [lmmono10-regular]:!
Missing character: There is no ─ (U+2500) in font [lmmono10-regular]:!
Missing character: There is no ─ (U+2500) in font [lmmono10-regular]:!
Missing character: There is no ─ (U+2500) in font [lmmono10-regular]:!
Missing character: There is no ─ (U+2500) in font [lmmono10-regular]:!
Missing character: There is no ─ (U+2500) in font [lmmono10-regular]:!
Missing character: There is no ─ (U+2500) in font [lmmono10-regular]:!
Missing character: There is no ─ (U+2500) in font [lmmono10-regular]:!
Missing character: There is no ─ (U+2500) in font [lmmono10-regular]:!
Missing character: There is no ─ (U+2500) in font [lmmono10-regular]:!
Missing character: There is no ─ (U+2500) in font [lmmono10-regular]:!
Missing character: There is no ─ (U+2500) in font [lmmono10-regular]:!
Missing character: There is no ─ (U+2500) in font [lmmono10-regular]:!
Missing character: There is no ─ (U+2500) in font [lmmono10-regular]:!
Missing character: There is no ─ (U+2500) in font [lmmono10-regular]:!
Missing character: There is no ─ (U+2500) in font [lmmono10-regular]:!
Missing character: There is no ─ (U+2500) in font [lmmono10-regular]:!
Missing character: There is no ─ (U+2500) in font [lmmono10-regular]:!
Missing character: There is no ─ (U+2500) in font [lmmono10-regular]:!
Missing character: There is no ─ (U+2500) in font [lmmono10-regular]:!
Missing character: There is no ┐ (U+2510) in font [lmmono10-regular]:!
Missing character: There is no │ (U+2502) in font [lmmono10-regular]:!
Missing character: There is no │ (U+2502) in font [lmmono10-regular]:!
Missing character: There is no │ (U+2502) in font [lmmono10-regular]:!
Missing character: There is no │ (U+2502) in font [lmmono10-regular]:!
Missing character: There is no │ (U+2502) in font [lmmono10-regular]:!
Missing character: There is no │ (U+2502) in font [lmmono10-regular]:!
Missing character: There is no │ (U+2502) in font [lmmono10-regular]:!
Missing character: There is no │ (U+2502) in font [lmmono10-regular]:!
Missing character: There is no │ (U+2502) in font [lmmono10-regular]:!
Missing character: There is no │ (U+2502) in font [lmmono10-regular]:!
Missing character: There is no │ (U+2502) in font [lmmono10-regular]:!
Missing character: There is no │ (U+2502) in font [lmmono10-regular]:!
Missing character: There is no │ (U+2502) in font [lmmono10-regular]:!
Missing character: There is no │ (U+2502) in font [lmmono10-regular]:!
Missing character: There is no │ (U+2502) in font [lmmono10-regular]:!
Missing character: There is no │ (U+2502) in font [lmmono10-regular]:!
Missing character: There is no └ (U+2514) in font [lmmono10-regular]:!
Missing character: There is no ─ (U+2500) in font [lmmono10-regular]:!
Missing character: There is no └ (U+2514) in font [lmmono10-regular]:!
Missing character: There is no ─ (U+2500) in font [lmmono10-regular]:!
Missing character: There is no └ (U+2514) in font [lmmono10-regular]:!
Missing character: There is no ─ (U+2500) in font [lmmono10-regular]:!
Missing character: There is no └ (U+2514) in font [lmmono10-regular]:!
Missing character: There is no ─ (U+2500) in font [lmmono10-regular]:!
Missing character: There is no └ (U+2514) in font [lmmono10-regular]:!
Missing character: There is no ─ (U+2500) in font [lmmono10-regular]:!
Missing character: There is no └ (U+2514) in font [lmmono10-regular]:!
Missing character: There is no ─ (U+2500) in font [lmmono10-regular]:!
Missing character: There is no └ (U+2514) in font [lmmono10-regular]:!
Missing character: There is no ─ (U+2500) in font [lmmono10-regular]:!
Missing character: There is no ─ (U+2500) in font [lmmono10-regular]:!
Missing character: There is no ─ (U+2500) in font [lmmono10-regular]:!
Missing character: There is no ─ (U+2500) in font [lmmono10-regular]:!
Missing character: There is no ─ (U+2500) in font [lmmono10-regular]:!
Missing character: There is no ─ (U+2500) in font [lmmono10-regular]:!
Missing character: There is no ─ (U+2500) in font [lmmono10-regular]:!
Missing character: There is no ─ (U+2500) in font [lmmono10-regular]:!
Missing character: There is no ─ (U+2500) in font [lmmono10-regular]:!
Missing character: There is no ┬ (U+252C) in font [lmmono10-regular]:!
Missing character: There is no ─ (U+2500) in font [lmmono10-regular]:!
Missing character: There is no ─ (U+2500) in font [lmmono10-regular]:!
Missing character: There is no ─ (U+2500) in font [lmmono10-regular]:!
Missing character: There is no ─ (U+2500) in font [lmmono10-regular]:!
Missing character: There is no ─ (U+2500) in font [lmmono10-regular]:!
Missing character: There is no ─ (U+2500) in font [lmmono10-regular]:!
Missing character: There is no ─ (U+2500) in font [lmmono10-regular]:!
Missing character: There is no ─ (U+2500) in font [lmmono10-regular]:!
Missing character: There is no ─ (U+2500) in font [lmmono10-regular]:!
Missing character: There is no ─ (U+2500) in font [lmmono10-regular]:!
Missing character: There is no ─ (U+2500) in font [lmmono10-regular]:!
Missing character: There is no ┘ (U+2518) in font [lmmono10-regular]:!
Missing character: There is no └ (U+2514) in font [lmmono10-regular]:!
Missing character: There is no ─ (U+2500) in font [lmmono10-regular]:!
Missing character: There is no ─ (U+2500) in font [lmmono10-regular]:!
Missing character: There is no ─ (U+2500) in font [lmmono10-regular]:!
Missing character: There is no ─ (U+2500) in font [lmmono10-regular]:!
Missing character: There is no ─ (U+2500) in font [lmmono10-regular]:!
Missing character: There is no ─ (U+2500) in font [lmmono10-regular]:!
Missing character: There is no ─ (U+2500) in font [lmmono10-regular]:!
Missing character: There is no ─ (U+2500) in font [lmmono10-regular]:!
Missing character: There is no ─ (U+2500) in font [lmmono10-regular]:!
Missing character: There is no ┬ (U+252C) in font [lmmono10-regular]:!
Missing character: There is no ─ (U+2500) in font [lmmono10-regular]:!
Missing character: There is no ─ (U+2500) in font [lmmono10-regular]:!
Missing character: There is no ─ (U+2500) in font [lmmono10-regular]:!
Missing character: There is no ─ (U+2500) in font [lmmono10-regular]:!
Missing character: There is no ─ (U+2500) in font [lmmono10-regular]:!
Missing character: There is no ─ (U+2500) in font [lmmono10-regular]:!
Missing character: There is no ─ (U+2500) in font [lmmono10-regular]:!
Missing character: There is no ─ (U+2500) in font [lmmono10-regular]:!
Missing character: There is no ─ (U+2500) in font [lmmono10-regular]:!
Missing character: There is no ─ (U+2500) in font [lmmono10-regular]:!
Missing character: There is no ─ (U+2500) in font [lmmono10-regular]:!
Missing character: There is no ┘ (U+2518) in font [lmmono10-regular]:!
Missing character: There is no │ (U+2502) in font [lmmono10-regular]:!
Missing character: There is no │ (U+2502) in font [lmmono10-regular]:!
Missing character: There is no ▼ (U+25BC) in font [lmmono10-regular]:!
Missing character: There is no ▼ (U+25BC) in font [lmmono10-regular]:!
Missing character: There is no ┌ (U+250C) in font [lmmono10-regular]:!
Missing character: There is no ─ (U+2500) in font [lmmono10-regular]:!
Missing character: There is no ┌ (U+250C) in font [lmmono10-regular]:!
Missing character: There is no ─ (U+2500) in font [lmmono10-regular]:!
Missing character: There is no ┌ (U+250C) in font [lmmono10-regular]:!
Missing character: There is no ─ (U+2500) in font [lmmono10-regular]:!
Missing character: There is no ┌ (U+250C) in font [lmmono10-regular]:!
Missing character: There is no ─ (U+2500) in font [lmmono10-regular]:!
Missing character: There is no ┌ (U+250C) in font [lmmono10-regular]:!
Missing character: There is no ─ (U+2500) in font [lmmono10-regular]:!
Missing character: There is no ┌ (U+250C) in font [lmmono10-regular]:!
Missing character: There is no ─ (U+2500) in font [lmmono10-regular]:!
Missing character: There is no ┌ (U+250C) in font [lmmono10-regular]:!
Missing character: There is no ─ (U+2500) in font [lmmono10-regular]:!
Missing character: There is no ─ (U+2500) in font [lmmono10-regular]:!
Missing character: There is no ─ (U+2500) in font [lmmono10-regular]:!
Missing character: There is no ─ (U+2500) in font [lmmono10-regular]:!
Missing character: There is no ─ (U+2500) in font [lmmono10-regular]:!
Missing character: There is no ─ (U+2500) in font [lmmono10-regular]:!
Missing character: There is no ─ (U+2500) in font [lmmono10-regular]:!
Missing character: There is no ─ (U+2500) in font [lmmono10-regular]:!
Missing character: There is no ─ (U+2500) in font [lmmono10-regular]:!
Missing character: There is no ─ (U+2500) in font [lmmono10-regular]:!
Missing character: There is no ─ (U+2500) in font [lmmono10-regular]:!
Missing character: There is no ─ (U+2500) in font [lmmono10-regular]:!
Missing character: There is no ─ (U+2500) in font [lmmono10-regular]:!
Missing character: There is no ─ (U+2500) in font [lmmono10-regular]:!
Missing character: There is no ─ (U+2500) in font [lmmono10-regular]:!
Missing character: There is no ─ (U+2500) in font [lmmono10-regular]:!
Missing character: There is no ─ (U+2500) in font [lmmono10-regular]:!
Missing character: There is no ─ (U+2500) in font [lmmono10-regular]:!
Missing character: There is no ─ (U+2500) in font [lmmono10-regular]:!
Missing character: There is no ─ (U+2500) in font [lmmono10-regular]:!
Missing character: There is no ─ (U+2500) in font [lmmono10-regular]:!
Missing character: There is no ┐ (U+2510) in font [lmmono10-regular]:!
Missing character: There is no ┌ (U+250C) in font [lmmono10-regular]:!
Missing character: There is no ─ (U+2500) in font [lmmono10-regular]:!
Missing character: There is no ─ (U+2500) in font [lmmono10-regular]:!
Missing character: There is no ─ (U+2500) in font [lmmono10-regular]:!
Missing character: There is no ─ (U+2500) in font [lmmono10-regular]:!
Missing character: There is no ─ (U+2500) in font [lmmono10-regular]:!
Missing character: There is no ─ (U+2500) in font [lmmono10-regular]:!
Missing character: There is no ─ (U+2500) in font [lmmono10-regular]:!
Missing character: There is no ─ (U+2500) in font [lmmono10-regular]:!
Missing character: There is no ─ (U+2500) in font [lmmono10-regular]:!
Missing character: There is no ─ (U+2500) in font [lmmono10-regular]:!
Missing character: There is no ─ (U+2500) in font [lmmono10-regular]:!
Missing character: There is no ─ (U+2500) in font [lmmono10-regular]:!
Missing character: There is no ─ (U+2500) in font [lmmono10-regular]:!
Missing character: There is no ─ (U+2500) in font [lmmono10-regular]:!
Missing character: There is no ─ (U+2500) in font [lmmono10-regular]:!
Missing character: There is no ─ (U+2500) in font [lmmono10-regular]:!
Missing character: There is no ─ (U+2500) in font [lmmono10-regular]:!
Missing character: There is no ─ (U+2500) in font [lmmono10-regular]:!
Missing character: There is no ─ (U+2500) in font [lmmono10-regular]:!
Missing character: There is no ─ (U+2500) in font [lmmono10-regular]:!
Missing character: There is no ─ (U+2500) in font [lmmono10-regular]:!
Missing character: There is no ┐ (U+2510) in font [lmmono10-regular]:!
Missing character: There is no │ (U+2502) in font [lmmono10-regular]:!
Missing character: There is no │ (U+2502) in font [lmmono10-regular]:!
Missing character: There is no │ (U+2502) in font [lmmono10-regular]:!
Missing character: There is no │ (U+2502) in font [lmmono10-regular]:!
Missing character: There is no │ (U+2502) in font [lmmono10-regular]:!
Missing character: There is no │ (U+2502) in font [lmmono10-regular]:!
Missing character: There is no │ (U+2502) in font [lmmono10-regular]:!
Missing character: There is no │ (U+2502) in font [lmmono10-regular]:!
Missing character: There is no │ (U+2502) in font [lmmono10-regular]:!
Missing character: There is no │ (U+2502) in font [lmmono10-regular]:!
Missing character: There is no │ (U+2502) in font [lmmono10-regular]:!
Missing character: There is no │ (U+2502) in font [lmmono10-regular]:!
Missing character: There is no │ (U+2502) in font [lmmono10-regular]:!
Missing character: There is no │ (U+2502) in font [lmmono10-regular]:!
Missing character: There is no │ (U+2502) in font [lmmono10-regular]:!
Missing character: There is no │ (U+2502) in font [lmmono10-regular]:!
Missing character: There is no └ (U+2514) in font [lmmono10-regular]:!
Missing character: There is no ─ (U+2500) in font [lmmono10-regular]:!
Missing character: There is no └ (U+2514) in font [lmmono10-regular]:!
Missing character: There is no ─ (U+2500) in font [lmmono10-regular]:!
Missing character: There is no └ (U+2514) in font [lmmono10-regular]:!
Missing character: There is no ─ (U+2500) in font [lmmono10-regular]:!
Missing character: There is no └ (U+2514) in font [lmmono10-regular]:!
Missing character: There is no ─ (U+2500) in font [lmmono10-regular]:!
Missing character: There is no └ (U+2514) in font [lmmono10-regular]:!
Missing character: There is no ─ (U+2500) in font [lmmono10-regular]:!
Missing character: There is no └ (U+2514) in font [lmmono10-regular]:!
Missing character: There is no ─ (U+2500) in font [lmmono10-regular]:!
Missing character: There is no └ (U+2514) in font [lmmono10-regular]:!
Missing character: There is no ─ (U+2500) in font [lmmono10-regular]:!
Missing character: There is no ─ (U+2500) in font [lmmono10-regular]:!
Missing character: There is no ─ (U+2500) in font [lmmono10-regular]:!
Missing character: There is no ─ (U+2500) in font [lmmono10-regular]:!
Missing character: There is no ─ (U+2500) in font [lmmono10-regular]:!
Missing character: There is no ─ (U+2500) in font [lmmono10-regular]:!
Missing character: There is no ─ (U+2500) in font [lmmono10-regular]:!
Missing character: There is no ─ (U+2500) in font [lmmono10-regular]:!
Missing character: There is no ─ (U+2500) in font [lmmono10-regular]:!
Missing character: There is no ┬ (U+252C) in font [lmmono10-regular]:!
Missing character: There is no ─ (U+2500) in font [lmmono10-regular]:!
Missing character: There is no ─ (U+2500) in font [lmmono10-regular]:!
Missing character: There is no ─ (U+2500) in font [lmmono10-regular]:!
Missing character: There is no ─ (U+2500) in font [lmmono10-regular]:!
Missing character: There is no ─ (U+2500) in font [lmmono10-regular]:!
Missing character: There is no ─ (U+2500) in font [lmmono10-regular]:!
Missing character: There is no ─ (U+2500) in font [lmmono10-regular]:!
Missing character: There is no ─ (U+2500) in font [lmmono10-regular]:!
Missing character: There is no ─ (U+2500) in font [lmmono10-regular]:!
Missing character: There is no ─ (U+2500) in font [lmmono10-regular]:!
Missing character: There is no ─ (U+2500) in font [lmmono10-regular]:!
Missing character: There is no ┘ (U+2518) in font [lmmono10-regular]:!
Missing character: There is no └ (U+2514) in font [lmmono10-regular]:!
Missing character: There is no ─ (U+2500) in font [lmmono10-regular]:!
Missing character: There is no ─ (U+2500) in font [lmmono10-regular]:!
Missing character: There is no ─ (U+2500) in font [lmmono10-regular]:!
Missing character: There is no ─ (U+2500) in font [lmmono10-regular]:!
Missing character: There is no ─ (U+2500) in font [lmmono10-regular]:!
Missing character: There is no ─ (U+2500) in font [lmmono10-regular]:!
Missing character: There is no ─ (U+2500) in font [lmmono10-regular]:!
Missing character: There is no ─ (U+2500) in font [lmmono10-regular]:!
Missing character: There is no ─ (U+2500) in font [lmmono10-regular]:!
Missing character: There is no ┬ (U+252C) in font [lmmono10-regular]:!
Missing character: There is no ─ (U+2500) in font [lmmono10-regular]:!
Missing character: There is no ─ (U+2500) in font [lmmono10-regular]:!
Missing character: There is no ─ (U+2500) in font [lmmono10-regular]:!
Missing character: There is no ─ (U+2500) in font [lmmono10-regular]:!
Missing character: There is no ─ (U+2500) in font [lmmono10-regular]:!
Missing character: There is no ─ (U+2500) in font [lmmono10-regular]:!
Missing character: There is no ─ (U+2500) in font [lmmono10-regular]:!
Missing character: There is no ─ (U+2500) in font [lmmono10-regular]:!
Missing character: There is no ─ (U+2500) in font [lmmono10-regular]:!
Missing character: There is no ─ (U+2500) in font [lmmono10-regular]:!
Missing character: There is no ─ (U+2500) in font [lmmono10-regular]:!
Missing character: There is no ┘ (U+2518) in font [lmmono10-regular]:!
Missing character: There is no │ (U+2502) in font [lmmono10-regular]:!
Missing character: There is no │ (U+2502) in font [lmmono10-regular]:!
Missing character: There is no ▼ (U+25BC) in font [lmmono10-regular]:!
Missing character: There is no ▼ (U+25BC) in font [lmmono10-regular]:!
Missing character: There is no ┌ (U+250C) in font [lmmono10-regular]:!
Missing character: There is no ─ (U+2500) in font [lmmono10-regular]:!
Missing character: There is no ┌ (U+250C) in font [lmmono10-regular]:!
Missing character: There is no ─ (U+2500) in font [lmmono10-regular]:!
Missing character: There is no ┌ (U+250C) in font [lmmono10-regular]:!
Missing character: There is no ─ (U+2500) in font [lmmono10-regular]:!
Missing character: There is no ┌ (U+250C) in font [lmmono10-regular]:!
Missing character: There is no ─ (U+2500) in font [lmmono10-regular]:!
Missing character: There is no ┌ (U+250C) in font [lmmono10-regular]:!
Missing character: There is no ─ (U+2500) in font [lmmono10-regular]:!
Missing character: There is no ┌ (U+250C) in font [lmmono10-regular]:!
Missing character: There is no ─ (U+2500) in font [lmmono10-regular]:!
Missing character: There is no ┌ (U+250C) in font [lmmono10-regular]:!
Missing character: There is no ─ (U+2500) in font [lmmono10-regular]:!
Missing character: There is no ─ (U+2500) in font [lmmono10-regular]:!
Missing character: There is no ─ (U+2500) in font [lmmono10-regular]:!
Missing character: There is no ─ (U+2500) in font [lmmono10-regular]:!
Missing character: There is no ─ (U+2500) in font [lmmono10-regular]:!
Missing character: There is no ─ (U+2500) in font [lmmono10-regular]:!
Missing character: There is no ─ (U+2500) in font [lmmono10-regular]:!
Missing character: There is no ─ (U+2500) in font [lmmono10-regular]:!
Missing character: There is no ─ (U+2500) in font [lmmono10-regular]:!
Missing character: There is no ─ (U+2500) in font [lmmono10-regular]:!
Missing character: There is no ─ (U+2500) in font [lmmono10-regular]:!
Missing character: There is no ─ (U+2500) in font [lmmono10-regular]:!
Missing character: There is no ─ (U+2500) in font [lmmono10-regular]:!
Missing character: There is no ─ (U+2500) in font [lmmono10-regular]:!
Missing character: There is no ─ (U+2500) in font [lmmono10-regular]:!
Missing character: There is no ─ (U+2500) in font [lmmono10-regular]:!
Missing character: There is no ─ (U+2500) in font [lmmono10-regular]:!
Missing character: There is no ─ (U+2500) in font [lmmono10-regular]:!
Missing character: There is no ─ (U+2500) in font [lmmono10-regular]:!
Missing character: There is no ─ (U+2500) in font [lmmono10-regular]:!
Missing character: There is no ─ (U+2500) in font [lmmono10-regular]:!
Missing character: There is no ┐ (U+2510) in font [lmmono10-regular]:!
Missing character: There is no ┌ (U+250C) in font [lmmono10-regular]:!
Missing character: There is no ─ (U+2500) in font [lmmono10-regular]:!
Missing character: There is no ─ (U+2500) in font [lmmono10-regular]:!
Missing character: There is no ─ (U+2500) in font [lmmono10-regular]:!
Missing character: There is no ─ (U+2500) in font [lmmono10-regular]:!
Missing character: There is no ─ (U+2500) in font [lmmono10-regular]:!
Missing character: There is no ─ (U+2500) in font [lmmono10-regular]:!
Missing character: There is no ─ (U+2500) in font [lmmono10-regular]:!
Missing character: There is no ─ (U+2500) in font [lmmono10-regular]:!
Missing character: There is no ─ (U+2500) in font [lmmono10-regular]:!
Missing character: There is no ─ (U+2500) in font [lmmono10-regular]:!
Missing character: There is no ─ (U+2500) in font [lmmono10-regular]:!
Missing character: There is no ─ (U+2500) in font [lmmono10-regular]:!
Missing character: There is no ─ (U+2500) in font [lmmono10-regular]:!
Missing character: There is no ─ (U+2500) in font [lmmono10-regular]:!
Missing character: There is no ─ (U+2500) in font [lmmono10-regular]:!
Missing character: There is no ─ (U+2500) in font [lmmono10-regular]:!
Missing character: There is no ─ (U+2500) in font [lmmono10-regular]:!
Missing character: There is no ─ (U+2500) in font [lmmono10-regular]:!
Missing character: There is no ─ (U+2500) in font [lmmono10-regular]:!
Missing character: There is no ─ (U+2500) in font [lmmono10-regular]:!
Missing character: There is no ─ (U+2500) in font [lmmono10-regular]:!
Missing character: There is no ┐ (U+2510) in font [lmmono10-regular]:!
Missing character: There is no │ (U+2502) in font [lmmono10-regular]:!
Missing character: There is no │ (U+2502) in font [lmmono10-regular]:!
Missing character: There is no │ (U+2502) in font [lmmono10-regular]:!
Missing character: There is no │ (U+2502) in font [lmmono10-regular]:!
Missing character: There is no │ (U+2502) in font [lmmono10-regular]:!
Missing character: There is no │ (U+2502) in font [lmmono10-regular]:!
Missing character: There is no │ (U+2502) in font [lmmono10-regular]:!
Missing character: There is no │ (U+2502) in font [lmmono10-regular]:!
[1008
Missing character: There is no ┌ (U+250C) in font [lmmono10-regular]:!
Missing character: There is no ─ (U+2500) in font [lmmono10-regular]:!
Missing character: There is no ─ (U+2500) in font [lmmono10-regular]:!
Missing character: There is no ─ (U+2500) in font [lmmono10-regular]:!
Missing character: There is no ─ (U+2500) in font [lmmono10-regular]:!
Missing character: There is no ─ (U+2500) in font [lmmono10-regular]:!
Missing character: There is no ─ (U+2500) in font [lmmono10-regular]:!
Missing character: There is no ─ (U+2500) in font [lmmono10-regular]:!
Missing character: There is no ─ (U+2500) in font [lmmono10-regular]:!
Missing character: There is no ─ (U+2500) in font [lmmono10-regular]:!
Missing character: There is no ─ (U+2500) in font [lmmono10-regular]:!
Missing character: There is no ─ (U+2500) in font [lmmono10-regular]:!
Missing character: There is no ─ (U+2500) in font [lmmono10-regular]:!
Missing character: There is no ─ (U+2500) in font [lmmono10-regular]:!
Missing character: There is no ─ (U+2500) in font [lmmono10-regular]:!
Missing character: There is no ─ (U+2500) in font [lmmono10-regular]:!
Missing character: There is no ─ (U+2500) in font [lmmono10-regular]:!
Missing character: There is no ─ (U+2500) in font [lmmono10-regular]:!
Missing character: There is no ─ (U+2500) in font [lmmono10-regular]:!
Missing character: There is no ─ (U+2500) in font [lmmono10-regular]:!
Missing character: There is no ─ (U+2500) in font [lmmono10-regular]:!
Missing character: There is no ─ (U+2500) in font [lmmono10-regular]:!
Missing character: There is no ┐ (U+2510) in font [lmmono10-regular]:!
Missing character: There is no │ (U+2502) in font [lmmono10-regular]:!
Missing character: There is no │ (U+2502) in font [lmmono10-regular]:!
Missing character: There is no │ (U+2502) in font [lmmono10-regular]:!
Missing character: There is no │ (U+2502) in font [lmmono10-regular]:!
Missing character: There is no └ (U+2514) in font [lmmono10-regular]:!
Missing character: There is no ─ (U+2500) in font [lmmono10-regular]:!
Missing character: There is no ─ (U+2500) in font [lmmono10-regular]:!
Missing character: There is no ─ (U+2500) in font [lmmono10-regular]:!
Missing character: There is no ─ (U+2500) in font [lmmono10-regular]:!
Missing character: There is no ─ (U+2500) in font [lmmono10-regular]:!
Missing character: There is no ─ (U+2500) in font [lmmono10-regular]:!
Missing character: There is no ─ (U+2500) in font [lmmono10-regular]:!
Missing character: There is no ─ (U+2500) in font [lmmono10-regular]:!
Missing character: There is no ─ (U+2500) in font [lmmono10-regular]:!
Missing character: There is no ┬ (U+252C) in font [lmmono10-regular]:!
Missing character: There is no ─ (U+2500) in font [lmmono10-regular]:!
Missing character: There is no ─ (U+2500) in font [lmmono10-regular]:!
Missing character: There is no ─ (U+2500) in font [lmmono10-regular]:!
Missing character: There is no ─ (U+2500) in font [lmmono10-regular]:!
Missing character: There is no ─ (U+2500) in font [lmmono10-regular]:!
Missing character: There is no ─ (U+2500) in font [lmmono10-regular]:!
Missing character: There is no ─ (U+2500) in font [lmmono10-regular]:!
Missing character: There is no ─ (U+2500) in font [lmmono10-regular]:!
Missing character: There is no ─ (U+2500) in font [lmmono10-regular]:!
Missing character: There is no ─ (U+2500) in font [lmmono10-regular]:!
Missing character: There is no ─ (U+2500) in font [lmmono10-regular]:!
Missing character: There is no ┘ (U+2518) in font [lmmono10-regular]:!
Missing character: There is no │ (U+2502) in font [lmmono10-regular]:!
Missing character: There is no ▼ (U+25BC) in font [lmmono10-regular]:!
Missing character: There is no ┌ (U+250C) in font [lmmono10-regular]:!
Missing character: There is no ─ (U+2500) in font [lmmono10-regular]:!
Missing character: There is no ─ (U+2500) in font [lmmono10-regular]:!
Missing character: There is no ─ (U+2500) in font [lmmono10-regular]:!
Missing character: There is no ─ (U+2500) in font [lmmono10-regular]:!
Missing character: There is no ─ (U+2500) in font [lmmono10-regular]:!
Missing character: There is no ─ (U+2500) in font [lmmono10-regular]:!
Missing character: There is no ─ (U+2500) in font [lmmono10-regular]:!
Missing character: There is no ─ (U+2500) in font [lmmono10-regular]:!
Missing character: There is no ─ (U+2500) in font [lmmono10-regular]:!
Missing character: There is no ─ (U+2500) in font [lmmono10-regular]:!
Missing character: There is no ─ (U+2500) in font [lmmono10-regular]:!
Missing character: There is no ─ (U+2500) in font [lmmono10-regular]:!
Missing character: There is no ─ (U+2500) in font [lmmono10-regular]:!
Missing character: There is no ─ (U+2500) in font [lmmono10-regular]:!
Missing character: There is no ─ (U+2500) in font [lmmono10-regular]:!
Missing character: There is no ─ (U+2500) in font [lmmono10-regular]:!
Missing character: There is no ─ (U+2500) in font [lmmono10-regular]:!
Missing character: There is no ─ (U+2500) in font [lmmono10-regular]:!
Missing character: There is no ─ (U+2500) in font [lmmono10-regular]:!
Missing character: There is no ─ (U+2500) in font [lmmono10-regular]:!
Missing character: There is no ─ (U+2500) in font [lmmono10-regular]:!
Missing character: There is no ┐ (U+2510) in font [lmmono10-regular]:!
Missing character: There is no │ (U+2502) in font [lmmono10-regular]:!
Missing character: There is no │ (U+2502) in font [lmmono10-regular]:!
Missing character: There is no │ (U+2502) in font [lmmono10-regular]:!
Missing character: There is no │ (U+2502) in font [lmmono10-regular]:!
Missing character: There is no └ (U+2514) in font [lmmono10-regular]:!
Missing character: There is no ─ (U+2500) in font [lmmono10-regular]:!
Missing character: There is no ─ (U+2500) in font [lmmono10-regular]:!
Missing character: There is no ─ (U+2500) in font [lmmono10-regular]:!
Missing character: There is no ─ (U+2500) in font [lmmono10-regular]:!
Missing character: There is no ─ (U+2500) in font [lmmono10-regular]:!
Missing character: There is no ─ (U+2500) in font [lmmono10-regular]:!
Missing character: There is no ─ (U+2500) in font [lmmono10-regular]:!
Missing character: There is no ─ (U+2500) in font [lmmono10-regular]:!
Missing character: There is no ─ (U+2500) in font [lmmono10-regular]:!
Missing character: There is no ┬ (U+252C) in font [lmmono10-regular]:!
Missing character: There is no ─ (U+2500) in font [lmmono10-regular]:!
Missing character: There is no ─ (U+2500) in font [lmmono10-regular]:!
Missing character: There is no ─ (U+2500) in font [lmmono10-regular]:!
Missing character: There is no ─ (U+2500) in font [lmmono10-regular]:!
Missing character: There is no ─ (U+2500) in font [lmmono10-regular]:!
Missing character: There is no ─ (U+2500) in font [lmmono10-regular]:!
Missing character: There is no ─ (U+2500) in font [lmmono10-regular]:!
Missing character: There is no ─ (U+2500) in font [lmmono10-regular]:!
Missing character: There is no ─ (U+2500) in font [lmmono10-regular]:!
Missing character: There is no ─ (U+2500) in font [lmmono10-regular]:!
Missing character: There is no ─ (U+2500) in font [lmmono10-regular]:!
Missing character: There is no ┘ (U+2518) in font [lmmono10-regular]:!
Missing character: There is no │ (U+2502) in font [lmmono10-regular]:!
Missing character: There is no ▼ (U+25BC) in font [lmmono10-regular]:!
Missing character: There is no ┌ (U+250C) in font [lmmono10-regular]:!
Missing character: There is no ─ (U+2500) in font [lmmono10-regular]:!
Missing character: There is no ─ (U+2500) in font [lmmono10-regular]:!
Missing character: There is no ─ (U+2500) in font [lmmono10-regular]:!
Missing character: There is no ─ (U+2500) in font [lmmono10-regular]:!
Missing character: There is no ─ (U+2500) in font [lmmono10-regular]:!
Missing character: There is no ─ (U+2500) in font [lmmono10-regular]:!
Missing character: There is no ─ (U+2500) in font [lmmono10-regular]:!
Missing character: There is no ─ (U+2500) in font [lmmono10-regular]:!
Missing character: There is no ─ (U+2500) in font [lmmono10-regular]:!
Missing character: There is no ─ (U+2500) in font [lmmono10-regular]:!
Missing character: There is no ─ (U+2500) in font [lmmono10-regular]:!
Missing character: There is no ─ (U+2500) in font [lmmono10-regular]:!
Missing character: There is no ─ (U+2500) in font [lmmono10-regular]:!
Missing character: There is no ─ (U+2500) in font [lmmono10-regular]:!
Missing character: There is no ─ (U+2500) in font [lmmono10-regular]:!
Missing character: There is no ─ (U+2500) in font [lmmono10-regular]:!
Missing character: There is no ─ (U+2500) in font [lmmono10-regular]:!
Missing character: There is no ─ (U+2500) in font [lmmono10-regular]:!
Missing character: There is no ─ (U+2500) in font [lmmono10-regular]:!
Missing character: There is no ─ (U+2500) in font [lmmono10-regular]:!
Missing character: There is no ─ (U+2500) in font [lmmono10-regular]:!
Missing character: There is no ┐ (U+2510) in font [lmmono10-regular]:!
Missing character: There is no │ (U+2502) in font [lmmono10-regular]:!
Missing character: There is no │ (U+2502) in font [lmmono10-regular]:!
Missing character: There is no │ (U+2502) in font [lmmono10-regular]:!
Missing character: There is no │ (U+2502) in font [lmmono10-regular]:!
Missing character: There is no └ (U+2514) in font [lmmono10-regular]:!
Missing character: There is no ─ (U+2500) in font [lmmono10-regular]:!
Missing character: There is no ─ (U+2500) in font [lmmono10-regular]:!
Missing character: There is no ─ (U+2500) in font [lmmono10-regular]:!
Missing character: There is no ─ (U+2500) in font [lmmono10-regular]:!
Missing character: There is no ─ (U+2500) in font [lmmono10-regular]:!
Missing character: There is no ─ (U+2500) in font [lmmono10-regular]:!
Missing character: There is no ─ (U+2500) in font [lmmono10-regular]:!
Missing character: There is no ─ (U+2500) in font [lmmono10-regular]:!
Missing character: There is no ─ (U+2500) in font [lmmono10-regular]:!
Missing character: There is no ┬ (U+252C) in font [lmmono10-regular]:!
Missing character: There is no ─ (U+2500) in font [lmmono10-regular]:!
Missing character: There is no ─ (U+2500) in font [lmmono10-regular]:!
Missing character: There is no ─ (U+2500) in font [lmmono10-regular]:!
Missing character: There is no ─ (U+2500) in font [lmmono10-regular]:!
Missing character: There is no ─ (U+2500) in font [lmmono10-regular]:!
Missing character: There is no ─ (U+2500) in font [lmmono10-regular]:!
Missing character: There is no ─ (U+2500) in font [lmmono10-regular]:!
Missing character: There is no ─ (U+2500) in font [lmmono10-regular]:!
Missing character: There is no ─ (U+2500) in font [lmmono10-regular]:!
Missing character: There is no ─ (U+2500) in font [lmmono10-regular]:!
Missing character: There is no ─ (U+2500) in font [lmmono10-regular]:!
Missing character: There is no ┘ (U+2518) in font [lmmono10-regular]:!
Missing character: There is no │ (U+2502) in font [lmmono10-regular]:!
Missing character: There is no ▼ (U+25BC) in font [lmmono10-regular]:!
Missing character: There is no ┌ (U+250C) in font [lmmono10-regular]:!
Missing character: There is no ─ (U+2500) in font [lmmono10-regular]:!
Missing character: There is no ─ (U+2500) in font [lmmono10-regular]:!
Missing character: There is no ─ (U+2500) in font [lmmono10-regular]:!
Missing character: There is no ─ (U+2500) in font [lmmono10-regular]:!
Missing character: There is no ─ (U+2500) in font [lmmono10-regular]:!
Missing character: There is no ─ (U+2500) in font [lmmono10-regular]:!
Missing character: There is no ─ (U+2500) in font [lmmono10-regular]:!
Missing character: There is no ─ (U+2500) in font [lmmono10-regular]:!
Missing character: There is no ─ (U+2500) in font [lmmono10-regular]:!
Missing character: There is no ─ (U+2500) in font [lmmono10-regular]:!
Missing character: There is no ─ (U+2500) in font [lmmono10-regular]:!
Missing character: There is no ─ (U+2500) in font [lmmono10-regular]:!
Missing character: There is no ─ (U+2500) in font [lmmono10-regular]:!
Missing character: There is no ─ (U+2500) in font [lmmono10-regular]:!
Missing character: There is no ─ (U+2500) in font [lmmono10-regular]:!
Missing character: There is no ─ (U+2500) in font [lmmono10-regular]:!
Missing character: There is no ─ (U+2500) in font [lmmono10-regular]:!
Missing character: There is no ─ (U+2500) in font [lmmono10-regular]:!
Missing character: There is no ─ (U+2500) in font [lmmono10-regular]:!
Missing character: There is no ─ (U+2500) in font [lmmono10-regular]:!
Missing character: There is no ─ (U+2500) in font [lmmono10-regular]:!
Missing character: There is no ┐ (U+2510) in font [lmmono10-regular]:!
Missing character: There is no │ (U+2502) in font [lmmono10-regular]:!
Missing character: There is no │ (U+2502) in font [lmmono10-regular]:!
Missing character: There is no │ (U+2502) in font [lmmono10-regular]:!
Missing character: There is no │ (U+2502) in font [lmmono10-regular]:!
Missing character: There is no └ (U+2514) in font [lmmono10-regular]:!
Missing character: There is no ─ (U+2500) in font [lmmono10-regular]:!
Missing character: There is no ─ (U+2500) in font [lmmono10-regular]:!
Missing character: There is no ─ (U+2500) in font [lmmono10-regular]:!
Missing character: There is no ─ (U+2500) in font [lmmono10-regular]:!
Missing character: There is no ─ (U+2500) in font [lmmono10-regular]:!
Missing character: There is no ─ (U+2500) in font [lmmono10-regular]:!
Missing character: There is no ─ (U+2500) in font [lmmono10-regular]:!
Missing character: There is no ─ (U+2500) in font [lmmono10-regular]:!
Missing character: There is no ─ (U+2500) in font [lmmono10-regular]:!
Missing character: There is no ┬ (U+252C) in font [lmmono10-regular]:!
Missing character: There is no ─ (U+2500) in font [lmmono10-regular]:!
Missing character: There is no ─ (U+2500) in font [lmmono10-regular]:!
Missing character: There is no ─ (U+2500) in font [lmmono10-regular]:!
Missing character: There is no ─ (U+2500) in font [lmmono10-regular]:!
Missing character: There is no ─ (U+2500) in font [lmmono10-regular]:!
Missing character: There is no ─ (U+2500) in font [lmmono10-regular]:!
Missing character: There is no ─ (U+2500) in font [lmmono10-regular]:!
Missing character: There is no ─ (U+2500) in font [lmmono10-regular]:!
Missing character: There is no ─ (U+2500) in font [lmmono10-regular]:!
Missing character: There is no ─ (U+2500) in font [lmmono10-regular]:!
Missing character: There is no ─ (U+2500) in font [lmmono10-regular]:!
Missing character: There is no ┘ (U+2518) in font [lmmono10-regular]:!
Missing character: There is no │ (U+2502) in font [lmmono10-regular]:!
Missing character: There is no ▼ (U+25BC) in font [lmmono10-regular]:!
<./chapters/appendix/a42_cmdstanr_intro_files/figure-pdf/unnamed-chunk-13-1.png>]
Missing character: There is no │ (U+2502) in font [lmmono10-regular]:!
Missing character: There is no │ (U+2502) in font [lmmono10-regular]:!
Missing character: There is no │ (U+2502) in font [lmmono10-regular]:!
Missing character: There is no │ (U+2502) in font [lmmono10-regular]:!
Missing character: There is no │ (U+2502) in font [lmmono10-regular]:!
Missing character: There is no │ (U+2502) in font [lmmono10-regular]:!
Missing character: There is no │ (U+2502) in font [lmmono10-regular]:!
Missing character: There is no │ (U+2502) in font [lmmono10-regular]:!
Missing character: There is no └ (U+2514) in font [lmmono10-regular]:!
Missing character: There is no ─ (U+2500) in font [lmmono10-regular]:!
Missing character: There is no └ (U+2514) in font [lmmono10-regular]:!
Missing character: There is no ─ (U+2500) in font [lmmono10-regular]:!
Missing character: There is no └ (U+2514) in font [lmmono10-regular]:!
Missing character: There is no ─ (U+2500) in font [lmmono10-regular]:!
Missing character: There is no └ (U+2514) in font [lmmono10-regular]:!
Missing character: There is no ─ (U+2500) in font [lmmono10-regular]:!
Missing character: There is no └ (U+2514) in font [lmmono10-regular]:!
Missing character: There is no ─ (U+2500) in font [lmmono10-regular]:!
Missing character: There is no └ (U+2514) in font [lmmono10-regular]:!
Missing character: There is no ─ (U+2500) in font [lmmono10-regular]:!
Missing character: There is no └ (U+2514) in font [lmmono10-regular]:!
Missing character: There is no ─ (U+2500) in font [lmmono10-regular]:!
Missing character: There is no ─ (U+2500) in font [lmmono10-regular]:!
Missing character: There is no ─ (U+2500) in font [lmmono10-regular]:!
Missing character: There is no ─ (U+2500) in font [lmmono10-regular]:!
Missing character: There is no ─ (U+2500) in font [lmmono10-regular]:!
Missing character: There is no ─ (U+2500) in font [lmmono10-regular]:!
Missing character: There is no ─ (U+2500) in font [lmmono10-regular]:!
Missing character: There is no ─ (U+2500) in font [lmmono10-regular]:!
Missing character: There is no ─ (U+2500) in font [lmmono10-regular]:!
Missing character: There is no ─ (U+2500) in font [lmmono10-regular]:!
Missing character: There is no ─ (U+2500) in font [lmmono10-regular]:!
Missing character: There is no ─ (U+2500) in font [lmmono10-regular]:!
Missing character: There is no ─ (U+2500) in font [lmmono10-regular]:!
Missing character: There is no ─ (U+2500) in font [lmmono10-regular]:!
Missing character: There is no ─ (U+2500) in font [lmmono10-regular]:!
Missing character: There is no ─ (U+2500) in font [lmmono10-regular]:!
Missing character: There is no ─ (U+2500) in font [lmmono10-regular]:!
Missing character: There is no ─ (U+2500) in font [lmmono10-regular]:!
Missing character: There is no ─ (U+2500) in font [lmmono10-regular]:!
Missing character: There is no ─ (U+2500) in font [lmmono10-regular]:!
Missing character: There is no ─ (U+2500) in font [lmmono10-regular]:!
Missing character: There is no ┘ (U+2518) in font [lmmono10-regular]:!
Missing character: There is no └ (U+2514) in font [lmmono10-regular]:!
Missing character: There is no ─ (U+2500) in font [lmmono10-regular]:!
Missing character: There is no ─ (U+2500) in font [lmmono10-regular]:!
Missing character: There is no ─ (U+2500) in font [lmmono10-regular]:!
Missing character: There is no ─ (U+2500) in font [lmmono10-regular]:!
Missing character: There is no ─ (U+2500) in font [lmmono10-regular]:!
Missing character: There is no ─ (U+2500) in font [lmmono10-regular]:!
Missing character: There is no ─ (U+2500) in font [lmmono10-regular]:!
Missing character: There is no ─ (U+2500) in font [lmmono10-regular]:!
Missing character: There is no ─ (U+2500) in font [lmmono10-regular]:!
Missing character: There is no ─ (U+2500) in font [lmmono10-regular]:!
Missing character: There is no ─ (U+2500) in font [lmmono10-regular]:!
Missing character: There is no ─ (U+2500) in font [lmmono10-regular]:!
Missing character: There is no ─ (U+2500) in font [lmmono10-regular]:!
Missing character: There is no ─ (U+2500) in font [lmmono10-regular]:!
Missing character: There is no ─ (U+2500) in font [lmmono10-regular]:!
Missing character: There is no ─ (U+2500) in font [lmmono10-regular]:!
Missing character: There is no ─ (U+2500) in font [lmmono10-regular]:!
Missing character: There is no ─ (U+2500) in font [lmmono10-regular]:!
Missing character: There is no ─ (U+2500) in font [lmmono10-regular]:!
Missing character: There is no ─ (U+2500) in font [lmmono10-regular]:!
Missing character: There is no ─ (U+2500) in font [lmmono10-regular]:!
Missing character: There is no ┘ (U+2518) in font [lmmono10-regular]:!
[1009
Missing character: There is no ┌ (U+250C) in font [lmmono10-regular]:!
Missing character: There is no ─ (U+2500) in font [lmmono10-regular]:!
Missing character: There is no ─ (U+2500) in font [lmmono10-regular]:!
Missing character: There is no ─ (U+2500) in font [lmmono10-regular]:!
Missing character: There is no ─ (U+2500) in font [lmmono10-regular]:!
Missing character: There is no ─ (U+2500) in font [lmmono10-regular]:!
Missing character: There is no ─ (U+2500) in font [lmmono10-regular]:!
Missing character: There is no ─ (U+2500) in font [lmmono10-regular]:!
Missing character: There is no ─ (U+2500) in font [lmmono10-regular]:!
Missing character: There is no ─ (U+2500) in font [lmmono10-regular]:!
Missing character: There is no ─ (U+2500) in font [lmmono10-regular]:!
Missing character: There is no ─ (U+2500) in font [lmmono10-regular]:!
Missing character: There is no ─ (U+2500) in font [lmmono10-regular]:!
Missing character: There is no ─ (U+2500) in font [lmmono10-regular]:!
Missing character: There is no ─ (U+2500) in font [lmmono10-regular]:!
Missing character: There is no ─ (U+2500) in font [lmmono10-regular]:!
Missing character: There is no ─ (U+2500) in font [lmmono10-regular]:!
Missing character: There is no ─ (U+2500) in font [lmmono10-regular]:!
Missing character: There is no ─ (U+2500) in font [lmmono10-regular]:!
Missing character: There is no ─ (U+2500) in font [lmmono10-regular]:!
Missing character: There is no ─ (U+2500) in font [lmmono10-regular]:!
Missing character: There is no ─ (U+2500) in font [lmmono10-regular]:!
Missing character: There is no ┐ (U+2510) in font [lmmono10-regular]:!
Missing character: There is no │ (U+2502) in font [lmmono10-regular]:!
Missing character: There is no │ (U+2502) in font [lmmono10-regular]:!
Missing character: There is no │ (U+2502) in font [lmmono10-regular]:!
Missing character: There is no │ (U+2502) in font [lmmono10-regular]:!
Missing character: There is no └ (U+2514) in font [lmmono10-regular]:!
Missing character: There is no ─ (U+2500) in font [lmmono10-regular]:!
Missing character: There is no ─ (U+2500) in font [lmmono10-regular]:!
Missing character: There is no ─ (U+2500) in font [lmmono10-regular]:!
Missing character: There is no ─ (U+2500) in font [lmmono10-regular]:!
Missing character: There is no ─ (U+2500) in font [lmmono10-regular]:!
Missing character: There is no ─ (U+2500) in font [lmmono10-regular]:!
Missing character: There is no ─ (U+2500) in font [lmmono10-regular]:!
Missing character: There is no ─ (U+2500) in font [lmmono10-regular]:!
Missing character: There is no ─ (U+2500) in font [lmmono10-regular]:!
Missing character: There is no ─ (U+2500) in font [lmmono10-regular]:!
Missing character: There is no ─ (U+2500) in font [lmmono10-regular]:!
Missing character: There is no ─ (U+2500) in font [lmmono10-regular]:!
Missing character: There is no ─ (U+2500) in font [lmmono10-regular]:!
Missing character: There is no ─ (U+2500) in font [lmmono10-regular]:!
Missing character: There is no ─ (U+2500) in font [lmmono10-regular]:!
Missing character: There is no ─ (U+2500) in font [lmmono10-regular]:!
Missing character: There is no ─ (U+2500) in font [lmmono10-regular]:!
Missing character: There is no ─ (U+2500) in font [lmmono10-regular]:!
Missing character: There is no ─ (U+2500) in font [lmmono10-regular]:!
Missing character: There is no ─ (U+2500) in font [lmmono10-regular]:!
Missing character: There is no ─ (U+2500) in font [lmmono10-regular]:!
Missing character: There is no ┘ (U+2518) in font [lmmono10-regular]:!
]
chapter K.

Package longtable Warning: Column widths have changed
(longtable)                in none 57 on input line 73366.


LaTeX Warning: Reference `sec-apx-install-cmdstan' on page 1010 undefined on input line 73371.

[1010

] [1011] [1012]

Package longtable Warning: Column widths have changed
(longtable)                in none 58 on input line 73582.

[1013]

Package longtable Warning: Column widths have changed
(longtable)                in none 60 on input line 73649.

[1014] [1015] [1016] [1017]
chapter L.

Package longtable Warning: Column widths have changed
(longtable)                in none 61 on input line 73932.

[1018

]
Underfull \vbox (badness 1383) has occurred while \output is active []

[1019]
<chapters/appendix/a44_stan_diagnostics_files/figure-pdf/trace-plot-1.pdf, id=7191, 650.43pt x 289.08pt>
File: chapters/appendix/a44_stan_diagnostics_files/figure-pdf/trace-plot-1.pdf Graphic file (type pdf)
<use chapters/appendix/a44_stan_diagnostics_files/figure-pdf/trace-plot-1.pdf>
Package luatex.def Info: chapters/appendix/a44_stan_diagnostics_files/figure-pdf/trace-plot-1.pdf  used on input line 74080.
(luatex.def)             Requested size: 650.4284pt x 289.07928pt.

Overfull \hbox (10.95837pt too wide) in paragraph at lines 74080--74081
[][] 
 []

[1020<./chapters/appendix/a44_stan_diagnostics_files/figure-pdf/trace-plot-1.pdf>]
<chapters/appendix/a44_stan_diagnostics_files/figure-pdf/density-plot-1.pdf, id=7204, 433.62pt x 289.08pt>
File: chapters/appendix/a44_stan_diagnostics_files/figure-pdf/density-plot-1.pdf Graphic file (type pdf)
<use chapters/appendix/a44_stan_diagnostics_files/figure-pdf/density-plot-1.pdf>
Package luatex.def Info: chapters/appendix/a44_stan_diagnostics_files/figure-pdf/density-plot-1.pdf  used on input line 74125.
(luatex.def)             Requested size: 433.61894pt x 289.07928pt.

Overfull \hbox (3.55121pt too wide) in paragraph at lines 74125--74126
[][] 
 []

[1021<./chapters/appendix/a44_stan_diagnostics_files/figure-pdf/density-plot-1.pdf>]
<chapters/appendix/a44_stan_diagnostics_files/figure-pdf/acf-plot-1.pdf, id=7221, 578.16pt x 289.08pt>
File: chapters/appendix/a44_stan_diagnostics_files/figure-pdf/acf-plot-1.pdf Graphic file (type pdf)
<use chapters/appendix/a44_stan_diagnostics_files/figure-pdf/acf-plot-1.pdf>
Package luatex.def Info: chapters/appendix/a44_stan_diagnostics_files/figure-pdf/acf-plot-1.pdf  used on input line 74181.
(luatex.def)             Requested size: 578.15858pt x 289.07928pt.

Overfull \hbox (10.94403pt too wide) in paragraph at lines 74181--74182
[][] 
 []

[1022<./chapters/appendix/a44_stan_diagnostics_files/figure-pdf/acf-plot-1.pdf>] [1023]
<chapters/appendix/a44_stan_diagnostics_files/figure-pdf/neff-ratio-1.pdf, id=7244, 433.62pt x 216.81pt>
File: chapters/appendix/a44_stan_diagnostics_files/figure-pdf/neff-ratio-1.pdf Graphic file (type pdf)
<use chapters/appendix/a44_stan_diagnostics_files/figure-pdf/neff-ratio-1.pdf>
Package luatex.def Info: chapters/appendix/a44_stan_diagnostics_files/figure-pdf/neff-ratio-1.pdf  used on input line 74297.
(luatex.def)             Requested size: 433.61894pt x 216.80946pt.

Overfull \hbox (3.55121pt too wide) in paragraph at lines 74297--74298
[][] 
 []

LaTeX Font Info:    Font shape `TU/LibertinusSans(1)/m/n' will be
(Font)              scaled to size 13.42946pt on input line 74310.
LaTeX Font Info:    Font shape `TU/LibertinusSans(1)/m/n' will be
(Font)              scaled to size 9.32602pt on input line 74310.
LaTeX Font Info:    Font shape `TU/LibertinusSans(1)/m/n' will be
(Font)              scaled to size 6.52821pt on input line 74310.
[1024<./chapters/appendix/a44_stan_diagnostics_files/figure-pdf/neff-ratio-1.pdf>]
<chapters/appendix/a44_stan_diagnostics_files/figure-pdf/rhat-plot-1.pdf, id=7255, 433.62pt x 216.81pt>
File: chapters/appendix/a44_stan_diagnostics_files/figure-pdf/rhat-plot-1.pdf Graphic file (type pdf)
<use chapters/appendix/a44_stan_diagnostics_files/figure-pdf/rhat-plot-1.pdf>
Package luatex.def Info: chapters/appendix/a44_stan_diagnostics_files/figure-pdf/rhat-plot-1.pdf  used on input line 74380.
(luatex.def)             Requested size: 433.61894pt x 216.80946pt.

Overfull \hbox (3.55121pt too wide) in paragraph at lines 74380--74381
[][] 
 []

[1025]
LaTeX Font Info:    Font shape `TU/LibertinusSans(1)/m/n' will be
(Font)              scaled to size 11.19122pt on input line 74383.
LaTeX Font Info:    Font shape `TU/LibertinusSans(1)/m/n' will be
(Font)              scaled to size 7.46082pt on input line 74383.
[1026<./chapters/appendix/a44_stan_diagnostics_files/figure-pdf/rhat-plot-1.pdf>] [1027]
Missing character: There is no θ (U+03B8) in font [lmmono10-regular]:!
Missing character: There is no θ (U+03B8) in font [lmmono10-regular]:!
Missing character: There is no θ (U+03B8) in font [lmmono10-regular]:!
[1028
Missing character: There is no θ (U+03B8) in font [lmmono10-regular]:!
Missing character: There is no θ (U+03B8) in font [lmmono10-regular]:!
] [1029]
<chapters/appendix/a44_stan_diagnostics_files/figure-pdf/bfmi-plot-1.pdf, id=7305, 578.16pt x 289.08pt>
File: chapters/appendix/a44_stan_diagnostics_files/figure-pdf/bfmi-plot-1.pdf Graphic file (type pdf)
<use chapters/appendix/a44_stan_diagnostics_files/figure-pdf/bfmi-plot-1.pdf>
Package luatex.def Info: chapters/appendix/a44_stan_diagnostics_files/figure-pdf/bfmi-plot-1.pdf  used on input line 74661.
(luatex.def)             Requested size: 578.15858pt x 289.07928pt.

Overfull \hbox (10.94403pt too wide) in paragraph at lines 74661--74662
[][] 
 []

[1030<./chapters/appendix/a44_stan_diagnostics_files/figure-pdf/bfmi-plot-1.pdf>] [1031] [1032]
Missing character: There is no ☐ (U+2610) in font "name:Libertinus Serif:mode=node;script=latn;language=ITA;+tlig;family=rm;"!
Missing character: There is no ☐ (U+2610) in font "name:Libertinus Serif:mode=node;script=latn;language=ITA;+tlig;family=rm;"!
Missing character: There is no ☐ (U+2610) in font "name:Libertinus Serif:mode=node;script=latn;language=ITA;+tlig;family=rm;"!
Missing character: There is no ☐ (U+2610) in font "name:Libertinus Serif:mode=node;script=latn;language=ITA;+tlig;family=rm;"!
Missing character: There is no ☐ (U+2610) in font "name:Libertinus Serif:mode=node;script=latn;language=ITA;+tlig;family=rm;"!
Missing character: There is no ☐ (U+2610) in font "name:Libertinus Serif:mode=node;script=latn;language=ITA;+tlig;family=rm;"!
Missing character: There is no ☐ (U+2610) in font "name:Libertinus Serif:mode=node;script=latn;language=ITA;+tlig;family=rm;"!
Missing character: There is no ☐ (U+2610) in font "name:Libertinus Serif:mode=node;script=latn;language=ITA;+tlig;family=rm;"!
Missing character: There is no ☐ (U+2610) in font "name:Libertinus Serif:mode=node;script=latn;language=ITA;+tlig;family=rm;"!
Missing character: There is no ☐ (U+2610) in font "name:Libertinus Serif:mode=node;script=latn;language=ITA;+tlig;family=rm;"!
Missing character: There is no ☐ (U+2610) in font "name:Libertinus Serif:mode=node;script=latn;language=ITA;+tlig;family=rm;"!
Missing character: There is no ☐ (U+2610) in font "name:Libertinus Serif:mode=node;script=latn;language=ITA;+tlig;family=rm;"!
Missing character: There is no ☐ (U+2610) in font "name:Libertinus Serif:mode=node;script=latn;language=ITA;+tlig;family=rm;"!
Missing character: There is no ☐ (U+2610) in font "name:Libertinus Serif:mode=node;script=latn;language=ITA;+tlig;family=rm;"!
Missing character: There is no ☐ (U+2610) in font "name:Libertinus Serif:mode=node;script=latn;language=ITA;+tlig;family=rm;"!
Missing character: There is no ☐ (U+2610) in font "name:Libertinus Serif:mode=node;script=latn;language=ITA;+tlig;family=rm;"!
Missing character: There is no ☐ (U+2610) in font "name:Libertinus Serif:mode=node;script=latn;language=ITA;+tlig;family=rm;"!
Missing character: There is no ☐ (U+2610) in font "name:Libertinus Serif:mode=node;script=latn;language=ITA;+tlig;family=rm;"!
Missing character: There is no ☐ (U+2610) in font "name:Libertinus Serif:mode=node;script=latn;language=ITA;+tlig;family=rm;"!
Missing character: There is no ☐ (U+2610) in font "name:Libertinus Serif:mode=node;script=latn;language=ITA;+tlig;family=rm;"!
Missing character: There is no ☐ (U+2610) in font "name:Libertinus Serif:mode=node;script=latn;language=ITA;+tlig;family=rm;"!
Missing character: There is no ☐ (U+2610) in font "name:Libertinus Serif:mode=node;script=latn;language=ITA;+tlig;family=rm;"!
Missing character: There is no ☐ (U+2610) in font "name:Libertinus Serif:mode=node;script=latn;language=ITA;+tlig;family=rm;"!
Missing character: There is no ☐ (U+2610) in font "name:Libertinus Serif:mode=node;script=latn;language=ITA;+tlig;family=rm;"!
Missing character: There is no ☐ (U+2610) in font "name:Libertinus Serif:mode=node;script=latn;language=ITA;+tlig;family=rm;"!
Missing character: There is no ☐ (U+2610) in font "name:Libertinus Serif:mode=node;script=latn;language=ITA;+tlig;family=rm;"!
Missing character: There is no ☐ (U+2610) in font "name:Libertinus Serif:mode=node;script=latn;language=ITA;+tlig;family=rm;"!
Missing character: There is no ☐ (U+2610) in font "name:Libertinus Serif:mode=node;script=latn;language=ITA;+tlig;family=rm;"!
Missing character: There is no ☐ (U+2610) in font "name:Libertinus Serif:mode=node;script=latn;language=ITA;+tlig;family=rm;"!
Missing character: There is no ☐ (U+2610) in font "name:Libertinus Serif:mode=node;script=latn;language=ITA;+tlig;family=rm;"!
Missing character: There is no ☐ (U+2610) in font "name:Libertinus Serif:mode=node;script=latn;language=ITA;+tlig;family=rm;"!
Missing character: There is no ☐ (U+2610) in font "name:Libertinus Serif:mode=node;script=latn;language=ITA;+tlig;family=rm;"!
Missing character: There is no ☐ (U+2610) in font "name:Libertinus Serif:mode=node;script=latn;language=ITA;+tlig;family=rm;"!
Missing character: There is no ☐ (U+2610) in font "name:Libertinus Serif:mode=node;script=latn;language=ITA;+tlig;family=rm;"!
Missing character: There is no ☐ (U+2610) in font "name:Libertinus Serif:mode=node;script=latn;language=ITA;+tlig;family=rm;"!
Missing character: There is no ☐ (U+2610) in font "name:Libertinus Serif:mode=node;script=latn;language=ITA;+tlig;family=rm;"!
Missing character: There is no ☐ (U+2610) in font "name:Libertinus Serif:mode=node;script=latn;language=ITA;+tlig;family=rm;"!
Missing character: There is no ☐ (U+2610) in font "name:Libertinus Serif:mode=node;script=latn;language=ITA;+tlig;family=rm;"!
Missing character: There is no ☐ (U+2610) in font "name:Libertinus Serif:mode=node;script=latn;language=ITA;+tlig;family=rm;"!
Missing character: There is no ☐ (U+2610) in font "name:Libertinus Serif:mode=node;script=latn;language=ITA;+tlig;family=rm;"!
Missing character: There is no ☐ (U+2610) in font "name:Libertinus Serif:mode=node;script=latn;language=ITA;+tlig;family=rm;"!
Missing character: There is no ☐ (U+2610) in font "name:Libertinus Serif:mode=node;script=latn;language=ITA;+tlig;family=rm;"!
Missing character: There is no ☐ (U+2610) in font "name:Libertinus Serif:mode=node;script=latn;language=ITA;+tlig;family=rm;"!
Missing character: There is no ☐ (U+2610) in font "name:Libertinus Serif:mode=node;script=latn;language=ITA;+tlig;family=rm;"!
Missing character: There is no ☐ (U+2610) in font "name:Libertinus Serif:mode=node;script=latn;language=ITA;+tlig;family=rm;"!
Missing character: There is no ☐ (U+2610) in font "name:Libertinus Serif:mode=node;script=latn;language=ITA;+tlig;family=rm;"!
Missing character: There is no ☐ (U+2610) in font "name:Libertinus Serif:mode=node;script=latn;language=ITA;+tlig;family=rm;"!
Missing character: There is no ☐ (U+2610) in font "name:Libertinus Serif:mode=node;script=latn;language=ITA;+tlig;family=rm;"!
Missing character: There is no ☐ (U+2610) in font "name:Libertinus Serif:mode=node;script=latn;language=ITA;+tlig;family=rm;"!

Overfull \hbox (61.45128pt too wide) in paragraph at lines 74958--74958
[]\TU/lmtt/m/n/10.95 BLAS:   /Library/Frameworks/R.framework/Versions/4.6/Resources/lib/libRblas.0.dylib[] 
 []


Overfull \hbox (199.42125pt too wide) in paragraph at lines 74959--74959
[]\TU/lmtt/m/n/10.95 LAPACK: /Library/Frameworks/R.framework/Versions/4.6/Resources/lib/libRlapack.dylib;  LAPACK version 3.12.1[] 
 []

[1033
Missing character: There is no ☐ (U+2610) in font "name:Libertinus Serif:mode=node;script=latn;language=ITA;+tlig;family=rm;"!
Missing character: There is no ☐ (U+2610) in font "name:Libertinus Serif:mode=node;script=latn;language=ITA;+tlig;family=rm;"!
Missing character: There is no ☐ (U+2610) in font "name:Libertinus Serif:mode=node;script=latn;language=ITA;+tlig;family=rm;"!
Missing character: There is no ☐ (U+2610) in font "name:Libertinus Serif:mode=node;script=latn;language=ITA;+tlig;family=rm;"!
Missing character: There is no ☐ (U+2610) in font "name:Libertinus Serif:mode=node;script=latn;language=ITA;+tlig;family=rm;"!
Missing character: There is no ☐ (U+2610) in font "name:Libertinus Serif:mode=node;script=latn;language=ITA;+tlig;family=rm;"!
Missing character: There is no ☐ (U+2610) in font "name:Libertinus Serif:mode=node;script=latn;language=ITA;+tlig;family=rm;"!
] [1034]
chapter M.
[1035

] [1036]
<chapters/appendix/a45_stan_prior-predictive_files/figure-pdf/gaussian-comparison-1.pdf, id=7375, 578.16pt x 361.35pt>
File: chapters/appendix/a45_stan_prior-predictive_files/figure-pdf/gaussian-comparison-1.pdf Graphic file (type pdf)
<use chapters/appendix/a45_stan_prior-predictive_files/figure-pdf/gaussian-comparison-1.pdf>
Package luatex.def Info: chapters/appendix/a45_stan_prior-predictive_files/figure-pdf/gaussian-comparison-1.pdf  used on input line 75146.
(luatex.def)             Requested size: 578.15858pt x 361.34912pt.

Overfull \hbox (10.94403pt too wide) in paragraph at lines 75146--75147
[][] 
 []

[1037<./chapters/appendix/a45_stan_prior-predictive_files/figure-pdf/gaussian-comparison-1.pdf>] [1038]
<chapters/appendix/a45_stan_prior-predictive_files/figure-pdf/gaussian-stan-plot-1.pdf, id=7395, 505.89pt x 289.08pt>
File: chapters/appendix/a45_stan_prior-predictive_files/figure-pdf/gaussian-stan-plot-1.pdf Graphic file (type pdf)
<use chapters/appendix/a45_stan_prior-predictive_files/figure-pdf/gaussian-stan-plot-1.pdf>
Package luatex.def Info: chapters/appendix/a45_stan_prior-predictive_files/figure-pdf/gaussian-stan-plot-1.pdf  used on input line 75242.
(luatex.def)             Requested size: 505.88875pt x 289.07928pt.

Overfull \hbox (10.95615pt too wide) in paragraph at lines 75242--75243
[][] 
 []

[1039<./chapters/appendix/a45_stan_prior-predictive_files/figure-pdf/gaussian-stan-plot-1.pdf>]
<chapters/appendix/a45_stan_prior-predictive_files/figure-pdf/linear-comparison-1.pdf, id=7411, 578.16pt x 361.35pt>
File: chapters/appendix/a45_stan_prior-predictive_files/figure-pdf/linear-comparison-1.pdf Graphic file (type pdf)
<use chapters/appendix/a45_stan_prior-predictive_files/figure-pdf/linear-comparison-1.pdf>
Package luatex.def Info: chapters/appendix/a45_stan_prior-predictive_files/figure-pdf/linear-comparison-1.pdf  used on input line 75310.
(luatex.def)             Requested size: 578.15858pt x 361.34912pt.

Overfull \hbox (10.94403pt too wide) in paragraph at lines 75310--75311
[][] 
 []

[1040<./chapters/appendix/a45_stan_prior-predictive_files/figure-pdf/linear-comparison-1.pdf>]
<chapters/appendix/a45_stan_prior-predictive_files/figure-pdf/linear-lines-plot-1.pdf, id=7426, 578.16pt x 361.35pt>
File: chapters/appendix/a45_stan_prior-predictive_files/figure-pdf/linear-lines-plot-1.pdf Graphic file (type pdf)
<use chapters/appendix/a45_stan_prior-predictive_files/figure-pdf/linear-lines-plot-1.pdf>
Package luatex.def Info: chapters/appendix/a45_stan_prior-predictive_files/figure-pdf/linear-lines-plot-1.pdf  used on input line 75358.
(luatex.def)             Requested size: 578.15858pt x 361.34912pt.

Overfull \hbox (10.94403pt too wide) in paragraph at lines 75358--75359
[][] 
 []


Underfull \vbox (badness 10000) has occurred while \output is active []

[1041] [1042<./chapters/appendix/a45_stan_prior-predictive_files/figure-pdf/linear-lines-plot-1.pdf>]
<chapters/appendix/a45_stan_prior-predictive_files/figure-pdf/linear-stan-plot-1.pdf, id=7443, 505.89pt x 289.08pt>
File: chapters/appendix/a45_stan_prior-predictive_files/figure-pdf/linear-stan-plot-1.pdf Graphic file (type pdf)
<use chapters/appendix/a45_stan_prior-predictive_files/figure-pdf/linear-stan-plot-1.pdf>
Package luatex.def Info: chapters/appendix/a45_stan_prior-predictive_files/figure-pdf/linear-stan-plot-1.pdf  used on input line 75428.
(luatex.def)             Requested size: 505.88875pt x 289.07928pt.

Overfull \hbox (10.95615pt too wide) in paragraph at lines 75428--75429
[][] 
 []


Underfull \vbox (badness 10000) has occurred while \output is active []

[1043<./chapters/appendix/a45_stan_prior-predictive_files/figure-pdf/linear-stan-plot-1.pdf>] [1044]
<chapters/appendix/a45_stan_prior-predictive_files/figure-pdf/logistic-comparison-1.pdf, id=7465, 578.16pt x 361.35pt>
File: chapters/appendix/a45_stan_prior-predictive_files/figure-pdf/logistic-comparison-1.pdf Graphic file (type pdf)
<use chapters/appendix/a45_stan_prior-predictive_files/figure-pdf/logistic-comparison-1.pdf>
Package luatex.def Info: chapters/appendix/a45_stan_prior-predictive_files/figure-pdf/logistic-comparison-1.pdf  used on input line 75505.
(luatex.def)             Requested size: 578.15858pt x 361.34912pt.

Overfull \hbox (10.94403pt too wide) in paragraph at lines 75505--75506
[][] 
 []

[1045<./chapters/appendix/a45_stan_prior-predictive_files/figure-pdf/logistic-comparison-1.pdf>]
<chapters/appendix/a45_stan_prior-predictive_files/figure-pdf/logistic-stan-plot-1.pdf, id=7479, 505.89pt x 289.08pt>
File: chapters/appendix/a45_stan_prior-predictive_files/figure-pdf/logistic-stan-plot-1.pdf Graphic file (type pdf)
<use chapters/appendix/a45_stan_prior-predictive_files/figure-pdf/logistic-stan-plot-1.pdf>
Package luatex.def Info: chapters/appendix/a45_stan_prior-predictive_files/figure-pdf/logistic-stan-plot-1.pdf  used on input line 75596.
(luatex.def)             Requested size: 505.88875pt x 289.07928pt.

Overfull \hbox (10.95615pt too wide) in paragraph at lines 75596--75597
[][] 
 []


Underfull \vbox (badness 10000) has occurred while \output is active []

[1046]

Package longtable Warning: Column widths have changed
(longtable)                in none 65 on input line 75626.

[1047<./chapters/appendix/a45_stan_prior-predictive_files/figure-pdf/logistic-stan-plot-1.pdf>] [1048]

LaTeX Warning: Reference `sec-apx-posterior-predictive' on page 1049 undefined on input line 75768.


Overfull \hbox (61.45128pt too wide) in paragraph at lines 75785--75785
[]\TU/lmtt/m/n/10.95 BLAS:   /Library/Frameworks/R.framework/Versions/4.6/Resources/lib/libRblas.0.dylib[] 
 []


Overfull \hbox (199.42125pt too wide) in paragraph at lines 75786--75786
[]\TU/lmtt/m/n/10.95 LAPACK: /Library/Frameworks/R.framework/Versions/4.6/Resources/lib/libRlapack.dylib;  LAPACK version 3.12.1[] 
 []


Underfull \vbox (badness 2903) has occurred while \output is active []

[1049] [1050]
chapter N.

LaTeX Warning: Reference `sec-apx-prior-predictive-check' on page 1051 undefined on input line 75850.

[1051

] [1052] [1053]
<chapters/appendix/a46_stan_posterior_predictive_files/figure-pdf/ppc-dens-overlay-1.pdf, id=7544, 505.89pt x 361.35pt>
File: chapters/appendix/a46_stan_posterior_predictive_files/figure-pdf/ppc-dens-overlay-1.pdf Graphic file (type pdf)
<use chapters/appendix/a46_stan_posterior_predictive_files/figure-pdf/ppc-dens-overlay-1.pdf>
Package luatex.def Info: chapters/appendix/a46_stan_posterior_predictive_files/figure-pdf/ppc-dens-overlay-1.pdf  used on input line 76084.
(luatex.def)             Requested size: 505.88875pt x 361.34912pt.

Overfull \hbox (10.95615pt too wide) in paragraph at lines 76084--76085
[][] 
 []

[1054<./chapters/appendix/a46_stan_posterior_predictive_files/figure-pdf/ppc-dens-overlay-1.pdf>]
<chapters/appendix/a46_stan_posterior_predictive_files/figure-pdf/ppc-stat-mean-1.pdf, id=7558, 433.62pt x 289.08pt>
File: chapters/appendix/a46_stan_posterior_predictive_files/figure-pdf/ppc-stat-mean-1.pdf Graphic file (type pdf)
<use chapters/appendix/a46_stan_posterior_predictive_files/figure-pdf/ppc-stat-mean-1.pdf>
Package luatex.def Info: chapters/appendix/a46_stan_posterior_predictive_files/figure-pdf/ppc-stat-mean-1.pdf  used on input line 76122.
(luatex.def)             Requested size: 433.61894pt x 289.07928pt.

Overfull \hbox (3.55121pt too wide) in paragraph at lines 76122--76123
[][] 
 []

<chapters/appendix/a46_stan_posterior_predictive_files/figure-pdf/ppc-stat-sd-1.pdf, id=7559, 433.62pt x 289.08pt>
File: chapters/appendix/a46_stan_posterior_predictive_files/figure-pdf/ppc-stat-sd-1.pdf Graphic file (type pdf)
<use chapters/appendix/a46_stan_posterior_predictive_files/figure-pdf/ppc-stat-sd-1.pdf>
Package luatex.def Info: chapters/appendix/a46_stan_posterior_predictive_files/figure-pdf/ppc-stat-sd-1.pdf  used on input line 76133.
(luatex.def)             Requested size: 433.61894pt x 289.07928pt.

Overfull \hbox (3.55121pt too wide) in paragraph at lines 76133--76134
[][] 
 []

[1055<./chapters/appendix/a46_stan_posterior_predictive_files/figure-pdf/ppc-stat-mean-1.pdf>]
<chapters/appendix/a46_stan_posterior_predictive_files/figure-pdf/ppc-stat-q95-1.pdf, id=7574, 433.62pt x 289.08pt>
File: chapters/appendix/a46_stan_posterior_predictive_files/figure-pdf/ppc-stat-q95-1.pdf Graphic file (type pdf)
<use chapters/appendix/a46_stan_posterior_predictive_files/figure-pdf/ppc-stat-q95-1.pdf>
Package luatex.def Info: chapters/appendix/a46_stan_posterior_predictive_files/figure-pdf/ppc-stat-q95-1.pdf  used on input line 76144.
(luatex.def)             Requested size: 433.61894pt x 289.07928pt.

Overfull \hbox (3.55121pt too wide) in paragraph at lines 76144--76145
[][] 
 []

[1056<./chapters/appendix/a46_stan_posterior_predictive_files/figure-pdf/ppc-stat-sd-1.pdf><./chapters/appendix/a46_stan_posterior_predictive_files/figure-pdf/ppc-stat-q95-1.pdf>]
<chapters/appendix/a46_stan_posterior_predictive_files/figure-pdf/ppc-intervals-1.pdf, id=7593, 578.16pt x 361.35pt>
File: chapters/appendix/a46_stan_posterior_predictive_files/figure-pdf/ppc-intervals-1.pdf Graphic file (type pdf)
<use chapters/appendix/a46_stan_posterior_predictive_files/figure-pdf/ppc-intervals-1.pdf>
Package luatex.def Info: chapters/appendix/a46_stan_posterior_predictive_files/figure-pdf/ppc-intervals-1.pdf  used on input line 76165.
(luatex.def)             Requested size: 578.15858pt x 361.34912pt.

Overfull \hbox (10.94403pt too wide) in paragraph at lines 76165--76166
[][] 
 []

<chapters/appendix/a46_stan_posterior_predictive_files/figure-pdf/ppc-hist-1.pdf, id=7594, 578.16pt x 433.62pt>
File: chapters/appendix/a46_stan_posterior_predictive_files/figure-pdf/ppc-hist-1.pdf Graphic file (type pdf)
<use chapters/appendix/a46_stan_posterior_predictive_files/figure-pdf/ppc-hist-1.pdf>
Package luatex.def Info: chapters/appendix/a46_stan_posterior_predictive_files/figure-pdf/ppc-hist-1.pdf  used on input line 76183.
(luatex.def)             Requested size: 578.15858pt x 433.61894pt.

Overfull \hbox (10.94403pt too wide) in paragraph at lines 76183--76184
[][] 
 []

[1057<./chapters/appendix/a46_stan_posterior_predictive_files/figure-pdf/ppc-intervals-1.pdf>]

LaTeX Warning: Reference `sec-apx-prior-predictive-check' on page 1058 undefined on input line 76211.

[1058<./chapters/appendix/a46_stan_posterior_predictive_files/figure-pdf/ppc-hist-1.pdf>] [1059]
<chapters/appendix/a46_stan_posterior_predictive_files/figure-pdf/ppc-sigma-1.pdf, id=7628, 505.89pt x 361.35pt>
File: chapters/appendix/a46_stan_posterior_predictive_files/figure-pdf/ppc-sigma-1.pdf Graphic file (type pdf)
<use chapters/appendix/a46_stan_posterior_predictive_files/figure-pdf/ppc-sigma-1.pdf>
Package luatex.def Info: chapters/appendix/a46_stan_posterior_predictive_files/figure-pdf/ppc-sigma-1.pdf  used on input line 76350.
(luatex.def)             Requested size: 505.88875pt x 361.34912pt.

Overfull \hbox (10.95615pt too wide) in paragraph at lines 76350--76351
[][] 
 []

[1060] [1061<./chapters/appendix/a46_stan_posterior_predictive_files/figure-pdf/ppc-sigma-1.pdf>]
Overfull \hbox (61.45128pt too wide) in paragraph at lines 76431--76431
[]\TU/lmtt/m/n/10.95 BLAS:   /Library/Frameworks/R.framework/Versions/4.6/Resources/lib/libRblas.0.dylib[] 
 []


Overfull \hbox (199.42125pt too wide) in paragraph at lines 76432--76432
[]\TU/lmtt/m/n/10.95 LAPACK: /Library/Frameworks/R.framework/Versions/4.6/Resources/lib/libRlapack.dylib;  LAPACK version 3.12.1[] 
 []

[1062]
chapter O.
[1063

]
Underfull \hbox (badness 10000) in paragraph at lines 76545--76547

 []


Underfull \hbox (badness 10000) in paragraph at lines 76561--76563

 []

<chapters/appendix/../../figures/linear_function.png, id=7664, 627.34375pt x 444.66125pt>
File: chapters/appendix/../../figures/linear_function.png Graphic file (type png)
<use chapters/appendix/../../figures/linear_function.png>
Package luatex.def Info: chapters/appendix/../../figures/linear_function.png  used on input line 76574.
(luatex.def)             Requested size: 308.72212pt x 218.82224pt.
[1064<./chapters/appendix/../../figures/linear_function.png>]
chapter P.

LaTeX Warning: Reference `sec-multiple-regression' on page 1065 undefined on input line 76595.

[1065

]

LaTeX Warning: Reference `sec-multiple-regression' on page 1066 undefined on input line 76772.

[1066]
chapter Q.

LaTeX Warning: Reference `sec-apx-lin-func' on page 1067 undefined on input line 76850.


LaTeX Warning: Citation `ref-alter2025navigating' on page 1067 undefined on input line 76855.


LaTeX Warning: Citation `ref-schervish2014probability' on page 1067 undefined on input line 76858.

[1067

]

LaTeX Warning: Reference `sec-apx-lin-func' on page 1068 undefined on input line 76886.

[1068]

LaTeX Warning: Citation `ref-gelman2021regression' on page 1069 undefined on input line 76951.

[1069]

LaTeX Warning: Citation `ref-gelman2021regression' on page 1070 undefined on input line 77073.

[1070]
<chapters/appendix/a52_reglin_frequentist_files/figure-pdf/unnamed-chunk-4-1.png, id=7715, 505.89pt x 312.4473pt>
File: chapters/appendix/a52_reglin_frequentist_files/figure-pdf/unnamed-chunk-4-1.png Graphic file (type png)
<use chapters/appendix/a52_reglin_frequentist_files/figure-pdf/unnamed-chunk-4-1.png>
Package luatex.def Info: chapters/appendix/a52_reglin_frequentist_files/figure-pdf/unnamed-chunk-4-1.png  used on input line 77120.
(luatex.def)             Requested size: 374.87764pt x 231.53156pt.
! Missing $ inserted.
<inserted text> 
$
l.77142 \text{kid_score}
                      _i = a + b \cdot \text{mom_iq}_i + e_i, \quad i = 1, \...

Here is how much of LuaTeX's memory you used:
 54651 strings out of 475704
 16945342,2848258 words of node,token memory allocated
 317491 words of node memory still in use:
   93 hlist, 7 vlist, 11 rule, 102 disc, 12 local_par, 9 dir, 4 math, 501 glue, 82 kern, 76 penalty, 1 choice, 1 noad, 1 math_char, 8 margin_kern, 947 glyph, 113697 attribute, 71 glue_spec, 37910 attribute_list, 4 temp, 4 write, 1 user_defined, 2 pdf_dest, 33 pdf_action, 130 pdf_colorstack, 1 pdf_setmatrix, 1 pdf_save, 1 pdf_restore nodes
   avail lists: 1:15,2:2377311,3:29339,4:58109,5:29414,6:187,7:1102476,8:75,9:58323,10:46,11:2179,12:1
 72306 multiletter control sequences out of 65536+600000
 210 fonts using 80114035 bytes
 108i,21n,122p,11226b,1189s stack positions out of 10000i,1000n,20000p,200000b,200000s
!  ==> Fatal error occurred, no output PDF file produced!
